file,m_A (Msun),m_B (Msun),e,apapse,m_P (Msun),l (rad),a (AU),t_stop (day),stability,delta_r
orbit_a0.10.bin,1.0,9.000000000000002,0.1,True,0.0,4.712388980384691,0.1,1155043.7297997407,ST,0.03100991399816037
orbit_a0.11.bin,1.0,9.000000000000002,0.1,True,0.0,4.712388980384691,0.11,1155043.7297997407,ST,0.04305856843754654
orbit_a0.12.bin,1.0,9.000000000000002,0.1,True,0.0,4.712388980384691,0.12,1155043.7297997407,ST,0.07982901967300794
orbit_a0.13.bin,1.0,9.000000000000002,0.1,True,0.0,4.712388980384691,0.13,639.3988490017193,CA,
