file,m_A (Msun),m_B (Msun),e,apapse,m_P (Msun),l (rad),a (AU),t_stop (day),stability,delta_r
orbit_p0.0300.bin,1.0,0.6666666666666667,0.8,False,0.0,0.0,0.03,2829267.7686104896,ST,0.05965024696203103
orbit_p0.0400.bin,1.0,0.6666666666666667,0.8,False,0.0,0.0,0.04,2829267.7686104896,ST,0.07278727667393675
orbit_p0.0500.bin,1.0,0.6666666666666667,0.8,False,0.0,0.0,0.05,415359.25381862617,CA,
orbit_p0.0600.bin,1.0,0.6666666666666667,0.8,False,0.0,0.0,0.06,19798.152445811116,CA,
