file,m_A (Msun),m_B (Msun),e,apapse,m_P (Msun),l (rad),a (AU),t_stop (day),stability,delta_r
orbit_p0.17.bin,1.0,1.0,0.3,False,0.0,5.497787143782138,0.17,2582756.29681712,ST,0.06318294470138008
orbit_p0.18.bin,1.0,1.0,0.3,False,0.0,5.497787143782138,0.18,2582756.29681712,ST,0.07639241019616257
orbit_p0.19.bin,1.0,1.0,0.3,False,0.0,5.497787143782138,0.19,126774.35758881086,CA,
orbit_p0.20.bin,1.0,1.0,0.3,False,0.0,5.497787143782138,0.2,51405.1987459529,CA,
