file,m_A (Msun),m_B (Msun),e,apapse,m_P (Msun),l (rad),a (AU),t_stop (day),stability,delta_r
orbit_a0.17.bin,1.0,1.0,0.3,True,0.0,5.497787143782138,0.17,2582756.29681712,ST,0.041912069371680745
orbit_a0.18.bin,1.0,1.0,0.3,True,0.0,5.497787143782138,0.18,2582756.29681712,ST,0.03715806525286322
orbit_a0.19.bin,1.0,1.0,0.3,True,0.0,5.497787143782138,0.19,971500.7329848608,CA,
orbit_a0.20.bin,1.0,1.0,0.3,True,0.0,5.497787143782138,0.2,1440067.0678951468,CA,
