file,m_A (Msun),m_B (Msun),e,apapse,m_P (Msun),l (rad),a (AU),t_stop (day),stability,delta_r
orbit_a0.1400.bin,1.0,4.0,0.1,True,0.0,4.712388980384691,0.14,1633478.507816798,ST,0.04120426429424818
orbit_a0.1500.bin,1.0,4.0,0.1,True,0.0,4.712388980384691,0.15,1633478.507816798,ST,0.055286134524194196
orbit_a0.1600.bin,1.0,4.0,0.1,True,0.0,4.712388980384691,0.16,1633478.507816798,ST,0.13640055114589184
orbit_a0.1700.bin,1.0,4.0,0.1,True,0.0,4.712388980384691,0.17,1452.9802686230305,CA,
