file,m_A (Msun),m_B (Msun),e,apapse,m_P (Msun),l (rad),a (AU),t_stop (day),stability,delta_r
orbit_p0.1100.bin,1.0,4.0,0.2,False,0.000954594233969325,1.5707963267948966,0.11,1633478.507816798,ST,0.041729597391195514
orbit_p0.1200.bin,1.0,4.0,0.2,False,0.000954594233969325,1.5707963267948966,0.12,1633478.507816798,ST,0.05931801401958225
orbit_p0.1300.bin,1.0,4.0,0.2,False,0.000954594233969325,1.5707963267948966,0.13,1633478.507816798,ST,0.0880557003050537
orbit_p0.1400.bin,1.0,4.0,0.2,False,0.000954594233969325,1.5707963267948966,0.14,35558.602729932725,CB,
orbit_p0.1500.bin,1.0,4.0,0.2,False,0.000954594233969325,1.5707963267948966,0.15,1522.936613735372,CB,
