file,m_A (Msun),m_B (Msun),e,apapse,m_P (Msun),l (rad),a (AU),t_stop (day),stability,delta_r
orbit_p0.2600.bin,1.0,0.11111111111111112,0.3,False,0.000954594233969325,4.712388980384691,0.26,3465131.189399222,ST,0.08299557437819545
orbit_p0.2700.bin,1.0,0.11111111111111112,0.3,False,0.000954594233969325,4.712388980384691,0.27,3465131.189399222,ST,0.05795762972800331
orbit_p0.2800.bin,1.0,0.11111111111111112,0.3,False,0.000954594233969325,4.712388980384691,0.28,3465131.189399222,ST,0.055479160123296116
orbit_p0.2900.bin,1.0,0.11111111111111112,0.3,False,0.000954594233969325,4.712388980384691,0.29000000000000004,1377481.1958378763,CA,
orbit_p0.3000.bin,1.0,0.11111111111111112,0.3,False,0.000954594233969325,4.712388980384691,0.30000000000000004,1858905.8942050098,CA,
