file,m_A (Msun),m_B (Msun),e,apapse,m_P (Msun),l (rad),a (AU),t_stop (day),stability,delta_r
orbit_a0.0300.bin,1.0,0.11111111111111112,0.8,True,0.000954594233969325,0.0,0.03,3465131.189399222,ST,0.06631773427613236
orbit_a0.0400.bin,1.0,0.11111111111111112,0.8,True,0.000954594233969325,0.0,0.04,3465131.189399222,ST,0.08567809193968975
orbit_a0.0500.bin,1.0,0.11111111111111112,0.8,True,0.000954594233969325,0.0,0.05,3465131.189399222,ST,0.09838370215422158
orbit_a0.0600.bin,1.0,0.11111111111111112,0.8,True,0.000954594233969325,0.0,0.06000000000000001,1127974.0293955444,CA,
orbit_a0.0700.bin,1.0,0.11111111111111112,0.8,True,0.000954594233969325,0.0,0.07,703831.6943768396,CA,
