file,m_A (Msun),m_B (Msun),e,apapse,m_P (Msun),l (rad),a (AU),t_stop (day),stability,delta_r
orbit_a0.2800.bin,1.0,0.6666666666666667,0.0,True,0.028637827019079756,0.0,0.28,2829267.7686104896,ST,0.04339119625814005
orbit_a0.2900.bin,1.0,0.6666666666666667,0.0,True,0.028637827019079756,0.0,0.29,2829267.7686104896,ST,0.04884963307674948
orbit_a0.3000.bin,1.0,0.6666666666666667,0.0,True,0.028637827019079756,0.0,0.3,2829267.7686104896,ST,0.054088046566402606
orbit_a0.3100.bin,1.0,0.6666666666666667,0.0,True,0.028637827019079756,0.0,0.31,2829267.7686104896,ST,0.059920961560093904
orbit_a0.3200.bin,1.0,0.6666666666666667,0.0,True,0.028637827019079756,0.0,0.32,2829267.7686104896,ST,0.060315604585885564
