file,m_A (Msun),m_B (Msun),e,apapse,m_P (Msun),l (rad),a (AU),t_stop (day),stability,delta_r
orbit_p0.0700.bin,1.0,1.4999999999999998,0.6,False,0.0,3.1415926535897927,0.07,2310087.4595994814,ST,0.03837239678406287
orbit_p0.0800.bin,1.0,1.4999999999999998,0.6,False,0.0,3.1415926535897927,0.08,2310087.4595994814,ST,0.03525686855306138
orbit_p0.0900.bin,1.0,1.4999999999999998,0.6,False,0.0,3.1415926535897927,0.09,2310087.4595994814,ST,0.04147536384761924
orbit_p0.1000.bin,1.0,1.4999999999999998,0.6,False,0.0,3.1415926535897927,0.1,49914.954380446405,CA,
