file,m_A (Msun),m_B (Msun),e,apapse,m_P (Msun),l (rad),a (AU),t_stop (day),stability,delta_r
orbit_p0.0900.bin,1.0,0.6666666666666667,0.6,False,0.0,1.5707963267948966,0.09,2829267.7686104896,ST,0.06256980520520548
orbit_p0.1000.bin,1.0,0.6666666666666667,0.6,False,0.0,1.5707963267948966,0.1,2829267.7686104896,ST,0.0876004077559388
orbit_p0.1100.bin,1.0,0.6666666666666667,0.6,False,0.0,1.5707963267948966,0.11,39351.738771125754,CA,
orbit_p0.1200.bin,1.0,0.6666666666666667,0.6,False,0.0,1.5707963267948966,0.12,326492.7149790928,CA,
