file,m_A (Msun),m_B (Msun),e,apapse,m_P (Msun),l (rad),a (AU),t_stop (day),stability,delta_r
orbit_a0.0900.bin,1.0,0.6666666666666667,0.6,True,0.0,1.5707963267948966,0.09,2829267.7686104896,ST,0.061491571560775796
orbit_a0.1000.bin,1.0,0.6666666666666667,0.6,True,0.0,1.5707963267948966,0.1,2829267.7686104896,ST,0.06116333681114032
orbit_a0.1100.bin,1.0,0.6666666666666667,0.6,True,0.0,1.5707963267948966,0.11,112534.24623015591,CB,
orbit_a0.1200.bin,1.0,0.6666666666666667,0.6,True,0.0,1.5707963267948966,0.12,48230.49719600818,CA,
