file,m_A (Msun),m_B (Msun),e,apapse,m_P (Msun),l (rad),a (AU),t_stop (day),stability,delta_r
orbit_p0.0900.bin,1.0,0.4285714285714286,0.6,False,0.000954594233969325,3.1415926535897927,0.09,3055958.462454599,ST,0.059500754784998444
orbit_p0.1000.bin,1.0,0.4285714285714286,0.6,False,0.000954594233969325,3.1415926535897927,0.1,3055958.462454599,ST,0.05861289587384166
orbit_p0.1100.bin,1.0,0.4285714285714286,0.6,False,0.000954594233969325,3.1415926535897927,0.11,3055958.462454599,ST,0.04935797322984903
orbit_p0.1200.bin,1.0,0.4285714285714286,0.6,False,0.000954594233969325,3.1415926535897927,0.12,3055958.462454599,ST,0.044422297091576655
orbit_p0.1300.bin,1.0,0.4285714285714286,0.6,False,0.000954594233969325,3.1415926535897927,0.13,219934.8586932011,CA,
