file,m_A (Msun),m_B (Msun),e,apapse,m_P (Msun),l (rad),a (AU),t_stop (day),stability,delta_r
orbit_p0.2800.bin,1.0,0.4285714285714286,0.1,False,0.028637827019079756,0.0,0.28,3055958.462454599,ST,0.045266521497422454
orbit_p0.2900.bin,1.0,0.4285714285714286,0.1,False,0.028637827019079756,0.0,0.29,3055958.462454599,ST,0.05392830316429138
orbit_p0.3000.bin,1.0,0.4285714285714286,0.1,False,0.028637827019079756,0.0,0.3,3055958.462454599,ST,0.05272380341972927
orbit_p0.3100.bin,1.0,0.4285714285714286,0.1,False,0.028637827019079756,0.0,0.31,3055958.462454599,ST,0.059536286134132685
orbit_p0.3200.bin,1.0,0.4285714285714286,0.1,False,0.028637827019079756,0.0,0.32,3055958.462454599,ST,0.07049395604452725
