file,m_A (Msun),m_B (Msun),e,apapse,m_P (Msun),l (rad),a (AU),t_stop (day),stability,delta_r
orbit_a0.2800.bin,1.0,0.4285714285714286,0.1,True,0.028637827019079756,0.0,0.28,3055958.462454599,ST,0.028315171995342742
orbit_a0.2900.bin,1.0,0.4285714285714286,0.1,True,0.028637827019079756,0.0,0.29,3055958.462454599,ST,0.03103069641243701
orbit_a0.3000.bin,1.0,0.4285714285714286,0.1,True,0.028637827019079756,0.0,0.3,3055958.462454599,ST,0.0304833071905612
orbit_a0.3100.bin,1.0,0.4285714285714286,0.1,True,0.028637827019079756,0.0,0.31,3055958.462454599,ST,0.03701606217860423
orbit_a0.3200.bin,1.0,0.4285714285714286,0.1,True,0.028637827019079756,0.0,0.32,232392.92987578336,CA,
