file,m_A (Msun),m_B (Msun),e,apapse,m_P (Msun),l (rad),a (AU),t_stop (day),stability,delta_r
orbit_a0.1400.bin,1.0,0.25,0.5,True,0.028637827019079756,0.0,0.14,3266957.015633596,ST,0.05578551574157594
orbit_a0.1500.bin,1.0,0.25,0.5,True,0.028637827019079756,0.0,0.15,3266957.015633596,ST,0.06253185839939623
orbit_a0.1600.bin,1.0,0.25,0.5,True,0.028637827019079756,0.0,0.16,1404389.4095454512,CA,
orbit_a0.1700.bin,1.0,0.25,0.5,True,0.028637827019079756,0.0,0.17,477898.858304174,CA,
orbit_a0.1800.bin,1.0,0.25,0.5,True,0.028637827019079756,0.0,0.18,169069.03089069735,CA,
