file,m_A (Msun),m_B (Msun),e,apapse,m_P (Msun),l (rad),a (AU),t_stop (day),stability,delta_r
orbit_a0.1800.bin,1.0,2.333333333333333,0.0,True,0.028637827019079756,3.1415926535897927,0.18000000000000002,2000594.4249770087,ST,0.02657518714799441
orbit_a0.1900.bin,1.0,2.333333333333333,0.0,True,0.028637827019079756,3.1415926535897927,0.19,2000594.4249770087,ST,0.03156704460115213
orbit_a0.2000.bin,1.0,2.333333333333333,0.0,True,0.028637827019079756,3.1415926535897927,0.2,2000594.4249770087,ST,0.03809168853473582
orbit_a0.2100.bin,1.0,2.333333333333333,0.0,True,0.028637827019079756,3.1415926535897927,0.21,2000594.4249770087,ST,0.04551643079892226
orbit_a0.2200.bin,1.0,2.333333333333333,0.0,True,0.028637827019079756,3.1415926535897927,0.22,2000594.4249770087,ST,0.053646197211505695
