file,m_A (Msun),m_B (Msun),e,apapse,m_P (Msun),l (rad),a (AU),t_stop (day),stability,delta_r
orbit_p0.13.bin,1.0,2.333333333333333,0.3,False,0.0,4.712388980384691,0.13,2000594.4249770087,ST,0.07165818811361903
orbit_p0.14.bin,1.0,2.333333333333333,0.3,False,0.0,4.712388980384691,0.14,2000594.4249770087,ST,0.10403763559060102
orbit_p0.15.bin,1.0,2.333333333333333,0.3,False,0.0,4.712388980384691,0.15,5228.2923492329355,CA,
orbit_p0.16.bin,1.0,2.333333333333333,0.3,False,0.0,4.712388980384691,0.16,1626.919852620168,CA,
