file,m_A (Msun),m_B (Msun),e,apapse,m_P (Msun),l (rad),a (AU),t_stop (day),stability,delta_r
orbit_p0.0900.bin,1.0,9.0,0.1,False,0.000954594233969325,4.712388980384691,0.09,1155043.7297997407,ST,0.03324274597408666
orbit_p0.1000.bin,1.0,9.0,0.1,False,0.000954594233969325,4.712388980384691,0.1,1155043.7297997407,ST,0.052793707420939896
orbit_p0.1100.bin,1.0,9.0,0.1,False,0.000954594233969325,4.712388980384691,0.11,1155043.7297997407,ST,0.08902850266603368
orbit_p0.1200.bin,1.0,9.0,0.1,False,0.000954594233969325,4.712388980384691,0.12,26296.96722192348,CB,
orbit_p0.1300.bin,1.0,9.0,0.1,False,0.000954594233969325,4.712388980384691,0.13,7770.178148231086,EJ,
