file,m_A (Msun),m_B (Msun),e,apapse,m_P (Msun),l (rad),a (AU),t_stop (day),stability,delta_r
orbit_a0.1300.bin,1.0,4.0,0.1,True,0.028637827019079756,3.1415926535897927,0.13,1633478.507816798,ST,0.01506716605306169
orbit_a0.1400.bin,1.0,4.0,0.1,True,0.028637827019079756,3.1415926535897927,0.14,1633478.507816798,ST,0.018661113174586935
orbit_a0.1500.bin,1.0,4.0,0.1,True,0.028637827019079756,3.1415926535897927,0.15,1633478.507816798,ST,0.022453545146425485
orbit_a0.1600.bin,1.0,4.0,0.1,True,0.028637827019079756,3.1415926535897927,0.16,1633478.507816798,ST,0.028820737140451372
orbit_a0.1700.bin,1.0,4.0,0.1,True,0.028637827019079756,3.1415926535897927,0.16999999999999998,1633478.507816798,ST,0.043638464082612245
