file,m_A (Msun),m_B (Msun),e,apapse,m_P (Msun),l (rad),a (AU),t_stop (day),stability,delta_r
orbit_a0.1600.bin,1.0,0.4285714285714286,0.4,True,0.028637827019079756,3.1415926535897927,0.16,3055958.462454599,ST,0.05348913463464534
orbit_a0.1700.bin,1.0,0.4285714285714286,0.4,True,0.028637827019079756,3.1415926535897927,0.16999999999999998,3055958.462454599,ST,0.05960815858465053
orbit_a0.1800.bin,1.0,0.4285714285714286,0.4,True,0.028637827019079756,3.1415926535897927,0.18,3055958.462454599,ST,0.056170660475216856
orbit_a0.1900.bin,1.0,0.4285714285714286,0.4,True,0.028637827019079756,3.1415926535897927,0.19,3055958.462454599,ST,0.02597809733238651
orbit_a0.2000.bin,1.0,0.4285714285714286,0.4,True,0.028637827019079756,3.1415926535897927,0.2,234450.4608803072,CA,
