file,m_A (Msun),m_B (Msun),e,apapse,m_P (Msun),l (rad),a (AU),t_stop (day),stability,delta_r
orbit_p0.13.bin,1.0,0.4285714285714286,0.5,False,0.0,4.712388980384691,0.13,3055958.462454599,ST,0.06928807524157003
orbit_p0.14.bin,1.0,0.4285714285714286,0.5,False,0.0,4.712388980384691,0.14,3055958.462454599,ST,0.06621725511433643
orbit_p0.15.bin,1.0,0.4285714285714286,0.5,False,0.0,4.712388980384691,0.15,921367.826931707,CA,
orbit_p0.16.bin,1.0,0.4285714285714286,0.5,False,0.0,4.712388980384691,0.16,77622.54092898019,CA,
