file,m_A (Msun),m_B (Msun),e,apapse,m_P (Msun),l (rad),a (AU),t_stop (day),stability,delta_r
orbit_a0.13.bin,1.0,0.4285714285714286,0.5,True,0.0,4.712388980384691,0.13,3055958.462454599,ST,0.06328440832902271
orbit_a0.14.bin,1.0,0.4285714285714286,0.5,True,0.0,4.712388980384691,0.14,3055958.462454599,ST,0.0687325782196391
orbit_a0.15.bin,1.0,0.4285714285714286,0.5,True,0.0,4.712388980384691,0.15,2687860.6680509583,CA,
orbit_a0.16.bin,1.0,0.4285714285714286,0.5,True,0.0,4.712388980384691,0.16,106520.88488919506,CA,
