file,m_A (Msun),m_B (Msun),e,apapse,m_P (Msun),l (rad),a (AU),t_stop (day),stability,delta_r
orbit_p0.0600.bin,1.0,1.5,0.6,False,0.000954594233969325,1.5707963267948966,0.06,2310087.4595994814,ST,0.04675795847948686
orbit_p0.0700.bin,1.0,1.5,0.6,False,0.000954594233969325,1.5707963267948966,0.07,2310087.4595994814,ST,0.05202668075223794
orbit_p0.0800.bin,1.0,1.5,0.6,False,0.000954594233969325,1.5707963267948966,0.08,2310087.4595994814,ST,0.07102573187559132
orbit_p0.0900.bin,1.0,1.5,0.6,False,0.000954594233969325,1.5707963267948966,0.09,28902.00204972492,CB,
orbit_p0.1000.bin,1.0,1.5,0.6,False,0.000954594233969325,1.5707963267948966,0.1,12607.108257368225,EJ,
