file,m_A (Msun),m_B (Msun),e,apapse,m_P (Msun),l (rad),a (AU),t_stop (day),stability,delta_r
orbit_p0.08.bin,1.0,2.333333333333333,0.5,False,0.0,1.5707963267948966,0.08,2000594.4249770087,ST,0.04733640002813679
orbit_p0.09.bin,1.0,2.333333333333333,0.5,False,0.0,1.5707963267948966,0.09,2000594.4249770087,ST,0.06502897418846706
orbit_p0.10.bin,1.0,2.333333333333333,0.5,False,0.0,1.5707963267948966,0.1,458759.4315162703,CA,
orbit_p0.11.bin,1.0,2.333333333333333,0.5,False,0.0,1.5707963267948966,0.11,15829.714442349255,CA,
