file,m_A (Msun),m_B (Msun),e,apapse,m_P (Msun),l (rad),a (AU),t_stop (day),stability,delta_r
orbit_a0.08.bin,1.0,2.333333333333333,0.5,True,0.0,1.5707963267948966,0.08,2000594.4249770087,ST,0.0393132361842303
orbit_a0.09.bin,1.0,2.333333333333333,0.5,True,0.0,1.5707963267948966,0.09,2000594.4249770087,ST,0.039050227091458785
orbit_a0.10.bin,1.0,2.333333333333333,0.5,True,0.0,1.5707963267948966,0.1,2000594.4249770087,ST,0.03726953905398201
orbit_a0.11.bin,1.0,2.333333333333333,0.5,True,0.0,1.5707963267948966,0.11,2000594.4249770087,ST,0.04534988144458189
