file,m_A (Msun),m_B (Msun),e,apapse,m_P (Msun),l (rad),a (AU),t_stop (day),stability,delta_r
orbit_a0.1800.bin,1.0,2.333333333333333,0.0,True,0.000954594233969325,0.0,0.18000000000000002,2000594.4249770087,ST,0.040590502470637765
orbit_a0.1900.bin,1.0,2.333333333333333,0.0,True,0.000954594233969325,0.0,0.19,2000594.4249770087,ST,0.049488848657435455
orbit_a0.2000.bin,1.0,2.333333333333333,0.0,True,0.000954594233969325,0.0,0.2,2000594.4249770087,ST,0.06147517688578465
orbit_a0.2100.bin,1.0,2.333333333333333,0.0,True,0.000954594233969325,0.0,0.21,2000594.4249770087,ST,0.08342227892935362
orbit_a0.2200.bin,1.0,2.333333333333333,0.0,True,0.000954594233969325,0.0,0.22,1185.553792241503,CA,
