file,m_A (Msun),m_B (Msun),e,apapse,m_P (Msun),l (rad),a (AU),t_stop (day),stability,delta_r
orbit_p0.1800.bin,1.0,2.333333333333333,0.0,False,0.000954594233969325,0.0,0.18000000000000002,2000594.4249770087,ST,0.02716001938185243
orbit_p0.1900.bin,1.0,2.333333333333333,0.0,False,0.000954594233969325,0.0,0.19,2000594.4249770087,ST,0.03290259901829371
orbit_p0.2000.bin,1.0,2.333333333333333,0.0,False,0.000954594233969325,0.0,0.2,2000594.4249770087,ST,0.03930381720157803
orbit_p0.2100.bin,1.0,2.333333333333333,0.0,False,0.000954594233969325,0.0,0.21,2000594.4249770087,ST,0.047223026341116185
orbit_p0.2200.bin,1.0,2.333333333333333,0.0,False,0.000954594233969325,0.0,0.22,2000594.4249770087,ST,0.05755974696604965
