file,m_A (Msun),m_B (Msun),e,apapse,m_P (Msun),l (rad),a (AU),t_stop (day),stability,delta_r
orbit_p0.1000.bin,1.0,4.0,0.3,False,0.000954594233969325,0.0,0.1,1633478.507816798,ST,0.0381455215490897
orbit_p0.1100.bin,1.0,4.0,0.3,False,0.000954594233969325,0.0,0.11,1633478.507816798,ST,0.04306164371447686
orbit_p0.1200.bin,1.0,4.0,0.3,False,0.000954594233969325,0.0,0.12,1633478.507816798,ST,0.053317447153155
orbit_p0.1300.bin,1.0,4.0,0.3,False,0.000954594233969325,0.0,0.13,1633478.507816798,ST,0.0662401138263575
orbit_p0.1400.bin,1.0,4.0,0.3,False,0.000954594233969325,0.0,0.14,1633478.507816798,ST,0.08274804273297674
