file,m_A (Msun),m_B (Msun),e,apapse,m_P (Msun),l (rad),a (AU),t_stop (day),stability,delta_r
orbit_p0.0900.bin,1.0,9.0,0.1,False,0.028637827019079756,0.0,0.09,1155043.7297997407,ST,0.018409199038362526
orbit_p0.1000.bin,1.0,9.0,0.1,False,0.028637827019079756,0.0,0.1,1155043.7297997407,ST,0.023383677812463748
orbit_p0.1100.bin,1.0,9.0,0.1,False,0.028637827019079756,0.0,0.11,1155043.7297997407,ST,0.029337202099188015
orbit_p0.1200.bin,1.0,9.0,0.1,False,0.028637827019079756,0.0,0.12,1155043.7297997407,ST,0.042594868651871724
orbit_p0.1300.bin,1.0,9.0,0.1,False,0.028637827019079756,0.0,0.13,1155043.7297997407,ST,0.05341622811293063
