file,m_A (Msun),m_B (Msun),e,apapse,m_P (Msun),l (rad),a (AU),t_stop (day),stability,delta_r
orbit_p0.0300.bin,1.0,1.4999999999999998,0.8,False,0.0,1.5707963267948966,0.03,2310087.4595994814,ST,0.052434041296649934
orbit_p0.0350.bin,1.0,1.4999999999999998,0.8,False,0.0,1.5707963267948966,0.035,2310087.4595994814,ST,0.05667633388215795
orbit_p0.0400.bin,1.0,1.4999999999999998,0.8,False,0.0,1.5707963267948966,0.04,355983.09315220173,CA,
orbit_p0.0450.bin,1.0,1.4999999999999998,0.8,False,0.0,1.5707963267948966,0.045,23560.06101565527,CA,
