file,m_A (Msun),m_B (Msun),e,apapse,m_P (Msun),l (rad),a (AU),t_stop (day),stability,delta_r
orbit_a0.0300.bin,1.0,1.4999999999999998,0.8,True,0.0,1.5707963267948966,0.03,2310087.4595994814,ST,0.05124533356628225
orbit_a0.0350.bin,1.0,1.4999999999999998,0.8,True,0.0,1.5707963267948966,0.035,2310087.4595994814,ST,0.05313663546584711
orbit_a0.0400.bin,1.0,1.4999999999999998,0.8,True,0.0,1.5707963267948966,0.04,521046.9754004053,CA,
orbit_a0.0450.bin,1.0,1.4999999999999998,0.8,True,0.0,1.5707963267948966,0.045,113316.12985544176,CA,
