file,m_A (Msun),m_B (Msun),e,apapse,m_P (Msun),l (rad),a (AU),t_stop (day),stability,delta_r
orbit_p0.1000.bin,1.0,4.0,0.3,False,0.000954594233969325,1.5707963267948966,0.1,1633478.507816798,ST,0.04614784914284802
orbit_p0.1100.bin,1.0,4.0,0.3,False,0.000954594233969325,1.5707963267948966,0.11,1633478.507816798,ST,0.07160665760673586
orbit_p0.1200.bin,1.0,4.0,0.3,False,0.000954594233969325,1.5707963267948966,0.12,1633478.507816798,ST,0.11396027653154701
orbit_p0.1300.bin,1.0,4.0,0.3,False,0.000954594233969325,1.5707963267948966,0.13,2621.676315863441,CA,
orbit_p0.1400.bin,1.0,4.0,0.3,False,0.000954594233969325,1.5707963267948966,0.14,811.4885341022302,CA,
