file,m_A (Msun),m_B (Msun),e,apapse,m_P (Msun),l (rad),a (AU),t_stop (day),stability,delta_r
orbit_a0.1000.bin,1.0,4.0,0.3,True,0.000954594233969325,1.5707963267948966,0.1,1633478.507816798,ST,0.027927863305397035
orbit_a0.1100.bin,1.0,4.0,0.3,True,0.000954594233969325,1.5707963267948966,0.11,1633478.507816798,ST,0.031898110836046885
orbit_a0.1200.bin,1.0,4.0,0.3,True,0.000954594233969325,1.5707963267948966,0.12,1633478.507816798,ST,0.025761010980143165
orbit_a0.1300.bin,1.0,4.0,0.3,True,0.000954594233969325,1.5707963267948966,0.13,1633478.507816798,ST,0.05086013875803222
orbit_a0.1400.bin,1.0,4.0,0.3,True,0.000954594233969325,1.5707963267948966,0.14,3531.5706316226037,CA,
