file,m_A (Msun),m_B (Msun),e,apapse,m_P (Msun),l (rad),a (AU),t_stop (day),stability,delta_r
orbit_p0.2200.bin,1.0,1.0,0.1,False,0.000954594233969325,1.5707963267948966,0.22,2582756.29681712,ST,0.07096089969383998
orbit_p0.2300.bin,1.0,1.0,0.1,False,0.000954594233969325,1.5707963267948966,0.23,2582756.29681712,ST,0.08865423648914492
orbit_p0.2400.bin,1.0,1.0,0.1,False,0.000954594233969325,1.5707963267948966,0.24,2582756.29681712,ST,0.11470622746388952
orbit_p0.2500.bin,1.0,1.0,0.1,False,0.000954594233969325,1.5707963267948966,0.25,3059.5031569351427,CA,
orbit_p0.2600.bin,1.0,1.0,0.1,False,0.000954594233969325,1.5707963267948966,0.26,292.29645746287173,CA,
