file,m_A (Msun),m_B (Msun),e,apapse,m_P (Msun),l (rad),a (AU),t_stop (day),stability,delta_r
orbit_a0.0600.bin,1.0,4.0,0.5,True,0.000954594233969325,1.5707963267948966,0.06,1633478.507816798,ST,0.030127761317608283
orbit_a0.0700.bin,1.0,4.0,0.5,True,0.000954594233969325,1.5707963267948966,0.07,1633478.507816798,ST,0.032555166119913576
orbit_a0.0800.bin,1.0,4.0,0.5,True,0.000954594233969325,1.5707963267948966,0.08,1633478.507816798,ST,0.03704128316371659
orbit_a0.0900.bin,1.0,4.0,0.5,True,0.000954594233969325,1.5707963267948966,0.09,255059.25504000505,CA,
orbit_a0.1000.bin,1.0,4.0,0.5,True,0.000954594233969325,1.5707963267948966,0.1,6462.530884775335,CA,
