file,m_A (Msun),m_B (Msun),e,apapse,m_P (Msun),l (rad),a (AU),t_stop (day),stability,delta_r
orbit_p0.0500.bin,1.0,0.6666666666666667,0.7,False,0.000954594233969325,4.712388980384691,0.05,2829267.7686104896,ST,0.0584398055875391
orbit_p0.0600.bin,1.0,0.6666666666666667,0.7,False,0.000954594233969325,4.712388980384691,0.06000000000000001,2829267.7686104896,ST,0.06939852930311488
orbit_p0.0700.bin,1.0,0.6666666666666667,0.7,False,0.000954594233969325,4.712388980384691,0.07,2829267.7686104896,ST,0.08604875696549413
orbit_p0.0800.bin,1.0,0.6666666666666667,0.7,False,0.000954594233969325,4.712388980384691,0.08,221453.33631502814,CA,
orbit_p0.0900.bin,1.0,0.6666666666666667,0.7,False,0.000954594233969325,4.712388980384691,0.09000000000000001,54685.515553990655,CA,
