file,m_A (Msun),m_B (Msun),e,apapse,m_P (Msun),l (rad),a (AU),t_stop (day),stability,delta_r
orbit_p0.1000.bin,1.0,1.0,0.5,False,0.028637827019079756,3.1415926535897927,0.1,2582756.29681712,ST,0.03766541318013077
orbit_p0.1100.bin,1.0,1.0,0.5,False,0.028637827019079756,3.1415926535897927,0.11,2582756.29681712,ST,0.04441792617468188
orbit_p0.1200.bin,1.0,1.0,0.5,False,0.028637827019079756,3.1415926535897927,0.12,2582756.29681712,ST,0.033977289438317335
orbit_p0.1300.bin,1.0,1.0,0.5,False,0.028637827019079756,3.1415926535897927,0.13,402694.5564271945,CA,
orbit_p0.1400.bin,1.0,1.0,0.5,False,0.028637827019079756,3.1415926535897927,0.14,393740.3250836845,CA,
