file,m_A (Msun),m_B (Msun),e,apapse,m_P (Msun),l (rad),a (AU),t_stop (day),stability,delta_r
orbit_a0.1300.bin,1.0,4.0,0.1,True,0.000954594233969325,0.0,0.13,1633478.507816798,ST,0.027635940112911633
orbit_a0.1400.bin,1.0,4.0,0.1,True,0.000954594233969325,0.0,0.14,1633478.507816798,ST,0.025200707277752112
orbit_a0.1500.bin,1.0,4.0,0.1,True,0.000954594233969325,0.0,0.15,1633478.507816798,ST,0.046902242481831787
orbit_a0.1600.bin,1.0,4.0,0.1,True,0.000954594233969325,0.0,0.16,1633478.507816798,ST,0.05788684895225266
orbit_a0.1700.bin,1.0,4.0,0.1,True,0.000954594233969325,0.0,0.16999999999999998,10913.615777414298,CA,
