file,m_A (Msun),m_B (Msun),e,apapse,m_P (Msun),l (rad),a (AU),t_stop (day),stability,delta_r
orbit_a0.19.bin,1.0,1.0,0.2,True,0.0,3.9269908169872414,0.19,2582756.29681712,ST,0.031512668174576916
orbit_a0.20.bin,1.0,1.0,0.2,True,0.0,3.9269908169872414,0.2,2582756.29681712,ST,0.050688827847341404
orbit_a0.21.bin,1.0,1.0,0.2,True,0.0,3.9269908169872414,0.21,2582756.29681712,ST,0.03530562300521595
orbit_a0.22.bin,1.0,1.0,0.2,True,0.0,3.9269908169872414,0.22,2582756.29681712,ST,0.06377087017948653
