file,m_A (Msun),m_B (Msun),e,apapse,m_P (Msun),l (rad),a (AU),t_stop (day),stability,delta_r
orbit_p0.0300.bin,1.0,1.4999999999999998,0.8,False,0.0,3.1415926535897927,0.03,2310087.4595994814,ST,0.04246786351062877
orbit_p0.0350.bin,1.0,1.4999999999999998,0.8,False,0.0,3.1415926535897927,0.035,2310087.4595994814,ST,0.044938966216544106
orbit_p0.0400.bin,1.0,1.4999999999999998,0.8,False,0.0,3.1415926535897927,0.04,2310087.4595994814,ST,0.035973059624725794
orbit_p0.0450.bin,1.0,1.4999999999999998,0.8,False,0.0,3.1415926535897927,0.045,180417.77659117972,CA,
