file,m_A (Msun),m_B (Msun),e,apapse,m_P (Msun),l (rad),a (AU),t_stop (day),stability,delta_r
orbit_p0.05.bin,1.0,1.0,0.7,False,0.0,4.712388980384691,0.05,2582756.29681712,ST,0.055361415725584125
orbit_p0.06.bin,1.0,1.0,0.7,False,0.0,4.712388980384691,0.06,2582756.29681712,ST,0.0718842851760746
orbit_p0.07.bin,1.0,1.0,0.7,False,0.0,4.712388980384691,0.07,256989.37991164954,CA,
orbit_p0.08.bin,1.0,1.0,0.7,False,0.0,4.712388980384691,0.08,34356.95234545064,CA,
