file,m_A (Msun),m_B (Msun),e,apapse,m_P (Msun),l (rad),a (AU),t_stop (day),stability,delta_r
orbit_a0.05.bin,1.0,1.0,0.7,True,0.0,4.712388980384691,0.05,2582756.29681712,ST,0.05454449595336282
orbit_a0.06.bin,1.0,1.0,0.7,True,0.0,4.712388980384691,0.06,2582756.29681712,ST,0.05917566267606268
orbit_a0.07.bin,1.0,1.0,0.7,True,0.0,4.712388980384691,0.07,2582756.29681712,ST,0.2161391577969711
orbit_a0.08.bin,1.0,1.0,0.7,True,0.0,4.712388980384691,0.08,373333.193549516,CA,
