file,m_A (Msun),m_B (Msun),e,apapse,m_P (Msun),l (rad),a (AU),t_stop (day),stability,delta_r
orbit_p0.1600.bin,1.0,2.333333333333333,0.1,False,0.000954594233969325,3.1415926535897927,0.16,2000594.4249770087,ST,0.0282162085796373
orbit_p0.1700.bin,1.0,2.333333333333333,0.1,False,0.000954594233969325,3.1415926535897927,0.16999999999999998,2000594.4249770087,ST,0.02768825676031206
orbit_p0.1800.bin,1.0,2.333333333333333,0.1,False,0.000954594233969325,3.1415926535897927,0.18,2000594.4249770087,ST,0.040972451703322046
orbit_p0.1900.bin,1.0,2.333333333333333,0.1,False,0.000954594233969325,3.1415926535897927,0.19,2000594.4249770087,ST,0.05004540965343913
orbit_p0.2000.bin,1.0,2.333333333333333,0.1,False,0.000954594233969325,3.1415926535897927,0.2,2000594.4249770087,ST,0.05707648450542566
