file,m_A (Msun),m_B (Msun),e,apapse,m_P (Msun),l (rad),a (AU),t_stop (day),stability,delta_r
orbit_p0.2100.bin,1.0,0.6666666666666667,0.2,False,0.000954594233969325,3.1415926535897927,0.21,2829267.7686104896,ST,0.025490752641445465
orbit_p0.2200.bin,1.0,0.6666666666666667,0.2,False,0.000954594233969325,3.1415926535897927,0.22,2829267.7686104896,ST,0.028405384727194737
orbit_p0.2300.bin,1.0,0.6666666666666667,0.2,False,0.000954594233969325,3.1415926535897927,0.23,2829267.7686104896,ST,0.03757818894087574
orbit_p0.2400.bin,1.0,0.6666666666666667,0.2,False,0.000954594233969325,3.1415926535897927,0.24,2829267.7686104896,ST,0.033783206110889336
orbit_p0.2500.bin,1.0,0.6666666666666667,0.2,False,0.000954594233969325,3.1415926535897927,0.25,2829267.7686104896,ST,0.04459681048770961
