file,m_A (Msun),m_B (Msun),e,apapse,m_P (Msun),l (rad),a (AU),t_stop (day),stability,delta_r
orbit_p0.27.bin,1.0,0.1111111111111111,0.3,False,0.0,0.0,0.27,3465131.189399222,ST,0.08029585582826279
orbit_p0.28.bin,1.0,0.1111111111111111,0.3,False,0.0,0.0,0.28,3465131.189399222,ST,0.07150113056024522
orbit_p0.29.bin,1.0,0.1111111111111111,0.3,False,0.0,0.0,0.29,3465131.189399222,ST,0.0732936484171598
orbit_p0.30.bin,1.0,0.1111111111111111,0.3,False,0.0,0.0,0.3,1311355.5414819405,CA,
