file,m_A (Msun),m_B (Msun),e,apapse,m_P (Msun),l (rad),a (AU),t_stop (day),stability,delta_r
orbit_a0.1200.bin,1.0,0.4285714285714286,0.5,True,0.028637827019079756,3.1415926535897927,0.12,3055958.462454599,ST,0.05850680321847655
orbit_a0.1300.bin,1.0,0.4285714285714286,0.5,True,0.028637827019079756,3.1415926535897927,0.13,3055958.462454599,ST,0.06540268673871759
orbit_a0.1400.bin,1.0,0.4285714285714286,0.5,True,0.028637827019079756,3.1415926535897927,0.14,3055958.462454599,ST,0.07135509783351553
orbit_a0.1500.bin,1.0,0.4285714285714286,0.5,True,0.028637827019079756,3.1415926535897927,0.15000000000000002,3055958.462454599,ST,0.04513131587871297
orbit_a0.1600.bin,1.0,0.4285714285714286,0.5,True,0.028637827019079756,3.1415926535897927,0.16,124367.98377873865,CA,
