file,m_A (Msun),m_B (Msun),e,apapse,m_P (Msun),l (rad),a (AU),t_stop (day),stability,delta_r
orbit_p0.1300.bin,1.0,1.0,0.4,False,0.000954594233969325,0.0,0.13,2582756.29681712,ST,0.05388666820534062
orbit_p0.1400.bin,1.0,1.0,0.4,False,0.000954594233969325,0.0,0.14,2582756.29681712,ST,0.06303961165028632
orbit_p0.1500.bin,1.0,1.0,0.4,False,0.000954594233969325,0.0,0.15,2582756.29681712,ST,0.06947386054075988
orbit_p0.1600.bin,1.0,1.0,0.4,False,0.000954594233969325,0.0,0.16,2582756.29681712,ST,0.07866862105817608
orbit_p0.1700.bin,1.0,1.0,0.4,False,0.000954594233969325,0.0,0.16999999999999998,109260.00512369355,CA,
