file,m_A (Msun),m_B (Msun),e,apapse,m_P (Msun),l (rad),a (AU),t_stop (day),stability,delta_r
orbit_a0.44.bin,1.0,0.1111111111111111,0.0,True,0.0,3.1415926535897927,0.44,3465131.189399222,ST,0.044575743429089446
orbit_a0.45.bin,1.0,0.1111111111111111,0.0,True,0.0,3.1415926535897927,0.45,3465131.189399222,ST,0.05816651401062866
orbit_a0.46.bin,1.0,0.1111111111111111,0.0,True,0.0,3.1415926535897927,0.46,3465131.189399222,ST,0.0680757336507042
orbit_a0.47.bin,1.0,0.1111111111111111,0.0,True,0.0,3.1415926535897927,0.47,3465131.189399222,ST,0.08417436473538814
