file,m_A (Msun),m_B (Msun),e,apapse,m_P (Msun),l (rad),a (AU),t_stop (day),stability,delta_r
orbit_p0.44.bin,1.0,0.1111111111111111,0.0,False,0.0,3.1415926535897927,0.44,3465131.189399222,ST,0.0346022468630337
orbit_p0.45.bin,1.0,0.1111111111111111,0.0,False,0.0,3.1415926535897927,0.45,3465131.189399222,ST,0.036801018846011765
orbit_p0.46.bin,1.0,0.1111111111111111,0.0,False,0.0,3.1415926535897927,0.46,3465131.189399222,ST,0.038077308064665256
orbit_p0.47.bin,1.0,0.1111111111111111,0.0,False,0.0,3.1415926535897927,0.47,3465131.189399222,ST,0.09468240944387585
