file,m_A (Msun),m_B (Msun),e,apapse,m_P (Msun),l (rad),a (AU),t_stop (day),stability,delta_r
orbit_p0.0800.bin,1.0,4.0,0.4,False,0.028637827019079756,0.0,0.08,1633478.507816798,ST,0.03775256742655129
orbit_p0.0900.bin,1.0,4.0,0.4,False,0.028637827019079756,0.0,0.09000000000000001,1633478.507816798,ST,0.04395591676034983
orbit_p0.1000.bin,1.0,4.0,0.4,False,0.028637827019079756,0.0,0.1,1633478.507816798,ST,0.059085688120773985
orbit_p0.1100.bin,1.0,4.0,0.4,False,0.028637827019079756,0.0,0.11,1633478.507816798,ST,0.07576595971569891
orbit_p0.1200.bin,1.0,4.0,0.4,False,0.028637827019079756,0.0,0.12,1633478.507816798,ST,0.08344876994359757
