file,m_A (Msun),m_B (Msun),e,apapse,m_P (Msun),l (rad),a (AU),t_stop (day),stability,delta_r
orbit_a0.0800.bin,1.0,4.0,0.4,True,0.028637827019079756,0.0,0.08,1633478.507816798,ST,0.029243751022338713
orbit_a0.0900.bin,1.0,4.0,0.4,True,0.028637827019079756,0.0,0.09000000000000001,1633478.507816798,ST,0.03127809976530315
orbit_a0.1000.bin,1.0,4.0,0.4,True,0.028637827019079756,0.0,0.1,1633478.507816798,ST,0.03696605287430851
orbit_a0.1100.bin,1.0,4.0,0.4,True,0.028637827019079756,0.0,0.11,1633478.507816798,ST,0.039162030362964666
orbit_a0.1200.bin,1.0,4.0,0.4,True,0.028637827019079756,0.0,0.12,14947.909353086556,CA,
