file,m_A (Msun),m_B (Msun),e,apapse,m_P (Msun),l (rad),a (AU),t_stop (day),stability,delta_r
orbit_a0.4300.bin,1.0,0.11111111111111112,0.0,True,0.000954594233969325,0.0,0.43,3465131.189399222,ST,0.031589858921877344
orbit_a0.4400.bin,1.0,0.11111111111111112,0.0,True,0.000954594233969325,0.0,0.44,3465131.189399222,ST,0.03453122537259209
orbit_a0.4500.bin,1.0,0.11111111111111112,0.0,True,0.000954594233969325,0.0,0.45,3465131.189399222,ST,0.03625621085667345
orbit_a0.4600.bin,1.0,0.11111111111111112,0.0,True,0.000954594233969325,0.0,0.46,3465131.189399222,ST,0.04661275117608225
orbit_a0.4700.bin,1.0,0.11111111111111112,0.0,True,0.000954594233969325,0.0,0.47,3465131.189399222,ST,0.09025759579761393
