file,m_A (Msun),m_B (Msun),e,apapse,m_P (Msun),l (rad),a (AU),t_stop (day),stability,delta_r
orbit_p0.1400.bin,1.0,0.6666666666666667,0.4,False,0.000954594233969325,4.712388980384691,0.14,2829267.7686104896,ST,0.05367414559824452
orbit_p0.1500.bin,1.0,0.6666666666666667,0.4,False,0.000954594233969325,4.712388980384691,0.15,2829267.7686104896,ST,0.07005899731919861
orbit_p0.1600.bin,1.0,0.6666666666666667,0.4,False,0.000954594233969325,4.712388980384691,0.16,2829267.7686104896,ST,0.0663613812430311
orbit_p0.1700.bin,1.0,0.6666666666666667,0.4,False,0.000954594233969325,4.712388980384691,0.17,241029.04483795518,CA,
orbit_p0.1800.bin,1.0,0.6666666666666667,0.4,False,0.000954594233969325,4.712388980384691,0.18,41061.23601203846,CA,
