file,m_A (Msun),m_B (Msun),e,apapse,m_P (Msun),l (rad),a (AU),t_stop (day),stability,delta_r
orbit_a0.030.bin,1.0,9.000000000000002,0.7,True,0.0,4.712388980384691,0.03,1155043.7297997407,ST,0.028372351104552804
orbit_a0.035.bin,1.0,9.000000000000002,0.7,True,0.0,4.712388980384691,0.035,1155043.7297997407,ST,0.027440359155900026
orbit_a0.040.bin,1.0,9.000000000000002,0.7,True,0.0,4.712388980384691,0.04,56345.99835502639,CB,
orbit_a0.045.bin,1.0,9.000000000000002,0.7,True,0.0,4.712388980384691,0.045,5254.22025489116,CA,
