file,m_A (Msun),m_B (Msun),e,apapse,m_P (Msun),l (rad),a (AU),t_stop (day),stability,delta_r
orbit_a0.0800.bin,1.0,4.0,0.4,True,0.000954594233969325,0.0,0.08,1633478.507816798,ST,0.029527471901545324
orbit_a0.0900.bin,1.0,4.0,0.4,True,0.000954594233969325,0.0,0.09000000000000001,1633478.507816798,ST,0.031862345352395904
orbit_a0.1000.bin,1.0,4.0,0.4,True,0.000954594233969325,0.0,0.1,1633478.507816798,ST,0.04013638717312706
orbit_a0.1100.bin,1.0,4.0,0.4,True,0.000954594233969325,0.0,0.11,1633478.507816798,ST,0.041086196204249775
orbit_a0.1200.bin,1.0,4.0,0.4,True,0.000954594233969325,0.0,0.12,25714.61691464977,CA,
