file,m_A (Msun),m_B (Msun),e,apapse,m_P (Msun),l (rad),a (AU),t_stop (day),stability,delta_r
orbit_p0.1900.bin,1.0,0.4285714285714286,0.3,False,0.028637827019079756,1.5707963267948966,0.19,3055958.462454599,ST,0.04593353462961096
orbit_p0.2000.bin,1.0,0.4285714285714286,0.3,False,0.028637827019079756,1.5707963267948966,0.2,3055958.462454599,ST,0.05658510630760227
orbit_p0.2100.bin,1.0,0.4285714285714286,0.3,False,0.028637827019079756,1.5707963267948966,0.21,3055958.462454599,ST,0.05999709618479254
orbit_p0.2200.bin,1.0,0.4285714285714286,0.3,False,0.028637827019079756,1.5707963267948966,0.22,294089.0380046912,CA,
orbit_p0.2300.bin,1.0,0.4285714285714286,0.3,False,0.028637827019079756,1.5707963267948966,0.23,17366.567152122512,CA,
