file,m_A (Msun),m_B (Msun),e,apapse,m_P (Msun),l (rad),a (AU),t_stop (day),stability,delta_r
orbit_a0.1200.bin,1.0,4.0,0.2,True,0.0,3.1415926535897927,0.12,1633478.507816798,ST,0.020680435826639275
orbit_a0.1300.bin,1.0,4.0,0.2,True,0.0,3.1415926535897927,0.13,1633478.507816798,ST,0.02562699170935329
orbit_a0.1400.bin,1.0,4.0,0.2,True,0.0,3.1415926535897927,0.14,1633478.507816798,ST,0.021256743187462925
orbit_a0.1500.bin,1.0,4.0,0.2,True,0.0,3.1415926535897927,0.15,24249.41771614602,EJ,
