file,m_A (Msun),m_B (Msun),e,apapse,m_P (Msun),l (rad),a (AU),t_stop (day),stability,delta_r
orbit_a0.25.bin,1.0,1.0,0.0,True,0.0,4.712388980384691,0.25,2582756.29681712,ST,0.09224211664349945
orbit_a0.26.bin,1.0,1.0,0.0,True,0.0,4.712388980384691,0.26,2582756.29681712,ST,0.12053319817664268
orbit_a0.27.bin,1.0,1.0,0.0,True,0.0,4.712388980384691,0.27,1535.4970259134304,CA,
orbit_a0.28.bin,1.0,1.0,0.0,True,0.0,4.712388980384691,0.28,1549.7127996114548,CA,
