file,m_A (Msun),m_B (Msun),e,apapse,m_P (Msun),l (rad),a (AU),t_stop (day),stability,delta_r
orbit_p0.08.bin,1.0,2.333333333333333,0.5,False,0.0,4.712388980384691,0.08,2000594.4249770087,ST,0.04778624405133358
orbit_p0.09.bin,1.0,2.333333333333333,0.5,False,0.0,4.712388980384691,0.09,2000594.4249770087,ST,0.06258493480176062
orbit_p0.10.bin,1.0,2.333333333333333,0.5,False,0.0,4.712388980384691,0.1,460135.46434434346,CA,
orbit_p0.11.bin,1.0,2.333333333333333,0.5,False,0.0,4.712388980384691,0.11,4794.997209295566,CA,
