file,m_A (Msun),m_B (Msun),e,apapse,m_P (Msun),l (rad),a (AU),t_stop (day),stability,delta_r
orbit_p0.0600.bin,1.0,0.6666666666666667,0.7,False,0.0,0.0,0.06,2829267.7686104896,ST,0.0694424239637297
orbit_p0.0700.bin,1.0,0.6666666666666667,0.7,False,0.0,0.0,0.07,2829267.7686104896,ST,0.08275063952921437
orbit_p0.0800.bin,1.0,0.6666666666666667,0.7,False,0.0,0.0,0.08,1219412.5265274448,CA,
orbit_p0.0900.bin,1.0,0.6666666666666667,0.7,False,0.0,0.0,0.09,26312.24822360514,CA,
