file,m_A (Msun),m_B (Msun),e,apapse,m_P (Msun),l (rad),a (AU),t_stop (day),stability,delta_r
orbit_a0.14.bin,1.0,1.0,0.4,True,0.0,1.5707963267948966,0.14,2582756.29681712,ST,0.045062107938334706
orbit_a0.15.bin,1.0,1.0,0.4,True,0.0,1.5707963267948966,0.15,2582756.29681712,ST,0.05137423591815308
orbit_a0.16.bin,1.0,1.0,0.4,True,0.0,1.5707963267948966,0.16,2582756.29681712,ST,0.04511315427107611
orbit_a0.17.bin,1.0,1.0,0.4,True,0.0,1.5707963267948966,0.17,71668.5670642756,CA,
