file,m_A (Msun),m_B (Msun),e,apapse,m_P (Msun),l (rad),a (AU),t_stop (day),stability,delta_r
orbit_p0.3500.bin,1.0,0.11111111111111112,0.1,False,0.000954594233969325,4.712388980384691,0.35,3465131.189399222,ST,0.03480003676187993
orbit_p0.3600.bin,1.0,0.11111111111111112,0.1,False,0.000954594233969325,4.712388980384691,0.36,3465131.189399222,ST,0.04265064626974691
orbit_p0.3700.bin,1.0,0.11111111111111112,0.1,False,0.000954594233969325,4.712388980384691,0.37,3465131.189399222,ST,0.05854010799377088
orbit_p0.3800.bin,1.0,0.11111111111111112,0.1,False,0.000954594233969325,4.712388980384691,0.38,68263.0859485253,CA,
orbit_p0.3900.bin,1.0,0.11111111111111112,0.1,False,0.000954594233969325,4.712388980384691,0.39,27936.408483140865,EJ,
