file,m_A (Msun),m_B (Msun),e,apapse,m_P (Msun),l (rad),a (AU),t_stop (day),stability,delta_r
orbit_p0.12.bin,1.0,0.1111111111111111,0.6,False,0.0,1.5707963267948966,0.12,3465131.189399222,ST,0.0962058395371808
orbit_p0.13.bin,1.0,0.1111111111111111,0.6,False,0.0,1.5707963267948966,0.13,3465131.189399222,ST,0.11602160887784871
orbit_p0.14.bin,1.0,0.1111111111111111,0.6,False,0.0,1.5707963267948966,0.14,1063133.1766950963,CA,
orbit_p0.15.bin,1.0,0.1111111111111111,0.6,False,0.0,1.5707963267948966,0.15,2560056.8191500176,CA,
