file,m_A (Msun),m_B (Msun),e,apapse,m_P (Msun),l (rad),a (AU),t_stop (day),stability,delta_r
orbit_p0.1000.bin,1.0,4.0,0.3,False,0.000954594233969325,3.1415926535897927,0.1,1633478.507816798,ST,0.02141417069538752
orbit_p0.1100.bin,1.0,4.0,0.3,False,0.000954594233969325,3.1415926535897927,0.11,1633478.507816798,ST,0.026812573962604315
orbit_p0.1200.bin,1.0,4.0,0.3,False,0.000954594233969325,3.1415926535897927,0.12,1633478.507816798,ST,0.03581793908369095
orbit_p0.1300.bin,1.0,4.0,0.3,False,0.000954594233969325,3.1415926535897927,0.13,1633478.507816798,ST,0.04705754812652369
orbit_p0.1400.bin,1.0,4.0,0.3,False,0.000954594233969325,3.1415926535897927,0.14,1633478.507816798,ST,0.06045732955605081
