file,m_A (Msun),m_B (Msun),e,apapse,m_P (Msun),l (rad),a (AU),t_stop (day),stability,delta_r
orbit_a0.1000.bin,1.0,4.0,0.3,True,0.000954594233969325,3.1415926535897927,0.1,1633478.507816798,ST,0.024385312475776588
orbit_a0.1100.bin,1.0,4.0,0.3,True,0.000954594233969325,3.1415926535897927,0.11,1633478.507816798,ST,0.026795468993045152
orbit_a0.1200.bin,1.0,4.0,0.3,True,0.000954594233969325,3.1415926535897927,0.12,1633478.507816798,ST,0.047541190409937546
orbit_a0.1300.bin,1.0,4.0,0.3,True,0.000954594233969325,3.1415926535897927,0.13,1633478.507816798,ST,0.03915090521011105
orbit_a0.1400.bin,1.0,4.0,0.3,True,0.000954594233969325,3.1415926535897927,0.14,5308.277647331106,CA,
