file,m_A (Msun),m_B (Msun),e,apapse,m_P (Msun),l (rad),a (AU),t_stop (day),stability,delta_r
orbit_p0.0215.bin,1.0,9.0,0.8,False,0.000954594233969325,1.5707963267948966,0.0215,1155043.7297997407,ST,0.04662423929467071
orbit_p0.0220.bin,1.0,9.0,0.8,False,0.000954594233969325,1.5707963267948966,0.022000000000000002,1155043.7297997407,ST,0.06490783337218348
orbit_p0.0225.bin,1.0,9.0,0.8,False,0.000954594233969325,1.5707963267948966,0.0225,1155043.7297997407,ST,0.046017997242027084
orbit_p0.0230.bin,1.0,9.0,0.8,False,0.000954594233969325,1.5707963267948966,0.023,1155043.7297997407,ST,0.15689152918004637
orbit_p0.0235.bin,1.0,9.0,0.8,False,0.000954594233969325,1.5707963267948966,0.0235,242502.1521627552,CA,
