file,m_A (Msun),m_B (Msun),e,apapse,m_P (Msun),l (rad),a (AU),t_stop (day),stability,delta_r
orbit_a0.1200.bin,1.0,2.333333333333333,0.3,True,0.000954594233969325,3.1415926535897927,0.12,2000594.4249770087,ST,0.029348547660803734
orbit_a0.1300.bin,1.0,2.333333333333333,0.3,True,0.000954594233969325,3.1415926535897927,0.13,2000594.4249770087,ST,0.032374367714847176
orbit_a0.1400.bin,1.0,2.333333333333333,0.3,True,0.000954594233969325,3.1415926535897927,0.14,2000594.4249770087,ST,0.030231435136349856
orbit_a0.1500.bin,1.0,2.333333333333333,0.3,True,0.000954594233969325,3.1415926535897927,0.15000000000000002,2000594.4249770087,ST,0.03787382397688038
orbit_a0.1600.bin,1.0,2.333333333333333,0.3,True,0.000954594233969325,3.1415926535897927,0.16,2000594.4249770087,ST,0.036050817324199125
