file,m_A (Msun),m_B (Msun),e,apapse,m_P (Msun),l (rad),a (AU),t_stop (day),stability,delta_r
orbit_p0.1100.bin,1.0,0.11111111111111112,0.6,False,0.000954594233969325,4.712388980384691,0.11,3465131.189399222,ST,0.09335108831857501
orbit_p0.1200.bin,1.0,0.11111111111111112,0.6,False,0.000954594233969325,4.712388980384691,0.12,3465131.189399222,ST,0.09423216835844472
orbit_p0.1300.bin,1.0,0.11111111111111112,0.6,False,0.000954594233969325,4.712388980384691,0.13,3465131.189399222,ST,0.11562880563613576
orbit_p0.1400.bin,1.0,0.11111111111111112,0.6,False,0.000954594233969325,4.712388980384691,0.14,2027435.3909860114,CA,
orbit_p0.1500.bin,1.0,0.11111111111111112,0.6,False,0.000954594233969325,4.712388980384691,0.15,155063.4119336692,CA,
