file,m_A (Msun),m_B (Msun),e,apapse,m_P (Msun),l (rad),a (AU),t_stop (day),stability,delta_r
orbit_a0.0400.bin,1.0,9.0,0.5,True,0.028637827019079756,3.1415926535897927,0.04,1155043.7297997407,ST,0.020043145683987518
orbit_a0.0500.bin,1.0,9.0,0.5,True,0.028637827019079756,3.1415926535897927,0.05,1155043.7297997407,ST,0.023280552075116718
orbit_a0.0600.bin,1.0,9.0,0.5,True,0.028637827019079756,3.1415926535897927,0.06,1155043.7297997407,ST,0.029038311651507297
orbit_a0.0700.bin,1.0,9.0,0.5,True,0.028637827019079756,3.1415926535897927,0.06999999999999999,1155043.7297997407,ST,0.03032167265636171
orbit_a0.0800.bin,1.0,9.0,0.5,True,0.028637827019079756,3.1415926535897927,0.08,5424.507535809406,CA,
