file,m_A (Msun),m_B (Msun),e,apapse,m_P (Msun),l (rad),a (AU),t_stop (day),stability,delta_r
orbit_a0.1700.bin,1.0,0.6666666666666667,0.3,True,0.028637827019079756,4.712388980384691,0.17,2829267.7686104896,ST,0.040063682383249456
orbit_a0.1800.bin,1.0,0.6666666666666667,0.3,True,0.028637827019079756,4.712388980384691,0.18,2829267.7686104896,ST,0.03962203110188416
orbit_a0.1900.bin,1.0,0.6666666666666667,0.3,True,0.028637827019079756,4.712388980384691,0.19,2829267.7686104896,ST,0.038814473899787455
orbit_a0.2000.bin,1.0,0.6666666666666667,0.3,True,0.028637827019079756,4.712388980384691,0.2,2829267.7686104896,ST,0.04111324997232548
orbit_a0.2100.bin,1.0,0.6666666666666667,0.3,True,0.028637827019079756,4.712388980384691,0.21,2829267.7686104896,ST,0.051427758230760796
