file,m_A (Msun),m_B (Msun),e,apapse,m_P (Msun),l (rad),a (AU),t_stop (day),stability,delta_r
orbit_p0.2100.bin,1.0,0.11111111111111112,0.4,False,0.000954594233969325,3.1415926535897927,0.21,3465131.189399222,ST,0.07646232842814361
orbit_p0.2200.bin,1.0,0.11111111111111112,0.4,False,0.000954594233969325,3.1415926535897927,0.22,3465131.189399222,ST,0.05097731861515002
orbit_p0.2300.bin,1.0,0.11111111111111112,0.4,False,0.000954594233969325,3.1415926535897927,0.23,3465131.189399222,ST,0.06559915477669058
orbit_p0.2400.bin,1.0,0.11111111111111112,0.4,False,0.000954594233969325,3.1415926535897927,0.24,3465131.189399222,ST,0.03008333473529549
orbit_p0.2500.bin,1.0,0.11111111111111112,0.4,False,0.000954594233969325,3.1415926535897927,0.25,853607.2521302827,CA,
