file,m_A (Msun),m_B (Msun),e,apapse,m_P (Msun),l (rad),a (AU),t_stop (day),stability,delta_r
orbit_p0.1300.bin,1.0,1.0,0.4,False,0.028637827019079756,3.1415926535897927,0.13,2582756.29681712,ST,0.03210358716099349
orbit_p0.1400.bin,1.0,1.0,0.4,False,0.028637827019079756,3.1415926535897927,0.14,2582756.29681712,ST,0.03967182997408377
orbit_p0.1500.bin,1.0,1.0,0.4,False,0.028637827019079756,3.1415926535897927,0.15,2582756.29681712,ST,0.03160269853412962
orbit_p0.1600.bin,1.0,1.0,0.4,False,0.028637827019079756,3.1415926535897927,0.16,2582756.29681712,ST,0.034636437390597574
orbit_p0.1700.bin,1.0,1.0,0.4,False,0.028637827019079756,3.1415926535897927,0.16999999999999998,173358.77725780447,CA,
