file,m_A (Msun),m_B (Msun),e,apapse,m_P (Msun),l (rad),a (AU),t_stop (day),stability,delta_r
orbit_a0.1300.bin,1.0,1.0,0.4,True,0.028637827019079756,3.1415926535897927,0.13,2582756.29681712,ST,0.04287948119272492
orbit_a0.1400.bin,1.0,1.0,0.4,True,0.028637827019079756,3.1415926535897927,0.14,2582756.29681712,ST,0.04368897454103524
orbit_a0.1500.bin,1.0,1.0,0.4,True,0.028637827019079756,3.1415926535897927,0.15,2582756.29681712,ST,0.033799024889934096
orbit_a0.1600.bin,1.0,1.0,0.4,True,0.028637827019079756,3.1415926535897927,0.16,2582756.29681712,ST,0.05162905830580482
orbit_a0.1700.bin,1.0,1.0,0.4,True,0.028637827019079756,3.1415926535897927,0.16999999999999998,979285.7178316128,CA,
