file,m_A (Msun),m_B (Msun),e,apapse,m_P (Msun),l (rad),a (AU),t_stop (day),stability,delta_r
orbit_p0.1600.bin,1.0,1.0,0.3,False,0.028637827019079756,1.5707963267948966,0.16,2582756.29681712,ST,0.054705920826297445
orbit_p0.1700.bin,1.0,1.0,0.3,False,0.028637827019079756,1.5707963267948966,0.16999999999999998,2582756.29681712,ST,0.06098987934123598
orbit_p0.1800.bin,1.0,1.0,0.3,False,0.028637827019079756,1.5707963267948966,0.18,2582756.29681712,ST,0.11678278690267745
orbit_p0.1900.bin,1.0,1.0,0.3,False,0.028637827019079756,1.5707963267948966,0.19,16968.933988606197,CA,
orbit_p0.2000.bin,1.0,1.0,0.3,False,0.028637827019079756,1.5707963267948966,0.2,7722.333114738382,CA,
