file,m_A (Msun),m_B (Msun),e,apapse,m_P (Msun),l (rad),a (AU),t_stop (day),stability,delta_r
orbit_a0.3000.bin,1.0,0.25,0.1,True,0.028637827019079756,1.5707963267948966,0.3,3266957.015633596,ST,0.027613121007160967
orbit_a0.3100.bin,1.0,0.25,0.1,True,0.028637827019079756,1.5707963267948966,0.31,3266957.015633596,ST,0.0266656649972639
orbit_a0.3200.bin,1.0,0.25,0.1,True,0.028637827019079756,1.5707963267948966,0.32,3266957.015633596,ST,0.08233649759090413
orbit_a0.3300.bin,1.0,0.25,0.1,True,0.028637827019079756,1.5707963267948966,0.33,3266957.015633596,ST,0.04104118980967522
orbit_a0.3400.bin,1.0,0.25,0.1,True,0.028637827019079756,1.5707963267948966,0.34,3266957.015633596,ST,0.04517770353299869
