file,m_A (Msun),m_B (Msun),e,apapse,m_P (Msun),l (rad),a (AU),t_stop (day),stability,delta_r
orbit_p0.3000.bin,1.0,0.25,0.1,False,0.028637827019079756,1.5707963267948966,0.3,3266957.015633596,ST,0.04389810543218469
orbit_p0.3100.bin,1.0,0.25,0.1,False,0.028637827019079756,1.5707963267948966,0.31,3266957.015633596,ST,0.05285365898175387
orbit_p0.3200.bin,1.0,0.25,0.1,False,0.028637827019079756,1.5707963267948966,0.32,1969419.0852201,CA,
orbit_p0.3300.bin,1.0,0.25,0.1,False,0.028637827019079756,1.5707963267948966,0.33,3266957.015633596,ST,0.06648088621558779
orbit_p0.3400.bin,1.0,0.25,0.1,False,0.028637827019079756,1.5707963267948966,0.34,286081.64830703713,CA,
