file,m_A (Msun),m_B (Msun),e,apapse,m_P (Msun),l (rad),a (AU),t_stop (day),stability,delta_r
orbit_a0.1100.bin,1.0,0.25,0.6,True,0.0,3.1415926535897927,0.11,3266957.015633596,ST,0.07852350135959872
orbit_a0.1200.bin,1.0,0.25,0.6,True,0.0,3.1415926535897927,0.12,3266957.015633596,ST,0.0797470460602859
orbit_a0.1300.bin,1.0,0.25,0.6,True,0.0,3.1415926535897927,0.13,462805.3274865587,CA,
orbit_a0.1400.bin,1.0,0.25,0.6,True,0.0,3.1415926535897927,0.14,865898.1029436183,CA,
