file,m_A (Msun),m_B (Msun),e,apapse,m_P (Msun),l (rad),a (AU),t_stop (day),stability,delta_r
orbit_p0.1700.bin,1.0,0.6666666666666667,0.3,False,0.028637827019079756,0.0,0.17,2829267.7686104896,ST,0.04999357356247832
orbit_p0.1800.bin,1.0,0.6666666666666667,0.3,False,0.028637827019079756,0.0,0.18,2829267.7686104896,ST,0.053174314729487436
orbit_p0.1900.bin,1.0,0.6666666666666667,0.3,False,0.028637827019079756,0.0,0.19,2829267.7686104896,ST,0.06414464304957872
orbit_p0.2000.bin,1.0,0.6666666666666667,0.3,False,0.028637827019079756,0.0,0.2,2829267.7686104896,ST,0.06726844253212859
orbit_p0.2100.bin,1.0,0.6666666666666667,0.3,False,0.028637827019079756,0.0,0.21,2829267.7686104896,ST,0.11610904831301128
