file,m_A (Msun),m_B (Msun),e,apapse,m_P (Msun),l (rad),a (AU),t_stop (day),stability,delta_r
orbit_p0.10.bin,1.0,9.000000000000002,0.1,False,0.0,0.0,0.1,1155043.7297997407,ST,0.024724952428295664
orbit_p0.11.bin,1.0,9.000000000000002,0.1,False,0.0,0.0,0.11,1155043.7297997407,ST,0.03383222712005364
orbit_p0.12.bin,1.0,9.000000000000002,0.1,False,0.0,0.0,0.12,1155043.7297997407,ST,0.04198289057084678
orbit_p0.13.bin,1.0,9.000000000000002,0.1,False,0.0,0.0,0.13,1155043.7297997407,ST,0.053940402048446724
