file,m_A (Msun),m_B (Msun),e,apapse,m_P (Msun),l (rad),a (AU),t_stop (day),stability,delta_r
orbit_a0.10.bin,1.0,9.000000000000002,0.1,True,0.0,0.0,0.1,1155043.7297997407,ST,0.024127942045641313
orbit_a0.11.bin,1.0,9.000000000000002,0.1,True,0.0,0.0,0.11,1155043.7297997407,ST,0.03622106965864677
orbit_a0.12.bin,1.0,9.000000000000002,0.1,True,0.0,0.0,0.12,1155043.7297997407,ST,0.046845736301667225
orbit_a0.13.bin,1.0,9.000000000000002,0.1,True,0.0,0.0,0.13,6658.948090100031,CA,
