file,m_A (Msun),m_B (Msun),e,apapse,m_P (Msun),l (rad),a (AU),t_stop (day),stability,delta_r
orbit_a0.1300.bin,1.0,1.0,0.4,True,0.028637827019079756,0.0,0.13,2582756.29681712,ST,0.042880552892516376
orbit_a0.1400.bin,1.0,1.0,0.4,True,0.028637827019079756,0.0,0.14,2582756.29681712,ST,0.040667862357170514
orbit_a0.1500.bin,1.0,1.0,0.4,True,0.028637827019079756,0.0,0.15,2582756.29681712,ST,0.04563990641761483
orbit_a0.1600.bin,1.0,1.0,0.4,True,0.028637827019079756,0.0,0.16,2582756.29681712,ST,0.026465997837984884
orbit_a0.1700.bin,1.0,1.0,0.4,True,0.028637827019079756,0.0,0.16999999999999998,50141.8273007014,CA,
