file,m_A (Msun),m_B (Msun),e,apapse,m_P (Msun),l (rad),a (AU),t_stop (day),stability,delta_r
orbit_a0.0500.bin,1.0,9.0,0.4,True,0.000954594233969325,4.712388980384691,0.05,1155043.7297997407,ST,0.01840951404411507
orbit_a0.0600.bin,1.0,9.0,0.4,True,0.000954594233969325,4.712388980384691,0.06000000000000001,1155043.7297997407,ST,0.021952029368970193
orbit_a0.0700.bin,1.0,9.0,0.4,True,0.000954594233969325,4.712388980384691,0.07,1155043.7297997407,ST,0.0258069774535074
orbit_a0.0800.bin,1.0,9.0,0.4,True,0.000954594233969325,4.712388980384691,0.08,1155043.7297997407,ST,0.03692279183543396
orbit_a0.0900.bin,1.0,9.0,0.4,True,0.000954594233969325,4.712388980384691,0.09000000000000001,13574.224827627737,EJ,
