file,m_A (Msun),m_B (Msun),e,apapse,m_P (Msun),l (rad),a (AU),t_stop (day),stability,delta_r
orbit_p0.0500.bin,1.0,9.0,0.4,False,0.000954594233969325,4.712388980384691,0.05,1155043.7297997407,ST,0.021638727914750498
orbit_p0.0600.bin,1.0,9.0,0.4,False,0.000954594233969325,4.712388980384691,0.06000000000000001,1155043.7297997407,ST,0.03610340931981019
orbit_p0.0700.bin,1.0,9.0,0.4,False,0.000954594233969325,4.712388980384691,0.07,1155043.7297997407,ST,0.06191223154760718
orbit_p0.0800.bin,1.0,9.0,0.4,False,0.000954594233969325,4.712388980384691,0.08,159388.76058063054,CA,
orbit_p0.0900.bin,1.0,9.0,0.4,False,0.000954594233969325,4.712388980384691,0.09000000000000001,1867.0671592327094,CA,
