file,m_A (Msun),m_B (Msun),e,apapse,m_P (Msun),l (rad),a (AU),t_stop (day),stability,delta_r
orbit_p0.0700.bin,1.0,0.25,0.7,False,0.0,1.5707963267948966,0.07,3266957.015633596,ST,0.08198988141815255
orbit_p0.0800.bin,1.0,0.25,0.7,False,0.0,1.5707963267948966,0.08,3266957.015633596,ST,0.10102460239967434
orbit_p0.0900.bin,1.0,0.25,0.7,False,0.0,1.5707963267948966,0.09,616145.8454256522,CA,
orbit_p0.1000.bin,1.0,0.25,0.7,False,0.0,1.5707963267948966,0.1,97465.1277475437,EJ,
