file,m_A (Msun),m_B (Msun),e,apapse,m_P (Msun),l (rad),a (AU),t_stop (day),stability,delta_r
orbit_a0.0700.bin,1.0,0.25,0.7,True,0.0,1.5707963267948966,0.07,3266957.015633596,ST,0.08284424819873495
orbit_a0.0800.bin,1.0,0.25,0.7,True,0.0,1.5707963267948966,0.08,3266957.015633596,ST,0.0857060104191701
orbit_a0.0900.bin,1.0,0.25,0.7,True,0.0,1.5707963267948966,0.09,3266957.015633596,ST,0.11840555959978674
orbit_a0.1000.bin,1.0,0.25,0.7,True,0.0,1.5707963267948966,0.1,171692.18441664884,CA,
