file,m_A (Msun),m_B (Msun),e,apapse,m_P (Msun),l (rad),a (AU),t_stop (day),stability,delta_r
orbit_a0.0200.bin,1.0,0.4285714285714286,0.8,True,0.028637827019079756,0.0,0.02,3055958.462454599,ST,0.04010943116800762
orbit_a0.0300.bin,1.0,0.4285714285714286,0.8,True,0.028637827019079756,0.0,0.03,3055958.462454599,ST,0.059152379237679666
orbit_a0.0400.bin,1.0,0.4285714285714286,0.8,True,0.028637827019079756,0.0,0.04,3055958.462454599,ST,0.07490922418974674
orbit_a0.0500.bin,1.0,0.4285714285714286,0.8,True,0.028637827019079756,0.0,0.05,3055958.462454599,ST,0.15848596084410457
orbit_a0.0600.bin,1.0,0.4285714285714286,0.8,True,0.028637827019079756,0.0,0.06,153483.75293402132,CA,
