file,m_A (Msun),m_B (Msun),e,apapse,m_P (Msun),l (rad),a (AU),t_stop (day),stability,delta_r
orbit_a0.1400.bin,1.0,0.25,0.5,True,0.000954594233969325,0.0,0.14,3266957.015633596,ST,0.07764718535565575
orbit_a0.1500.bin,1.0,0.25,0.5,True,0.000954594233969325,0.0,0.15,3266957.015633596,ST,0.06575576699384424
orbit_a0.1600.bin,1.0,0.25,0.5,True,0.000954594233969325,0.0,0.16,3266957.015633596,ST,0.08918294492973129
orbit_a0.1700.bin,1.0,0.25,0.5,True,0.000954594233969325,0.0,0.17,450394.1304881768,CA,
orbit_a0.1800.bin,1.0,0.25,0.5,True,0.000954594233969325,0.0,0.18,685686.8045403332,EJ,
