file,m_A (Msun),m_B (Msun),e,apapse,m_P (Msun),l (rad),a (AU),t_stop (day),stability,delta_r
orbit_p0.0800.bin,1.0,9.0,0.2,False,0.000954594233969325,3.1415926535897927,0.08,1155043.7297997407,ST,0.014695093478477993
orbit_p0.0900.bin,1.0,9.0,0.2,False,0.000954594233969325,3.1415926535897927,0.09000000000000001,1155043.7297997407,ST,0.021104588965113868
orbit_p0.1000.bin,1.0,9.0,0.2,False,0.000954594233969325,3.1415926535897927,0.1,1155043.7297997407,ST,0.029604240257665553
orbit_p0.1100.bin,1.0,9.0,0.2,False,0.000954594233969325,3.1415926535897927,0.11,1155043.7297997407,ST,0.04388660774821222
orbit_p0.1200.bin,1.0,9.0,0.2,False,0.000954594233969325,3.1415926535897927,0.12,1155043.7297997407,ST,0.05376612370649012
