file,m_A (Msun),m_B (Msun),e,apapse,m_P (Msun),l (rad),a (AU),t_stop (day),stability,delta_r
orbit_a0.08.bin,1.0,0.1111111111111111,0.7,True,0.0,0.0,0.08,3465131.189399222,ST,0.10628997488431914
orbit_a0.09.bin,1.0,0.1111111111111111,0.7,True,0.0,0.0,0.09,3465131.189399222,ST,0.12111996250431714
orbit_a0.10.bin,1.0,0.1111111111111111,0.7,True,0.0,0.0,0.1,1731003.1088184426,CA,
orbit_a0.11.bin,1.0,0.1111111111111111,0.7,True,0.0,0.0,0.11,200462.50140696325,CA,
