file,m_A (Msun),m_B (Msun),e,apapse,m_P (Msun),l (rad),a (AU),t_stop (day),stability,delta_r
orbit_p0.1600.bin,1.0,0.11111111111111112,0.5,False,0.000954594233969325,4.712388980384691,0.16,3465131.189399222,ST,0.089905686507642
orbit_p0.1700.bin,1.0,0.11111111111111112,0.5,False,0.000954594233969325,4.712388980384691,0.16999999999999998,3465131.189399222,ST,0.08088916358444445
orbit_p0.1800.bin,1.0,0.11111111111111112,0.5,False,0.000954594233969325,4.712388980384691,0.18,3465131.189399222,ST,0.07349896870977839
orbit_p0.1900.bin,1.0,0.11111111111111112,0.5,False,0.000954594233969325,4.712388980384691,0.19,3465131.189399222,ST,0.0683299423124394
orbit_p0.2000.bin,1.0,0.11111111111111112,0.5,False,0.000954594233969325,4.712388980384691,0.2,451167.02381598594,CA,
