file,m_A (Msun),m_B (Msun),e,apapse,m_P (Msun),l (rad),a (AU),t_stop (day),stability,delta_r
orbit_a0.1600.bin,1.0,0.11111111111111112,0.5,True,0.000954594233969325,4.712388980384691,0.16,3465131.189399222,ST,0.08788649757071829
orbit_a0.1700.bin,1.0,0.11111111111111112,0.5,True,0.000954594233969325,4.712388980384691,0.16999999999999998,3465131.189399222,ST,0.08648639145946367
orbit_a0.1800.bin,1.0,0.11111111111111112,0.5,True,0.000954594233969325,4.712388980384691,0.18,3465131.189399222,ST,0.07973533999018982
orbit_a0.1900.bin,1.0,0.11111111111111112,0.5,True,0.000954594233969325,4.712388980384691,0.19,3465131.189399222,ST,0.0997661516363513
orbit_a0.2000.bin,1.0,0.11111111111111112,0.5,True,0.000954594233969325,4.712388980384691,0.2,262048.20628106358,CA,
