file,m_A (Msun),m_B (Msun),e,apapse,m_P (Msun),l (rad),a (AU),t_stop (day),stability,delta_r
orbit_a0.1800.bin,1.0,0.6666666666666667,0.3,True,0.0,0.0,0.18,2829267.7686104896,ST,0.04461837447234176
orbit_a0.1900.bin,1.0,0.6666666666666667,0.3,True,0.0,0.0,0.19,2829267.7686104896,ST,0.039066813319232556
orbit_a0.2000.bin,1.0,0.6666666666666667,0.3,True,0.0,0.0,0.2,2829267.7686104896,ST,0.1516809338648428
orbit_a0.2100.bin,1.0,0.6666666666666667,0.3,True,0.0,0.0,0.21,2829267.7686104896,ST,0.05680168139133115
