file,m_A (Msun),m_B (Msun),e,apapse,m_P (Msun),l (rad),a (AU),t_stop (day),stability,delta_r
orbit_a0.0300.bin,1.0,1.4999999999999998,0.8,True,0.0,4.712388980384691,0.03,2310087.4595994814,ST,0.05126302320402126
orbit_a0.0350.bin,1.0,1.4999999999999998,0.8,True,0.0,4.712388980384691,0.035,2310087.4595994814,ST,0.05363630187545305
orbit_a0.0400.bin,1.0,1.4999999999999998,0.8,True,0.0,4.712388980384691,0.04,352868.1295544018,CA,
orbit_a0.0450.bin,1.0,1.4999999999999998,0.8,True,0.0,4.712388980384691,0.045,32457.60971116944,CA,
