file,m_A (Msun),m_B (Msun),e,apapse,m_P (Msun),l (rad),a (AU),t_stop (day),stability,delta_r
orbit_p0.3600.bin,1.0,0.25,0.0,False,0.028637827019079756,0.0,0.36,3266957.015633596,ST,0.03868402492372526
orbit_p0.3700.bin,1.0,0.25,0.0,False,0.028637827019079756,0.0,0.37,3266957.015633596,ST,0.04404332552388127
orbit_p0.3800.bin,1.0,0.25,0.0,False,0.028637827019079756,0.0,0.38,3266957.015633596,ST,0.05010913033701277
orbit_p0.3900.bin,1.0,0.25,0.0,False,0.028637827019079756,0.0,0.39,3266957.015633596,ST,0.057205596616531566
orbit_p0.4000.bin,1.0,0.25,0.0,False,0.028637827019079756,0.0,0.4,3266957.015633596,ST,0.06610017685968805
