file,m_A (Msun),m_B (Msun),e,apapse,m_P (Msun),l (rad),a (AU),t_stop (day),stability,delta_r
orbit_a0.1500.bin,1.0,4.0,0.0,True,0.0,3.1415926535897927,0.15,1633478.507816798,ST,0.02526073761568048
orbit_a0.1600.bin,1.0,4.0,0.0,True,0.0,3.1415926535897927,0.16,1633478.507816798,ST,0.03168654573083418
orbit_a0.1700.bin,1.0,4.0,0.0,True,0.0,3.1415926535897927,0.17,1633478.507816798,ST,0.03954591773969823
orbit_a0.1800.bin,1.0,4.0,0.0,True,0.0,3.1415926535897927,0.18,1633478.507816798,ST,0.050612547361417994
