file,m_A (Msun),m_B (Msun),e,apapse,m_P (Msun),l (rad),a (AU),t_stop (day),stability,delta_r
orbit_a0.09.bin,1.0,9.000000000000002,0.2,True,0.0,3.1415926535897927,0.09,1155043.7297997407,ST,0.016864498796618776
orbit_a0.10.bin,1.0,9.000000000000002,0.2,True,0.0,3.1415926535897927,0.1,1155043.7297997407,ST,0.02011893528450597
orbit_a0.11.bin,1.0,9.000000000000002,0.2,True,0.0,3.1415926535897927,0.11,1155043.7297997407,ST,0.02904288160089718
orbit_a0.12.bin,1.0,9.000000000000002,0.2,True,0.0,3.1415926535897927,0.12,6918.391779271214,EJ,
