file,m_A (Msun),m_B (Msun),e,apapse,m_P (Msun),l (rad),a (AU),t_stop (day),stability,delta_r
orbit_p0.09.bin,1.0,9.000000000000002,0.2,False,0.0,3.1415926535897927,0.09,1155043.7297997407,ST,0.021345546707334403
orbit_p0.10.bin,1.0,9.000000000000002,0.2,False,0.0,3.1415926535897927,0.1,1155043.7297997407,ST,0.030951086316817294
orbit_p0.11.bin,1.0,9.000000000000002,0.2,False,0.0,3.1415926535897927,0.11,1155043.7297997407,ST,0.042897744022691336
orbit_p0.12.bin,1.0,9.000000000000002,0.2,False,0.0,3.1415926535897927,0.12,1155043.7297997407,ST,0.05302463227660342
