file,m_A (Msun),m_B (Msun),e,apapse,m_P (Msun),l (rad),a (AU),t_stop (day),stability,delta_r
orbit_p0.0900.bin,1.0,2.333333333333333,0.4,False,0.000954594233969325,0.0,0.09,2000594.4249770087,ST,0.039819946136397805
orbit_p0.1000.bin,1.0,2.333333333333333,0.4,False,0.000954594233969325,0.0,0.1,2000594.4249770087,ST,0.04811457851231613
orbit_p0.1100.bin,1.0,2.333333333333333,0.4,False,0.000954594233969325,0.0,0.11,2000594.4249770087,ST,0.05321075963339953
orbit_p0.1200.bin,1.0,2.333333333333333,0.4,False,0.000954594233969325,0.0,0.12,2000594.4249770087,ST,0.06253380532531203
orbit_p0.1300.bin,1.0,2.333333333333333,0.4,False,0.000954594233969325,0.0,0.13,2000594.4249770087,ST,0.08302468432408411
