file,m_A (Msun),m_B (Msun),e,apapse,m_P (Msun),l (rad),a (AU),t_stop (day),stability,delta_r
orbit_a0.0900.bin,1.0,2.333333333333333,0.4,True,0.000954594233969325,0.0,0.09,2000594.4249770087,ST,0.03383430857488546
orbit_a0.1000.bin,1.0,2.333333333333333,0.4,True,0.000954594233969325,0.0,0.1,2000594.4249770087,ST,0.035201438275145075
orbit_a0.1100.bin,1.0,2.333333333333333,0.4,True,0.000954594233969325,0.0,0.11,2000594.4249770087,ST,0.03156619126831595
orbit_a0.1200.bin,1.0,2.333333333333333,0.4,True,0.000954594233969325,0.0,0.12,2000594.4249770087,ST,0.0372357744629777
orbit_a0.1300.bin,1.0,2.333333333333333,0.4,True,0.000954594233969325,0.0,0.13,631656.1619174392,CA,
