file,m_A (Msun),m_B (Msun),e,apapse,m_P (Msun),l (rad),a (AU),t_stop (day),stability,delta_r
orbit_a0.3500.bin,1.0,0.11111111111111112,0.1,True,0.028637827019079756,3.1415926535897927,0.35,3465131.189399222,ST,0.01567148324462758
orbit_a0.3600.bin,1.0,0.11111111111111112,0.1,True,0.028637827019079756,3.1415926535897927,0.36,3465131.189399222,ST,0.014401261280488813
orbit_a0.3700.bin,1.0,0.11111111111111112,0.1,True,0.028637827019079756,3.1415926535897927,0.37,3465131.189399222,ST,0.01974050280539822
orbit_a0.3800.bin,1.0,0.11111111111111112,0.1,True,0.028637827019079756,3.1415926535897927,0.38,3465131.189399222,ST,0.03669777940372345
orbit_a0.3900.bin,1.0,0.11111111111111112,0.1,True,0.028637827019079756,3.1415926535897927,0.39,1402479.0199586663,CA,
