file,m_A (Msun),m_B (Msun),e,apapse,m_P (Msun),l (rad),a (AU),t_stop (day),stability,delta_r
orbit_p0.3500.bin,1.0,0.11111111111111112,0.1,False,0.028637827019079756,3.1415926535897927,0.35,3465131.189399222,ST,0.01738438896768942
orbit_p0.3600.bin,1.0,0.11111111111111112,0.1,False,0.028637827019079756,3.1415926535897927,0.36,3465131.189399222,ST,0.021787522377234362
orbit_p0.3700.bin,1.0,0.11111111111111112,0.1,False,0.028637827019079756,3.1415926535897927,0.37,3465131.189399222,ST,0.024085384116872575
orbit_p0.3800.bin,1.0,0.11111111111111112,0.1,False,0.028637827019079756,3.1415926535897927,0.38,3465131.189399222,ST,0.05175602149467754
orbit_p0.3900.bin,1.0,0.11111111111111112,0.1,False,0.028637827019079756,3.1415926535897927,0.39,1143120.1641793402,CA,
