file,m_A (Msun),m_B (Msun),e,apapse,m_P (Msun),l (rad),a (AU),t_stop (day),stability,delta_r
orbit_a0.0900.bin,1.0,1.4999999999999998,0.5,True,0.0,4.712388980384691,0.09,2310087.4595994814,ST,0.042721107157627704
orbit_a0.1000.bin,1.0,1.4999999999999998,0.5,True,0.0,4.712388980384691,0.1,2310087.4595994814,ST,0.0421710802477059
orbit_a0.1100.bin,1.0,1.4999999999999998,0.5,True,0.0,4.712388980384691,0.11,2310087.4595994814,ST,0.04035723663728891
orbit_a0.1200.bin,1.0,1.4999999999999998,0.5,True,0.0,4.712388980384691,0.12,710448.2712524891,CA,
