file,m_A (Msun),m_B (Msun),e,apapse,m_P (Msun),l (rad),a (AU),t_stop (day),stability,delta_r
orbit_a0.2600.bin,1.0,0.25,0.2,True,0.0,3.1415926535897927,0.26,3266957.015633596,ST,0.029863460654421328
orbit_a0.2700.bin,1.0,0.25,0.2,True,0.0,3.1415926535897927,0.27,3266957.015633596,ST,0.026828570377670818
orbit_a0.2800.bin,1.0,0.25,0.2,True,0.0,3.1415926535897927,0.28,3266957.015633596,ST,0.01954480596941017
orbit_a0.2900.bin,1.0,0.25,0.2,True,0.0,3.1415926535897927,0.29,1290418.0480720398,CA,
