file,m_A (Msun),m_B (Msun),e,apapse,m_P (Msun),l (rad),a (AU),t_stop (day),stability,delta_r
orbit_p0.2600.bin,1.0,0.25,0.2,False,0.0,3.1415926535897927,0.26,3266957.015633596,ST,0.027469364611017677
orbit_p0.2700.bin,1.0,0.25,0.2,False,0.0,3.1415926535897927,0.27,3266957.015633596,ST,0.025261372870104184
orbit_p0.2800.bin,1.0,0.25,0.2,False,0.0,3.1415926535897927,0.28,3266957.015633596,ST,0.029726820826813195
orbit_p0.2900.bin,1.0,0.25,0.2,False,0.0,3.1415926535897927,0.29,3266957.015633596,ST,0.1075549232848585
