file,m_A (Msun),m_B (Msun),e,apapse,m_P (Msun),l (rad),a (AU),t_stop (day),stability,delta_r
orbit_a0.08.bin,1.0,1.0,0.6,True,0.0,3.1415926535897927,0.08,2582756.29681712,ST,0.05511665110603292
orbit_a0.09.bin,1.0,1.0,0.6,True,0.0,3.1415926535897927,0.09,2582756.29681712,ST,0.045091702120266114
orbit_a0.10.bin,1.0,1.0,0.6,True,0.0,3.1415926535897927,0.1,2582756.29681712,ST,0.03574927311621982
orbit_a0.11.bin,1.0,1.0,0.6,True,0.0,3.1415926535897927,0.11,12022.569426220496,CA,
