file,m_A (Msun),m_B (Msun),e,apapse,m_P (Msun),l (rad),a (AU),t_stop (day),stability,delta_r
orbit_p0.1600.bin,1.0,1.0,0.3,False,0.028637827019079756,0.0,0.16,2582756.29681712,ST,0.04974241531515948
orbit_p0.1700.bin,1.0,1.0,0.3,False,0.028637827019079756,0.0,0.16999999999999998,2582756.29681712,ST,0.05350458030847195
orbit_p0.1800.bin,1.0,1.0,0.3,False,0.028637827019079756,0.0,0.18,2582756.29681712,ST,0.06418383961518577
orbit_p0.1900.bin,1.0,1.0,0.3,False,0.028637827019079756,0.0,0.19,2582756.29681712,ST,0.06786247088987825
orbit_p0.2000.bin,1.0,1.0,0.3,False,0.028637827019079756,0.0,0.2,2181230.386701203,CA,
