file,m_A (Msun),m_B (Msun),e,apapse,m_P (Msun),l (rad),a (AU),t_stop (day),stability,delta_r
orbit_a0.1600.bin,1.0,1.0,0.3,True,0.028637827019079756,0.0,0.16,2582756.29681712,ST,0.03654163954961627
orbit_a0.1700.bin,1.0,1.0,0.3,True,0.028637827019079756,0.0,0.16999999999999998,2582756.29681712,ST,0.03907849491948182
orbit_a0.1800.bin,1.0,1.0,0.3,True,0.028637827019079756,0.0,0.18,2582756.29681712,ST,0.03484733965819683
orbit_a0.1900.bin,1.0,1.0,0.3,True,0.028637827019079756,0.0,0.19,1399440.2061893512,CA,
orbit_a0.2000.bin,1.0,1.0,0.3,True,0.028637827019079756,0.0,0.2,1028515.832048756,CA,
