file,m_A (Msun),m_B (Msun),e,apapse,m_P (Msun),l (rad),a (AU),t_stop (day),stability,delta_r
orbit_p0.0350.bin,1.0,9.0,0.6,False,0.028637827019079756,4.712388980384691,0.035,1155043.7297997407,ST,0.02824271340567685
orbit_p0.0400.bin,1.0,9.0,0.6,False,0.028637827019079756,4.712388980384691,0.04,1155043.7297997407,ST,0.03656047639782154
orbit_p0.0450.bin,1.0,9.0,0.6,False,0.028637827019079756,4.712388980384691,0.045,1155043.7297997407,ST,0.05369164448319839
orbit_p0.0500.bin,1.0,9.0,0.6,False,0.028637827019079756,4.712388980384691,0.05,1155043.7297997407,ST,0.10220188216379948
orbit_p0.0550.bin,1.0,9.0,0.6,False,0.028637827019079756,4.712388980384691,0.055,6815.942582186626,CA,
