file,m_A (Msun),m_B (Msun),e,apapse,m_P (Msun),l (rad),a (AU),t_stop (day),stability,delta_r
orbit_a0.0350.bin,1.0,9.0,0.6,True,0.028637827019079756,4.712388980384691,0.035,1155043.7297997407,ST,0.02390036817601946
orbit_a0.0400.bin,1.0,9.0,0.6,True,0.028637827019079756,4.712388980384691,0.04,1155043.7297997407,ST,0.023846974909979335
orbit_a0.0450.bin,1.0,9.0,0.6,True,0.028637827019079756,4.712388980384691,0.045,1155043.7297997407,ST,0.02625462299611965
orbit_a0.0500.bin,1.0,9.0,0.6,True,0.028637827019079756,4.712388980384691,0.05,1155043.7297997407,ST,0.026444604583812654
orbit_a0.0550.bin,1.0,9.0,0.6,True,0.028637827019079756,4.712388980384691,0.055,1089040.68705003,CA,
