file,m_A (Msun),m_B (Msun),e,apapse,m_P (Msun),l (rad),a (AU),t_stop (day),stability,delta_r
orbit_p0.0150.bin,1.0,4.0,0.8,False,0.028637827019079756,4.712388980384691,0.015,1633478.507816798,ST,0.02744761628379322
orbit_p0.0200.bin,1.0,4.0,0.8,False,0.028637827019079756,4.712388980384691,0.02,1633478.507816798,ST,0.034717891997738455
orbit_p0.0250.bin,1.0,4.0,0.8,False,0.028637827019079756,4.712388980384691,0.025,1633478.507816798,ST,0.043339313571479784
orbit_p0.0300.bin,1.0,4.0,0.8,False,0.028637827019079756,4.712388980384691,0.03,542563.6459554353,CB,
orbit_p0.0350.bin,1.0,4.0,0.8,False,0.028637827019079756,4.712388980384691,0.035,49354.33699544093,CA,
