file,m_A (Msun),m_B (Msun),e,apapse,m_P (Msun),l (rad),a (AU),t_stop (day),stability,delta_r
orbit_p0.3500.bin,1.0,0.11111111111111112,0.1,False,0.028637827019079756,4.712388980384691,0.35,3465131.189399222,ST,0.037255122971175704
orbit_p0.3600.bin,1.0,0.11111111111111112,0.1,False,0.028637827019079756,4.712388980384691,0.36,3465131.189399222,ST,0.04245466971870276
orbit_p0.3700.bin,1.0,0.11111111111111112,0.1,False,0.028637827019079756,4.712388980384691,0.37,3465131.189399222,ST,0.05276123716703609
orbit_p0.3800.bin,1.0,0.11111111111111112,0.1,False,0.028637827019079756,4.712388980384691,0.38,587545.2008836546,CA,
orbit_p0.3900.bin,1.0,0.11111111111111112,0.1,False,0.028637827019079756,4.712388980384691,0.39,171322.43864789972,CA,
