file,m_A (Msun),m_B (Msun),e,apapse,m_P (Msun),l (rad),a (AU),t_stop (day),stability,delta_r
orbit_p0.0250.bin,1.0,1.5,0.8,False,0.000954594233969325,1.5707963267948966,0.025,2310087.4595994814,ST,0.04671643262257818
orbit_p0.0300.bin,1.0,1.5,0.8,False,0.000954594233969325,1.5707963267948966,0.03,2310087.4595994814,ST,0.052448134129884895
orbit_p0.0350.bin,1.0,1.5,0.8,False,0.000954594233969325,1.5707963267948966,0.035,2310087.4595994814,ST,0.05640375917512578
orbit_p0.0400.bin,1.0,1.5,0.8,False,0.000954594233969325,1.5707963267948966,0.04,323871.17519750283,CA,
orbit_p0.0450.bin,1.0,1.5,0.8,False,0.000954594233969325,1.5707963267948966,0.045000000000000005,33006.049549137075,CA,
