file,m_A (Msun),m_B (Msun),e,apapse,m_P (Msun),l (rad),a (AU),t_stop (day),stability,delta_r
orbit_a0.0250.bin,1.0,1.5,0.8,True,0.000954594233969325,1.5707963267948966,0.025,2310087.4595994814,ST,0.04659809088302547
orbit_a0.0300.bin,1.0,1.5,0.8,True,0.000954594233969325,1.5707963267948966,0.03,2310087.4595994814,ST,0.05134489883308071
orbit_a0.0350.bin,1.0,1.5,0.8,True,0.000954594233969325,1.5707963267948966,0.035,2310087.4595994814,ST,0.0516227666153976
orbit_a0.0400.bin,1.0,1.5,0.8,True,0.000954594233969325,1.5707963267948966,0.04,416848.96412365185,CA,
orbit_a0.0450.bin,1.0,1.5,0.8,True,0.000954594233969325,1.5707963267948966,0.045000000000000005,1410970.242211252,CA,
