file,m_A (Msun),m_B (Msun),e,apapse,m_P (Msun),l (rad),a (AU),t_stop (day),stability,delta_r
orbit_p0.0150.bin,1.0,4.0,0.8,False,0.000954594233969325,4.712388980384691,0.015,1633478.507816798,ST,0.02878896107807051
orbit_p0.0200.bin,1.0,4.0,0.8,False,0.000954594233969325,4.712388980384691,0.02,1633478.507816798,ST,0.03616076929741162
orbit_p0.0250.bin,1.0,4.0,0.8,False,0.000954594233969325,4.712388980384691,0.025,1633478.507816798,ST,0.0437234824854899
orbit_p0.0300.bin,1.0,4.0,0.8,False,0.000954594233969325,4.712388980384691,0.03,1633478.507816798,ST,0.1887175375171494
orbit_p0.0350.bin,1.0,4.0,0.8,False,0.000954594233969325,4.712388980384691,0.035,13393.523276911776,CA,
