file,m_A (Msun),m_B (Msun),e,apapse,m_P (Msun),l (rad),a (AU),t_stop (day),stability,delta_r
orbit_p0.1700.bin,1.0,0.6666666666666667,0.3,False,0.000954594233969325,1.5707963267948966,0.17,2829267.7686104896,ST,0.049257988215247045
orbit_p0.1800.bin,1.0,0.6666666666666667,0.3,False,0.000954594233969325,1.5707963267948966,0.18,2829267.7686104896,ST,0.05283472299639069
orbit_p0.1900.bin,1.0,0.6666666666666667,0.3,False,0.000954594233969325,1.5707963267948966,0.19,2829267.7686104896,ST,0.07712142389552842
orbit_p0.2000.bin,1.0,0.6666666666666667,0.3,False,0.000954594233969325,1.5707963267948966,0.2,1046312.3473652719,CA,
orbit_p0.2100.bin,1.0,0.6666666666666667,0.3,False,0.000954594233969325,1.5707963267948966,0.21,16418.293120145972,CA,
