file,m_A (Msun),m_B (Msun),e,apapse,m_P (Msun),l (rad),a (AU),t_stop (day),stability,delta_r
orbit_a0.0700.bin,1.0,0.11111111111111112,0.7,True,0.000954594233969325,1.5707963267948966,0.06999999999999999,3465131.189399222,ST,0.09198851070848328
orbit_a0.0800.bin,1.0,0.11111111111111112,0.7,True,0.000954594233969325,1.5707963267948966,0.08,3465131.189399222,ST,0.11222179415852537
orbit_a0.0900.bin,1.0,0.11111111111111112,0.7,True,0.000954594233969325,1.5707963267948966,0.09,3465131.189399222,ST,0.13496966270782756
orbit_a0.1000.bin,1.0,0.11111111111111112,0.7,True,0.000954594233969325,1.5707963267948966,0.1,701047.5892422593,CA,
orbit_a0.1100.bin,1.0,0.11111111111111112,0.7,True,0.000954594233969325,1.5707963267948966,0.11,207891.05232183068,CA,
