file,m_A (Msun),m_B (Msun),e,apapse,m_P (Msun),l (rad),a (AU),t_stop (day),stability,delta_r
orbit_a0.2200.bin,1.0,1.0,0.1,True,0.000954594233969325,4.712388980384691,0.22,2582756.29681712,ST,0.05605209551814287
orbit_a0.2300.bin,1.0,1.0,0.1,True,0.000954594233969325,4.712388980384691,0.23,2582756.29681712,ST,0.050336134908175685
orbit_a0.2400.bin,1.0,1.0,0.1,True,0.000954594233969325,4.712388980384691,0.24,2582756.29681712,ST,0.06389519015448036
orbit_a0.2500.bin,1.0,1.0,0.1,True,0.000954594233969325,4.712388980384691,0.25,2582756.29681712,ST,0.07892175605692035
orbit_a0.2600.bin,1.0,1.0,0.1,True,0.000954594233969325,4.712388980384691,0.26,2582756.29681712,ST,0.09879131033674897
