file,m_A (Msun),m_B (Msun),e,apapse,m_P (Msun),l (rad),a (AU),t_stop (day),stability,delta_r
orbit_p0.2200.bin,1.0,1.0,0.1,False,0.000954594233969325,4.712388980384691,0.22,2582756.29681712,ST,0.06972450010781323
orbit_p0.2300.bin,1.0,1.0,0.1,False,0.000954594233969325,4.712388980384691,0.23,2582756.29681712,ST,0.08921118533342352
orbit_p0.2400.bin,1.0,1.0,0.1,False,0.000954594233969325,4.712388980384691,0.24,2582756.29681712,ST,0.11320574045729159
orbit_p0.2500.bin,1.0,1.0,0.1,False,0.000954594233969325,4.712388980384691,0.25,6302.083337031122,CA,
orbit_p0.2600.bin,1.0,1.0,0.1,False,0.000954594233969325,4.712388980384691,0.26,2871.4531266988365,CA,
