file,m_A (Msun),m_B (Msun),e,apapse,m_P (Msun),l (rad),a (AU),t_stop (day),stability,delta_r
orbit_a0.06.bin,1.0,2.333333333333333,0.6,True,0.0,1.5707963267948966,0.06,2000594.4249770087,ST,0.040993065712777256
orbit_a0.07.bin,1.0,2.333333333333333,0.6,True,0.0,1.5707963267948966,0.07,2000594.4249770087,ST,0.04072188834607888
orbit_a0.08.bin,1.0,2.333333333333333,0.6,True,0.0,1.5707963267948966,0.08,327788.35156678496,CA,
orbit_a0.09.bin,1.0,2.333333333333333,0.6,True,0.0,1.5707963267948966,0.09,17501.61498173122,CA,
