file,m_A (Msun),m_B (Msun),e,apapse,m_P (Msun),l (rad),a (AU),t_stop (day),stability,delta_r
orbit_p0.2400.bin,1.0,1.0,0.0,False,0.028637827019079756,1.5707963267948966,0.24,2582756.29681712,ST,0.06885663888927016
orbit_p0.2500.bin,1.0,1.0,0.0,False,0.028637827019079756,1.5707963267948966,0.25,2582756.29681712,ST,0.08426910317025822
orbit_p0.2600.bin,1.0,1.0,0.0,False,0.028637827019079756,1.5707963267948966,0.26,2582756.29681712,ST,0.10763022727545221
orbit_p0.2700.bin,1.0,1.0,0.0,False,0.028637827019079756,1.5707963267948966,0.27,2582756.29681712,ST,0.1532400149135145
orbit_p0.2800.bin,1.0,1.0,0.0,False,0.028637827019079756,1.5707963267948966,0.28,6887.677834113331,CA,
