file,m_A (Msun),m_B (Msun),e,apapse,m_P (Msun),l (rad),a (AU),t_stop (day),stability,delta_r
orbit_p0.3600.bin,1.0,0.25,0.0,False,0.028637827019079756,3.1415926535897927,0.36,3266957.015633596,ST,0.036753127880094216
orbit_p0.3700.bin,1.0,0.25,0.0,False,0.028637827019079756,3.1415926535897927,0.37,3266957.015633596,ST,0.04064635806273279
orbit_p0.3800.bin,1.0,0.25,0.0,False,0.028637827019079756,3.1415926535897927,0.38,3266957.015633596,ST,0.06903157002990794
orbit_p0.3900.bin,1.0,0.25,0.0,False,0.028637827019079756,3.1415926535897927,0.39,52450.55084222216,CA,
orbit_p0.4000.bin,1.0,0.25,0.0,False,0.028637827019079756,3.1415926535897927,0.4,7132.9475454622425,CA,
