file,m_A (Msun),m_B (Msun),e,apapse,m_P (Msun),l (rad),a (AU),t_stop (day),stability,delta_r
orbit_a0.0200.bin,1.0,0.6666666666666667,0.8,True,0.000954594233969325,3.1415926535897927,0.02,2829267.7686104896,ST,0.042268640906424584
orbit_a0.0300.bin,1.0,0.6666666666666667,0.8,True,0.000954594233969325,3.1415926535897927,0.03,2829267.7686104896,ST,0.057702397477328866
orbit_a0.0400.bin,1.0,0.6666666666666667,0.8,True,0.000954594233969325,3.1415926535897927,0.04,2829267.7686104896,ST,0.06702100123867402
orbit_a0.0500.bin,1.0,0.6666666666666667,0.8,True,0.000954594233969325,3.1415926535897927,0.05,177804.05221183802,CA,
orbit_a0.0600.bin,1.0,0.6666666666666667,0.8,True,0.000954594233969325,3.1415926535897927,0.06,104142.48053196543,CA,
