file,m_A (Msun),m_B (Msun),e,apapse,m_P (Msun),l (rad),a (AU),t_stop (day),stability,delta_r
orbit_a0.0300.bin,1.0,0.6666666666666667,0.8,True,0.0,3.1415926535897927,0.03,2829267.7686104896,ST,0.058556512393982525
orbit_a0.0400.bin,1.0,0.6666666666666667,0.8,True,0.0,3.1415926535897927,0.04,2829267.7686104896,ST,0.06582026554550174
orbit_a0.0500.bin,1.0,0.6666666666666667,0.8,True,0.0,3.1415926535897927,0.05,187718.84002293515,CA,
orbit_a0.0600.bin,1.0,0.6666666666666667,0.8,True,0.0,3.1415926535897927,0.06,77379.70396038375,CA,
