file,m_A (Msun),m_B (Msun),e,apapse,m_P (Msun),l (rad),a (AU),t_stop (day),stability,delta_r
orbit_p0.0300.bin,1.0,0.6666666666666667,0.8,False,0.0,3.1415926535897927,0.03,2829267.7686104896,ST,0.055426372802568374
orbit_p0.0400.bin,1.0,0.6666666666666667,0.8,False,0.0,3.1415926535897927,0.04,2829267.7686104896,ST,0.06649115941464477
orbit_p0.0500.bin,1.0,0.6666666666666667,0.8,False,0.0,3.1415926535897927,0.05,2829267.7686104896,ST,0.17814850650304923
orbit_p0.0600.bin,1.0,0.6666666666666667,0.8,False,0.0,3.1415926535897927,0.06,71014.16029064832,CA,
