file,m_A (Msun),m_B (Msun),e,apapse,m_P (Msun),l (rad),a (AU),t_stop (day),stability,delta_r
orbit_a0.08.bin,1.0,9.000000000000002,0.3,True,0.0,3.1415926535897927,0.08,1155043.7297997407,ST,0.019304240143294397
orbit_a0.09.bin,1.0,9.000000000000002,0.3,True,0.0,3.1415926535897927,0.09,1155043.7297997407,ST,0.024164376842196342
orbit_a0.10.bin,1.0,9.000000000000002,0.3,True,0.0,3.1415926535897927,0.1,1155043.7297997407,ST,0.02770182952432626
orbit_a0.11.bin,1.0,9.000000000000002,0.3,True,0.0,3.1415926535897927,0.11,7019.438266699739,CB,
