file,m_A (Msun),m_B (Msun),e,apapse,m_P (Msun),l (rad),a (AU),t_stop (day),stability,delta_r
orbit_a0.2800.bin,1.0,0.6666666666666667,0.0,True,0.028637827019079756,3.1415926535897927,0.28,2829267.7686104896,ST,0.03704384071122854
orbit_a0.2900.bin,1.0,0.6666666666666667,0.0,True,0.028637827019079756,3.1415926535897927,0.29,2829267.7686104896,ST,0.04166608144088651
orbit_a0.3000.bin,1.0,0.6666666666666667,0.0,True,0.028637827019079756,3.1415926535897927,0.3,2829267.7686104896,ST,0.047877376326325216
orbit_a0.3100.bin,1.0,0.6666666666666667,0.0,True,0.028637827019079756,3.1415926535897927,0.31,2829267.7686104896,ST,0.054639677739852274
orbit_a0.3200.bin,1.0,0.6666666666666667,0.0,True,0.028637827019079756,3.1415926535897927,0.32,2829267.7686104896,ST,0.0626351873640857
