file,m_A (Msun),m_B (Msun),e,apapse,m_P (Msun),l (rad),a (AU),t_stop (day),stability,delta_r
orbit_p0.2800.bin,1.0,0.6666666666666667,0.0,False,0.028637827019079756,3.1415926535897927,0.28,2829267.7686104896,ST,0.043512090944269076
orbit_p0.2900.bin,1.0,0.6666666666666667,0.0,False,0.028637827019079756,3.1415926535897927,0.29,2829267.7686104896,ST,0.04887873462668857
orbit_p0.3000.bin,1.0,0.6666666666666667,0.0,False,0.028637827019079756,3.1415926535897927,0.3,2829267.7686104896,ST,0.05407499958297106
orbit_p0.3100.bin,1.0,0.6666666666666667,0.0,False,0.028637827019079756,3.1415926535897927,0.31,2829267.7686104896,ST,0.05991812295648161
orbit_p0.3200.bin,1.0,0.6666666666666667,0.0,False,0.028637827019079756,3.1415926535897927,0.32,2829267.7686104896,ST,0.060264806817414494
