file,m_A (Msun),m_B (Msun),e,apapse,m_P (Msun),l (rad),a (AU),t_stop (day),stability,delta_r
orbit_p0.1400.bin,1.0,1.4999999999999998,0.3,False,0.028637827019079756,0.0,0.14,2310087.4595994814,ST,0.045662201716522424
orbit_p0.1500.bin,1.0,1.4999999999999998,0.3,False,0.028637827019079756,0.0,0.15,2310087.4595994814,ST,0.051272035947018915
orbit_p0.1600.bin,1.0,1.4999999999999998,0.3,False,0.028637827019079756,0.0,0.16,2310087.4595994814,ST,0.057420746371538954
orbit_p0.1700.bin,1.0,1.4999999999999998,0.3,False,0.028637827019079756,0.0,0.17,2310087.4595994814,ST,0.06879069530822361
orbit_p0.1800.bin,1.0,1.4999999999999998,0.3,False,0.028637827019079756,0.0,0.18,2310087.4595994814,ST,0.08014295610950899
