file,m_A (Msun),m_B (Msun),e,apapse,m_P (Msun),l (rad),a (AU),t_stop (day),stability,delta_r
orbit_a0.1400.bin,1.0,1.4999999999999998,0.3,True,0.028637827019079756,0.0,0.14,2310087.4595994814,ST,0.0382908949213461
orbit_a0.1500.bin,1.0,1.4999999999999998,0.3,True,0.028637827019079756,0.0,0.15,2310087.4595994814,ST,0.03106758197623859
orbit_a0.1600.bin,1.0,1.4999999999999998,0.3,True,0.028637827019079756,0.0,0.16,2310087.4595994814,ST,0.04679535060949244
orbit_a0.1700.bin,1.0,1.4999999999999998,0.3,True,0.028637827019079756,0.0,0.17,2310087.4595994814,ST,0.03125715311191743
orbit_a0.1800.bin,1.0,1.4999999999999998,0.3,True,0.028637827019079756,0.0,0.18,2310087.4595994814,ST,0.04376653928789397
