file,m_A (Msun),m_B (Msun),e,apapse,m_P (Msun),l (rad),a (AU),t_stop (day),stability,delta_r
orbit_a0.23.bin,1.0,1.0,0.1,True,0.0,0.0,0.23,2582756.29681712,ST,0.04121880235346726
orbit_a0.24.bin,1.0,1.0,0.1,True,0.0,0.0,0.24,2582756.29681712,ST,0.04827043034782667
orbit_a0.25.bin,1.0,1.0,0.1,True,0.0,0.0,0.25,2582756.29681712,ST,0.04847665644068281
orbit_a0.26.bin,1.0,1.0,0.1,True,0.0,0.0,0.26,2582756.29681712,ST,0.07718114602061703
