file,m_A (Msun),m_B (Msun),e,apapse,m_P (Msun),l (rad),a (AU),t_stop (day),stability,delta_r
orbit_p0.23.bin,1.0,1.0,0.1,False,0.0,0.0,0.23,2582756.29681712,ST,0.04569832469079509
orbit_p0.24.bin,1.0,1.0,0.1,False,0.0,0.0,0.24,2582756.29681712,ST,0.0559636937367239
orbit_p0.25.bin,1.0,1.0,0.1,False,0.0,0.0,0.25,2582756.29681712,ST,0.0604806750720897
orbit_p0.26.bin,1.0,1.0,0.1,False,0.0,0.0,0.26,2582756.29681712,ST,0.0701736768099427
