file,m_A (Msun),m_B (Msun),e,apapse,m_P (Msun),l (rad),a (AU),t_stop (day),stability,delta_r
orbit_a0.1200.bin,1.0,2.333333333333333,0.3,True,0.028637827019079756,4.712388980384691,0.12,2000594.4249770087,ST,0.03089251572971846
orbit_a0.1300.bin,1.0,2.333333333333333,0.3,True,0.028637827019079756,4.712388980384691,0.13,2000594.4249770087,ST,0.03278417323824275
orbit_a0.1400.bin,1.0,2.333333333333333,0.3,True,0.028637827019079756,4.712388980384691,0.14,2000594.4249770087,ST,0.037159829300433316
orbit_a0.1500.bin,1.0,2.333333333333333,0.3,True,0.028637827019079756,4.712388980384691,0.15000000000000002,2000594.4249770087,ST,0.057411427145551815
orbit_a0.1600.bin,1.0,2.333333333333333,0.3,True,0.028637827019079756,4.712388980384691,0.16,1733681.543848297,CA,
