file,m_A (Msun),m_B (Msun),e,apapse,m_P (Msun),l (rad),a (AU),t_stop (day),stability,delta_r
orbit_p0.1200.bin,1.0,2.333333333333333,0.3,False,0.028637827019079756,4.712388980384691,0.12,2000594.4249770087,ST,0.0488204627026736
orbit_p0.1300.bin,1.0,2.333333333333333,0.3,False,0.028637827019079756,4.712388980384691,0.13,2000594.4249770087,ST,0.0683500795335158
orbit_p0.1400.bin,1.0,2.333333333333333,0.3,False,0.028637827019079756,4.712388980384691,0.14,2000594.4249770087,ST,0.0955797298919898
orbit_p0.1500.bin,1.0,2.333333333333333,0.3,False,0.028637827019079756,4.712388980384691,0.15000000000000002,11229.962302185959,CB,
orbit_p0.1600.bin,1.0,2.333333333333333,0.3,False,0.028637827019079756,4.712388980384691,0.16,1898.5451978878207,CA,
