file,m_A (Msun),m_B (Msun),e,apapse,m_P (Msun),l (rad),a (AU),t_stop (day),stability,delta_r
orbit_a0.25.bin,1.0,1.0,0.0,True,0.0,1.5707963267948966,0.25,2582756.29681712,ST,0.08965379892428924
orbit_a0.26.bin,1.0,1.0,0.0,True,0.0,1.5707963267948966,0.26,2582756.29681712,ST,0.1217024088094303
orbit_a0.27.bin,1.0,1.0,0.0,True,0.0,1.5707963267948966,0.27,520.644653870503,CA,
orbit_a0.28.bin,1.0,1.0,0.0,True,0.0,1.5707963267948966,0.28,473.1948936796463,CB,
