file,m_A (Msun),m_B (Msun),e,apapse,m_P (Msun),l (rad),a (AU),t_stop (day),stability,delta_r
orbit_p0.25.bin,1.0,1.0,0.0,False,0.0,1.5707963267948966,0.25,2582756.29681712,ST,0.09218989221660061
orbit_p0.26.bin,1.0,1.0,0.0,False,0.0,1.5707963267948966,0.26,2582756.29681712,ST,0.12068517405753326
orbit_p0.27.bin,1.0,1.0,0.0,False,0.0,1.5707963267948966,0.27,1535.4970609685283,CA,
orbit_p0.28.bin,1.0,1.0,0.0,False,0.0,1.5707963267948966,0.28,1549.7128776163065,CA,
