file,m_A (Msun),m_B (Msun),e,apapse,m_P (Msun),l (rad),a (AU),t_stop (day),stability,delta_r
orbit_p0.0200.bin,1.0,0.4285714285714286,0.8,False,0.000954594233969325,4.712388980384691,0.02,3055958.462454599,ST,0.04296626207045227
orbit_p0.0300.bin,1.0,0.4285714285714286,0.8,False,0.000954594233969325,4.712388980384691,0.03,3055958.462454599,ST,0.06164496318364895
orbit_p0.0400.bin,1.0,0.4285714285714286,0.8,False,0.000954594233969325,4.712388980384691,0.04,3055958.462454599,ST,0.07512240041047094
orbit_p0.0500.bin,1.0,0.4285714285714286,0.8,False,0.000954594233969325,4.712388980384691,0.05,2627266.6491049198,CA,
orbit_p0.0600.bin,1.0,0.4285714285714286,0.8,False,0.000954594233969325,4.712388980384691,0.06,128302.35317084186,CA,
