file,m_A (Msun),m_B (Msun),e,apapse,m_P (Msun),l (rad),a (AU),t_stop (day),stability,delta_r
orbit_a0.2500.bin,1.0,0.25,0.2,True,0.028637827019079756,0.0,0.25,3266957.015633596,ST,0.043851714083963
orbit_a0.2600.bin,1.0,0.25,0.2,True,0.028637827019079756,0.0,0.26,3266957.015633596,ST,0.04470016096866532
orbit_a0.2700.bin,1.0,0.25,0.2,True,0.028637827019079756,0.0,0.27,3266957.015633596,ST,0.03936236998406527
orbit_a0.2800.bin,1.0,0.25,0.2,True,0.028637827019079756,0.0,0.28,3266957.015633596,ST,0.04153128468205075
orbit_a0.2900.bin,1.0,0.25,0.2,True,0.028637827019079756,0.0,0.29,3266957.015633596,ST,0.02654668766857095
