file,m_A (Msun),m_B (Msun),e,apapse,m_P (Msun),l (rad),a (AU),t_stop (day),stability,delta_r
orbit_p0.2500.bin,1.0,0.25,0.2,False,0.028637827019079756,4.712388980384691,0.25,3266957.015633596,ST,0.049056758119683776
orbit_p0.2600.bin,1.0,0.25,0.2,False,0.028637827019079756,4.712388980384691,0.26,3266957.015633596,ST,0.04430301719393836
orbit_p0.2700.bin,1.0,0.25,0.2,False,0.028637827019079756,4.712388980384691,0.27,3266957.015633596,ST,0.05501115115491361
orbit_p0.2800.bin,1.0,0.25,0.2,False,0.028637827019079756,4.712388980384691,0.28,364179.37986881065,CA,
orbit_p0.2900.bin,1.0,0.25,0.2,False,0.028637827019079756,4.712388980384691,0.29,3266957.015633596,ST,0.06167587786822197
