file,m_A (Msun),m_B (Msun),e,apapse,m_P (Msun),l (rad),a (AU),t_stop (day),stability,delta_r
orbit_a0.0500.bin,1.0,2.333333333333333,0.6,True,0.000954594233969325,4.712388980384691,0.05,2000594.4249770087,ST,0.03860606628902105
orbit_a0.0600.bin,1.0,2.333333333333333,0.6,True,0.000954594233969325,4.712388980384691,0.06000000000000001,2000594.4249770087,ST,0.041683303199094204
orbit_a0.0700.bin,1.0,2.333333333333333,0.6,True,0.000954594233969325,4.712388980384691,0.07,2000594.4249770087,ST,0.04150100704807431
orbit_a0.0800.bin,1.0,2.333333333333333,0.6,True,0.000954594233969325,4.712388980384691,0.08,792864.7286612731,CA,
orbit_a0.0900.bin,1.0,2.333333333333333,0.6,True,0.000954594233969325,4.712388980384691,0.09000000000000001,27310.47992619153,CA,
