file,m_A (Msun),m_B (Msun),e,apapse,m_P (Msun),l (rad),a (AU),t_stop (day),stability,delta_r
orbit_p0.1100.bin,1.0,4.0,0.3,False,0.0,0.0,0.11,1633478.507816798,ST,0.04158904720088288
orbit_p0.1200.bin,1.0,4.0,0.3,False,0.0,0.0,0.12,1633478.507816798,ST,0.053490911274589874
orbit_p0.1300.bin,1.0,4.0,0.3,False,0.0,0.0,0.13,1633478.507816798,ST,0.0670039071079481
orbit_p0.1400.bin,1.0,4.0,0.3,False,0.0,0.0,0.14,1633478.507816798,ST,0.08817225027781192
