file,m_A (Msun),m_B (Msun),e,apapse,m_P (Msun),l (rad),a (AU),t_stop (day),stability,delta_r
orbit_a0.1200.bin,1.0,1.4999999999999998,0.4,True,0.0,0.0,0.12,2310087.4595994814,ST,0.039108525982125
orbit_a0.1300.bin,1.0,1.4999999999999998,0.4,True,0.0,0.0,0.13,2310087.4595994814,ST,0.03847692392573061
orbit_a0.1400.bin,1.0,1.4999999999999998,0.4,True,0.0,0.0,0.14,2310087.4595994814,ST,0.05160773179795815
orbit_a0.1500.bin,1.0,1.4999999999999998,0.4,True,0.0,0.0,0.15,2310087.4595994814,ST,0.04541449664492398
