file,m_A (Msun),m_B (Msun),e,apapse,m_P (Msun),l (rad),a (AU),t_stop (day),stability,delta_r
orbit_p0.4300.bin,1.0,0.11111111111111112,0.0,False,0.000954594233969325,3.1415926535897927,0.43,3465131.189399222,ST,0.03160591569385389
orbit_p0.4400.bin,1.0,0.11111111111111112,0.0,False,0.000954594233969325,3.1415926535897927,0.44,3465131.189399222,ST,0.03454876611927276
orbit_p0.4500.bin,1.0,0.11111111111111112,0.0,False,0.000954594233969325,3.1415926535897927,0.45,3465131.189399222,ST,0.03623884797575252
orbit_p0.4600.bin,1.0,0.11111111111111112,0.0,False,0.000954594233969325,3.1415926535897927,0.46,3465131.189399222,ST,0.046556029109419014
orbit_p0.4700.bin,1.0,0.11111111111111112,0.0,False,0.000954594233969325,3.1415926535897927,0.47,3465131.189399222,ST,0.08738368318703099
