file,m_A (Msun),m_B (Msun),e,apapse,m_P (Msun),l (rad),a (AU),t_stop (day),stability,delta_r
orbit_p0.1900.bin,1.0,0.4285714285714286,0.3,False,0.000954594233969325,4.712388980384691,0.19,3055958.462454599,ST,0.04735689890959973
orbit_p0.2000.bin,1.0,0.4285714285714286,0.3,False,0.000954594233969325,4.712388980384691,0.2,3055958.462454599,ST,0.06003477029186786
orbit_p0.2100.bin,1.0,0.4285714285714286,0.3,False,0.000954594233969325,4.712388980384691,0.21,3055958.462454599,ST,0.0631062956352574
orbit_p0.2200.bin,1.0,0.4285714285714286,0.3,False,0.000954594233969325,4.712388980384691,0.22,342628.89711496315,CA,
orbit_p0.2300.bin,1.0,0.4285714285714286,0.3,False,0.000954594233969325,4.712388980384691,0.23,66645.07607560302,CA,
