file,m_A (Msun),m_B (Msun),e,apapse,m_P (Msun),l (rad),a (AU),t_stop (day),stability,delta_r
orbit_p0.0400.bin,1.0,4.0,0.6,False,0.000954594233969325,3.1415926535897927,0.04,1633478.507816798,ST,0.02576028948862072
orbit_p0.0500.bin,1.0,4.0,0.6,False,0.000954594233969325,3.1415926535897927,0.05,1633478.507816798,ST,0.027629035255362994
orbit_p0.0600.bin,1.0,4.0,0.6,False,0.000954594233969325,3.1415926535897927,0.06,1633478.507816798,ST,0.027746670493668434
orbit_p0.0700.bin,1.0,4.0,0.6,False,0.000954594233969325,3.1415926535897927,0.06999999999999999,1633478.507816798,ST,0.040414562007910874
orbit_p0.0800.bin,1.0,4.0,0.6,False,0.000954594233969325,3.1415926535897927,0.08,11449.56400518717,CA,
