file,m_A (Msun),m_B (Msun),e,apapse,m_P (Msun),l (rad),a (AU),t_stop (day),stability,delta_r
orbit_a0.0400.bin,1.0,4.0,0.6,True,0.000954594233969325,3.1415926535897927,0.04,1633478.507816798,ST,0.0304828930592315
orbit_a0.0500.bin,1.0,4.0,0.6,True,0.000954594233969325,3.1415926535897927,0.05,1633478.507816798,ST,0.03399643163558352
orbit_a0.0600.bin,1.0,4.0,0.6,True,0.000954594233969325,3.1415926535897927,0.06,1633478.507816798,ST,0.03307217621599917
orbit_a0.0700.bin,1.0,4.0,0.6,True,0.000954594233969325,3.1415926535897927,0.06999999999999999,1633478.507816798,ST,0.021789562210570466
orbit_a0.0800.bin,1.0,4.0,0.6,True,0.000954594233969325,3.1415926535897927,0.08,15600.906472235727,EJ,
