file,m_A (Msun),m_B (Msun),e,apapse,m_P (Msun),l (rad),a (AU),t_stop (day),stability,delta_r
orbit_p0.2500.bin,1.0,0.6666666666666667,0.1,False,0.000954594233969325,0.0,0.25,2829267.7686104896,ST,0.04276914303740292
orbit_p0.2600.bin,1.0,0.6666666666666667,0.1,False,0.000954594233969325,0.0,0.26,2829267.7686104896,ST,0.04845511108090707
orbit_p0.2700.bin,1.0,0.6666666666666667,0.1,False,0.000954594233969325,0.0,0.27,2829267.7686104896,ST,0.05585570538556034
orbit_p0.2800.bin,1.0,0.6666666666666667,0.1,False,0.000954594233969325,0.0,0.28,2829267.7686104896,ST,0.06447094237617561
orbit_p0.2900.bin,1.0,0.6666666666666667,0.1,False,0.000954594233969325,0.0,0.29000000000000004,2829267.7686104896,ST,0.08067836127534693
