file,m_A (Msun),m_B (Msun),e,apapse,m_P (Msun),l (rad),a (AU),t_stop (day),stability,delta_r
orbit_p0.0500.bin,1.0,2.333333333333333,0.6,False,0.000954594233969325,1.5707963267948966,0.05,2000594.4249770087,ST,0.037895431343790836
orbit_p0.0600.bin,1.0,2.333333333333333,0.6,False,0.000954594233969325,1.5707963267948966,0.06000000000000001,2000594.4249770087,ST,0.04603615932260784
orbit_p0.0700.bin,1.0,2.333333333333333,0.6,False,0.000954594233969325,1.5707963267948966,0.07,2000594.4249770087,ST,0.06128393561639412
orbit_p0.0800.bin,1.0,2.333333333333333,0.6,False,0.000954594233969325,1.5707963267948966,0.08,170325.5114142638,CB,
orbit_p0.0900.bin,1.0,2.333333333333333,0.6,False,0.000954594233969325,1.5707963267948966,0.09000000000000001,614.812771550632,CA,
