file,m_A (Msun),m_B (Msun),e,apapse,m_P (Msun),l (rad),a (AU),t_stop (day),stability,delta_r
orbit_a0.0500.bin,1.0,2.333333333333333,0.6,True,0.000954594233969325,1.5707963267948966,0.05,2000594.4249770087,ST,0.03755925012681646
orbit_a0.0600.bin,1.0,2.333333333333333,0.6,True,0.000954594233969325,1.5707963267948966,0.06000000000000001,2000594.4249770087,ST,0.041329135080829256
orbit_a0.0700.bin,1.0,2.333333333333333,0.6,True,0.000954594233969325,1.5707963267948966,0.07,2000594.4249770087,ST,0.04115054764995439
orbit_a0.0800.bin,1.0,2.333333333333333,0.6,True,0.000954594233969325,1.5707963267948966,0.08,1344519.799569071,CA,
orbit_a0.0900.bin,1.0,2.333333333333333,0.6,True,0.000954594233969325,1.5707963267948966,0.09000000000000001,28918.876492791456,CA,
