file,m_A (Msun),m_B (Msun),e,apapse,m_P (Msun),l (rad),a (AU),t_stop (day),stability,delta_r
orbit_a0.0300.bin,1.0,0.25,0.8,True,0.000954594233969325,1.5707963267948966,0.03,3266957.015633596,ST,0.06390949738218057
orbit_a0.0400.bin,1.0,0.25,0.8,True,0.000954594233969325,1.5707963267948966,0.04,3266957.015633596,ST,0.078220091887362
orbit_a0.0500.bin,1.0,0.25,0.8,True,0.000954594233969325,1.5707963267948966,0.05,3266957.015633596,ST,0.09406932514905844
orbit_a0.0600.bin,1.0,0.25,0.8,True,0.000954594233969325,1.5707963267948966,0.06000000000000001,447393.52872231713,CA,
orbit_a0.0700.bin,1.0,0.25,0.8,True,0.000954594233969325,1.5707963267948966,0.07,101794.18689333696,CA,
