file,m_A (Msun),m_B (Msun),e,apapse,m_P (Msun),l (rad),a (AU),t_stop (day),stability,delta_r
orbit_a0.08.bin,1.0,2.333333333333333,0.5,True,0.0,0.0,0.08,2000594.4249770087,ST,0.0389970920425408
orbit_a0.09.bin,1.0,2.333333333333333,0.5,True,0.0,0.0,0.09,2000594.4249770087,ST,0.04128365414184022
orbit_a0.10.bin,1.0,2.333333333333333,0.5,True,0.0,0.0,0.1,2000594.4249770087,ST,0.032329955428588034
orbit_a0.11.bin,1.0,2.333333333333333,0.5,True,0.0,0.0,0.11,2000594.4249770087,ST,0.03881901484472939
