file,m_A (Msun),m_B (Msun),e,apapse,m_P (Msun),l (rad),a (AU),t_stop (day),stability,delta_r
orbit_p0.02.bin,1.0,2.333333333333333,0.8,False,0.0,1.5707963267948966,0.02,2000594.4249770087,ST,0.038308579829308693
orbit_p0.03.bin,1.0,2.333333333333333,0.8,False,0.0,1.5707963267948966,0.03,2000594.4249770087,ST,0.053302583342730005
orbit_p0.04.bin,1.0,2.333333333333333,0.8,False,0.0,1.5707963267948966,0.04,57216.97766041139,CA,
orbit_p0.05.bin,1.0,2.333333333333333,0.8,False,0.0,1.5707963267948966,0.05,201.77669283319568,CA,
