file,m_A (Msun),m_B (Msun),e,apapse,m_P (Msun),l (rad),a (AU),t_stop (day),stability,delta_r
orbit_a0.17.bin,1.0,1.0,0.3,True,0.0,3.1415926535897927,0.17,2582756.29681712,ST,0.0337642268189665
orbit_a0.18.bin,1.0,1.0,0.3,True,0.0,3.1415926535897927,0.18,2582756.29681712,ST,0.03879571020345247
orbit_a0.19.bin,1.0,1.0,0.3,True,0.0,3.1415926535897927,0.19,344723.01991640014,CA,
orbit_a0.20.bin,1.0,1.0,0.3,True,0.0,3.1415926535897927,0.2,2582756.29681712,ST,0.03569972475312885
