file,m_A (Msun),m_B (Msun),e,apapse,m_P (Msun),l (rad),a (AU),t_stop (day),stability,delta_r
orbit_p0.02.bin,1.0,2.333333333333333,0.8,False,0.0,0.0,0.02,2000594.4249770087,ST,0.03972186862041676
orbit_p0.03.bin,1.0,2.333333333333333,0.8,False,0.0,0.0,0.03,2000594.4249770087,ST,0.05629486855505874
orbit_p0.04.bin,1.0,2.333333333333333,0.8,False,0.0,0.0,0.04,63018.18757739907,CA,
orbit_p0.05.bin,1.0,2.333333333333333,0.8,False,0.0,0.0,0.05,13948.418783987827,EJ,
