file,m_A (Msun),m_B (Msun),e,apapse,m_P (Msun),l (rad),a (AU),t_stop (day),stability,delta_r
orbit_a0.02.bin,1.0,2.333333333333333,0.8,True,0.0,0.0,0.02,2000594.4249770087,ST,0.037952297331581515
orbit_a0.03.bin,1.0,2.333333333333333,0.8,True,0.0,0.0,0.03,2000594.4249770087,ST,0.04451725599920713
orbit_a0.04.bin,1.0,2.333333333333333,0.8,True,0.0,0.0,0.04,57114.936540683484,CA,
orbit_a0.05.bin,1.0,2.333333333333333,0.8,True,0.0,0.0,0.05,10928.513212605902,EJ,
