file,m_A (Msun),m_B (Msun),e,apapse,m_P (Msun),l (rad),a (AU),t_stop (day),stability,delta_r
orbit_a0.0150.bin,1.0,4.0,0.8,True,0.000954594233969325,0.0,0.015,1633478.507816798,ST,0.029221163243630617
orbit_a0.0200.bin,1.0,4.0,0.8,True,0.000954594233969325,0.0,0.02,1633478.507816798,ST,0.03566360983466347
orbit_a0.0250.bin,1.0,4.0,0.8,True,0.000954594233969325,0.0,0.025,1633478.507816798,ST,0.03808917033165724
orbit_a0.0300.bin,1.0,4.0,0.8,True,0.000954594233969325,0.0,0.03,918655.6450464557,CA,
orbit_a0.0350.bin,1.0,4.0,0.8,True,0.000954594233969325,0.0,0.035,112907.72368469065,EJ,
