file,m_A (Msun),m_B (Msun),e,apapse,m_P (Msun),l (rad),a (AU),t_stop (day),stability,delta_r
orbit_a0.05.bin,1.0,1.0,0.7,True,0.0,0.0,0.05,2582756.29681712,ST,0.05554441574638476
orbit_a0.06.bin,1.0,1.0,0.7,True,0.0,0.0,0.06,2582756.29681712,ST,0.06871192056087935
orbit_a0.07.bin,1.0,1.0,0.7,True,0.0,0.0,0.07,736730.4199872207,CA,
orbit_a0.08.bin,1.0,1.0,0.7,True,0.0,0.0,0.08,106812.60744817504,CA,
