file,m_A (Msun),m_B (Msun),e,apapse,m_P (Msun),l (rad),a (AU),t_stop (day),stability,delta_r
orbit_p0.44.bin,1.0,0.1111111111111111,0.0,False,0.0,0.0,0.44,3465131.189399222,ST,0.04457437609865658
orbit_p0.45.bin,1.0,0.1111111111111111,0.0,False,0.0,0.0,0.45,3465131.189399222,ST,0.05814376195456795
orbit_p0.46.bin,1.0,0.1111111111111111,0.0,False,0.0,0.0,0.46,3465131.189399222,ST,0.06812984061910399
orbit_p0.47.bin,1.0,0.1111111111111111,0.0,False,0.0,0.0,0.47,3465131.189399222,ST,0.08423261913362003
