file,m_A (Msun),m_B (Msun),e,apapse,m_P (Msun),l (rad),a (AU),t_stop (day),stability,delta_r
orbit_p0.0300.bin,1.0,2.333333333333333,0.7,False,0.000954594233969325,1.5707963267948966,0.03,2000594.4249770087,ST,0.03494832675157641
orbit_p0.0400.bin,1.0,2.333333333333333,0.7,False,0.000954594233969325,1.5707963267948966,0.04,2000594.4249770087,ST,0.043731399859810845
orbit_p0.0500.bin,1.0,2.333333333333333,0.7,False,0.000954594233969325,1.5707963267948966,0.05,2000594.4249770087,ST,0.05686242889980092
orbit_p0.0600.bin,1.0,2.333333333333333,0.7,False,0.000954594233969325,1.5707963267948966,0.06000000000000001,809411.524203123,CA,
orbit_p0.0700.bin,1.0,2.333333333333333,0.7,False,0.000954594233969325,1.5707963267948966,0.07,1409.339516122554,CA,
