file,m_A (Msun),m_B (Msun),e,apapse,m_P (Msun),l (rad),a (AU),t_stop (day),stability,delta_r
orbit_p0.0700.bin,1.0,2.333333333333333,0.5,False,0.000954594233969325,1.5707963267948966,0.06999999999999999,2000594.4249770087,ST,0.039068733243562435
orbit_p0.0800.bin,1.0,2.333333333333333,0.5,False,0.000954594233969325,1.5707963267948966,0.08,2000594.4249770087,ST,0.04803563232049068
orbit_p0.0900.bin,1.0,2.333333333333333,0.5,False,0.000954594233969325,1.5707963267948966,0.09,2000594.4249770087,ST,0.06440147185188484
orbit_p0.1000.bin,1.0,2.333333333333333,0.5,False,0.000954594233969325,1.5707963267948966,0.1,143427.07423675965,CA,
orbit_p0.1100.bin,1.0,2.333333333333333,0.5,False,0.000954594233969325,1.5707963267948966,0.11,7222.148427507493,CA,
