file,m_A (Msun),m_B (Msun),e,apapse,m_P (Msun),l (rad),a (AU),t_stop (day),stability,delta_r
orbit_a0.0700.bin,1.0,2.333333333333333,0.5,True,0.000954594233969325,1.5707963267948966,0.06999999999999999,2000594.4249770087,ST,0.03628398247225009
orbit_a0.0800.bin,1.0,2.333333333333333,0.5,True,0.000954594233969325,1.5707963267948966,0.08,2000594.4249770087,ST,0.03880788849376638
orbit_a0.0900.bin,1.0,2.333333333333333,0.5,True,0.000954594233969325,1.5707963267948966,0.09,2000594.4249770087,ST,0.03774823304512935
orbit_a0.1000.bin,1.0,2.333333333333333,0.5,True,0.000954594233969325,1.5707963267948966,0.1,2000594.4249770087,ST,0.03752703057649994
orbit_a0.1100.bin,1.0,2.333333333333333,0.5,True,0.000954594233969325,1.5707963267948966,0.11,277388.1717264228,CA,
