file,m_A (Msun),m_B (Msun),e,apapse,m_P (Msun),l (rad),a (AU),t_stop (day),stability,delta_r
orbit_a0.1500.bin,1.0,1.4999999999999998,0.3,True,0.0,0.0,0.15,2310087.4595994814,ST,0.04975181856693472
orbit_a0.1600.bin,1.0,1.4999999999999998,0.3,True,0.0,0.0,0.16,2310087.4595994814,ST,0.05346821371970641
orbit_a0.1700.bin,1.0,1.4999999999999998,0.3,True,0.0,0.0,0.17,2310087.4595994814,ST,0.0343951447544462
orbit_a0.1800.bin,1.0,1.4999999999999998,0.3,True,0.0,0.0,0.18,12186.959745630897,CA,
