file,m_A (Msun),m_B (Msun),e,apapse,m_P (Msun),l (rad),a (AU),t_stop (day),stability,delta_r
orbit_p0.0300.bin,1.0,0.25,0.8,False,0.000954594233969325,4.712388980384691,0.03,3266957.015633596,ST,0.0635034789472127
orbit_p0.0400.bin,1.0,0.25,0.8,False,0.000954594233969325,4.712388980384691,0.04,3266957.015633596,ST,0.0799423386913988
orbit_p0.0500.bin,1.0,0.25,0.8,False,0.000954594233969325,4.712388980384691,0.05,3266957.015633596,ST,0.08846850391264871
orbit_p0.0600.bin,1.0,0.25,0.8,False,0.000954594233969325,4.712388980384691,0.06000000000000001,119899.72739529086,CA,
orbit_p0.0700.bin,1.0,0.25,0.8,False,0.000954594233969325,4.712388980384691,0.07,168391.3204816677,CA,
