file,m_A (Msun),m_B (Msun),e,apapse,m_P (Msun),l (rad),a (AU),t_stop (day),stability,delta_r
orbit_a0.0300.bin,1.0,0.25,0.8,True,0.000954594233969325,4.712388980384691,0.03,3266957.015633596,ST,0.06386597527208226
orbit_a0.0400.bin,1.0,0.25,0.8,True,0.000954594233969325,4.712388980384691,0.04,3266957.015633596,ST,0.07840808840609004
orbit_a0.0500.bin,1.0,0.25,0.8,True,0.000954594233969325,4.712388980384691,0.05,3266957.015633596,ST,0.10631359232325277
orbit_a0.0600.bin,1.0,0.25,0.8,True,0.000954594233969325,4.712388980384691,0.06000000000000001,236964.15821983851,CA,
orbit_a0.0700.bin,1.0,0.25,0.8,True,0.000954594233969325,4.712388980384691,0.07,27269.328921285516,EJ,
