file,m_A (Msun),m_B (Msun),e,apapse,m_P (Msun),l (rad),a (AU),t_stop (day),stability,delta_r
orbit_a0.15.bin,1.0,2.333333333333333,0.2,True,0.0,4.712388980384691,0.15,2000594.4249770087,ST,0.03565989583526823
orbit_a0.16.bin,1.0,2.333333333333333,0.2,True,0.0,4.712388980384691,0.16,2000594.4249770087,ST,0.04460217599641902
orbit_a0.17.bin,1.0,2.333333333333333,0.2,True,0.0,4.712388980384691,0.17,2000594.4249770087,ST,0.0492165757618625
orbit_a0.18.bin,1.0,2.333333333333333,0.2,True,0.0,4.712388980384691,0.18,19347.308617495346,CA,
