file,m_A (Msun),m_B (Msun),e,apapse,m_P (Msun),l (rad),a (AU),t_stop (day),stability,delta_r
orbit_p0.0600.bin,1.0,1.5,0.6,False,0.000954594233969325,4.712388980384691,0.06,2310087.4595994814,ST,0.04736266187799602
orbit_p0.0700.bin,1.0,1.5,0.6,False,0.000954594233969325,4.712388980384691,0.07,2310087.4595994814,ST,0.05273401187509025
orbit_p0.0800.bin,1.0,1.5,0.6,False,0.000954594233969325,4.712388980384691,0.08,2310087.4595994814,ST,0.07358683063566844
orbit_p0.0900.bin,1.0,1.5,0.6,False,0.000954594233969325,4.712388980384691,0.09,107236.4413311514,CA,
orbit_p0.1000.bin,1.0,1.5,0.6,False,0.000954594233969325,4.712388980384691,0.1,28517.029029315516,EJ,
