file,m_A (Msun),m_B (Msun),e,apapse,m_P (Msun),l (rad),a (AU),t_stop (day),stability,delta_r
orbit_a0.1500.bin,1.0,0.6666666666666667,0.4,True,0.0,3.1415926535897927,0.15,2829267.7686104896,ST,0.048548265422595924
orbit_a0.1600.bin,1.0,0.6666666666666667,0.4,True,0.0,3.1415926535897927,0.16,2829267.7686104896,ST,0.03591762578523348
orbit_a0.1700.bin,1.0,0.6666666666666667,0.4,True,0.0,3.1415926535897927,0.17,2829267.7686104896,ST,0.057974683847104476
orbit_a0.1800.bin,1.0,0.6666666666666667,0.4,True,0.0,3.1415926535897927,0.18,2829267.7686104896,ST,0.028742346771019587
