file,m_A (Msun),m_B (Msun),e,apapse,m_P (Msun),l (rad),a (AU),t_stop (day),stability,delta_r
orbit_p0.2100.bin,1.0,1.5,0.0,False,0.000954594233969325,3.1415926535897927,0.21,2310087.4595994814,ST,0.04121198809775333
orbit_p0.2200.bin,1.0,1.5,0.0,False,0.000954594233969325,3.1415926535897927,0.22,2310087.4595994814,ST,0.05083873574222713
orbit_p0.2300.bin,1.0,1.5,0.0,False,0.000954594233969325,3.1415926535897927,0.23,2310087.4595994814,ST,0.05956446972270274
orbit_p0.2400.bin,1.0,1.5,0.0,False,0.000954594233969325,3.1415926535897927,0.24,2310087.4595994814,ST,0.07486183396607476
orbit_p0.2500.bin,1.0,1.5,0.0,False,0.000954594233969325,3.1415926535897927,0.25,2310087.4595994814,ST,0.1134260772610906
