file,m_A (Msun),m_B (Msun),e,apapse,m_P (Msun),l (rad),a (AU),t_stop (day),stability,delta_r
orbit_a0.2100.bin,1.0,1.5,0.0,True,0.000954594233969325,3.1415926535897927,0.21,2310087.4595994814,ST,0.029703286319463916
orbit_a0.2200.bin,1.0,1.5,0.0,True,0.000954594233969325,3.1415926535897927,0.22,2310087.4595994814,ST,0.03538943976085299
orbit_a0.2300.bin,1.0,1.5,0.0,True,0.000954594233969325,3.1415926535897927,0.23,2310087.4595994814,ST,0.041382265878978836
orbit_a0.2400.bin,1.0,1.5,0.0,True,0.000954594233969325,3.1415926535897927,0.24,2310087.4595994814,ST,0.04835374972449212
orbit_a0.2500.bin,1.0,1.5,0.0,True,0.000954594233969325,3.1415926535897927,0.25,2310087.4595994814,ST,0.05625737925558218
