file,m_A (Msun),m_B (Msun),e,apapse,m_P (Msun),l (rad),a (AU),t_stop (day),stability,delta_r
orbit_a0.08.bin,1.0,1.0,0.6,True,0.0,1.5707963267948966,0.08,2582756.29681712,ST,0.05357616441069151
orbit_a0.09.bin,1.0,1.0,0.6,True,0.0,1.5707963267948966,0.09,2582756.29681712,ST,0.04859976902836669
orbit_a0.10.bin,1.0,1.0,0.6,True,0.0,1.5707963267948966,0.1,615336.3969018068,CA,
orbit_a0.11.bin,1.0,1.0,0.6,True,0.0,1.5707963267948966,0.11,14592.565850819015,EJ,
