file,m_A (Msun),m_B (Msun),e,apapse,m_P (Msun),l (rad),a (AU),t_stop (day),stability,delta_r
orbit_a0.2500.bin,1.0,0.25,0.2,True,0.000954594233969325,1.5707963267948966,0.25,3266957.015633596,ST,0.036363777021877215
orbit_a0.2600.bin,1.0,0.25,0.2,True,0.000954594233969325,1.5707963267948966,0.26,3266957.015633596,ST,0.03873369321606628
orbit_a0.2700.bin,1.0,0.25,0.2,True,0.000954594233969325,1.5707963267948966,0.27,3266957.015633596,ST,0.035532460860082465
orbit_a0.2800.bin,1.0,0.25,0.2,True,0.000954594233969325,1.5707963267948966,0.28,3266957.015633596,ST,0.05289591906903745
orbit_a0.2900.bin,1.0,0.25,0.2,True,0.000954594233969325,1.5707963267948966,0.29000000000000004,3266957.015633596,ST,0.03151680590877674
