file,m_A (Msun),m_B (Msun),e,apapse,m_P (Msun),l (rad),a (AU),t_stop (day),stability,delta_r
orbit_p0.0200.bin,1.0,1.0,0.8,False,0.000954594233969325,0.0,0.02,2582756.29681712,ST,0.04157035625648376
orbit_p0.0300.bin,1.0,1.0,0.8,False,0.000954594233969325,0.0,0.03,2582756.29681712,ST,0.05776736077081283
orbit_p0.0400.bin,1.0,1.0,0.8,False,0.000954594233969325,0.0,0.04,2582756.29681712,ST,0.08119520736645806
orbit_p0.0500.bin,1.0,1.0,0.8,False,0.000954594233969325,0.0,0.05,62118.98515432371,CA,
orbit_p0.0600.bin,1.0,1.0,0.8,False,0.000954594233969325,0.0,0.06,16024.189774619863,CA,
