file,m_A (Msun),m_B (Msun),e,apapse,m_P (Msun),l (rad),a (AU),t_stop (day),stability,delta_r
orbit_p0.1100.bin,1.0,0.11111111111111112,0.6,False,0.028637827019079756,1.5707963267948966,0.11,3465131.189399222,ST,0.09543200245149273
orbit_p0.1200.bin,1.0,0.11111111111111112,0.6,False,0.028637827019079756,1.5707963267948966,0.12,3465131.189399222,ST,0.09598345281092753
orbit_p0.1300.bin,1.0,0.11111111111111112,0.6,False,0.028637827019079756,1.5707963267948966,0.13,1123745.6494652287,CA,
orbit_p0.1400.bin,1.0,0.11111111111111112,0.6,False,0.028637827019079756,1.5707963267948966,0.14,873852.5986334573,CA,
orbit_p0.1500.bin,1.0,0.11111111111111112,0.6,False,0.028637827019079756,1.5707963267948966,0.15,650972.3555052718,CA,
