file,m_A (Msun),m_B (Msun),e,apapse,m_P (Msun),l (rad),a (AU),t_stop (day),stability,delta_r
orbit_p0.2600.bin,1.0,0.11111111111111112,0.3,False,0.028637827019079756,3.1415926535897927,0.26,3465131.189399222,ST,0.03593334579647532
orbit_p0.2700.bin,1.0,0.11111111111111112,0.3,False,0.028637827019079756,3.1415926535897927,0.27,1190078.6806077706,CA,
orbit_p0.2800.bin,1.0,0.11111111111111112,0.3,False,0.028637827019079756,3.1415926535897927,0.28,3465131.189399222,ST,0.039545019077733064
orbit_p0.2900.bin,1.0,0.11111111111111112,0.3,False,0.028637827019079756,3.1415926535897927,0.29,3465131.189399222,ST,0.03074742821975313
orbit_p0.3000.bin,1.0,0.11111111111111112,0.3,False,0.028637827019079756,3.1415926535897927,0.3,108585.20361283456,CA,
