file,m_A (Msun),m_B (Msun),e,apapse,m_P (Msun),l (rad),a (AU),t_stop (day),stability,delta_r
orbit_a0.2600.bin,1.0,0.11111111111111112,0.3,True,0.028637827019079756,3.1415926535897927,0.26,3465131.189399222,ST,0.05135736399023714
orbit_a0.2700.bin,1.0,0.11111111111111112,0.3,True,0.028637827019079756,3.1415926535897927,0.27,3465131.189399222,ST,0.04803614239229914
orbit_a0.2800.bin,1.0,0.11111111111111112,0.3,True,0.028637827019079756,3.1415926535897927,0.28,3465131.189399222,ST,0.03477034568094066
orbit_a0.2900.bin,1.0,0.11111111111111112,0.3,True,0.028637827019079756,3.1415926535897927,0.29,3465131.189399222,ST,0.035025077480226915
orbit_a0.3000.bin,1.0,0.11111111111111112,0.3,True,0.028637827019079756,3.1415926535897927,0.3,69846.22590990909,CA,
