file,m_A (Msun),m_B (Msun),e,apapse,m_P (Msun),l (rad),a (AU),t_stop (day),stability,delta_r
orbit_p0.2200.bin,1.0,1.0,0.1,False,0.028637827019079756,4.712388980384691,0.22,2582756.29681712,ST,0.06784480219169892
orbit_p0.2300.bin,1.0,1.0,0.1,False,0.028637827019079756,4.712388980384691,0.23,2582756.29681712,ST,0.0846786337760943
orbit_p0.2400.bin,1.0,1.0,0.1,False,0.028637827019079756,4.712388980384691,0.24,2582756.29681712,ST,0.10110244762241168
orbit_p0.2500.bin,1.0,1.0,0.1,False,0.028637827019079756,4.712388980384691,0.25,18336.43815402904,CA,
orbit_p0.2600.bin,1.0,1.0,0.1,False,0.028637827019079756,4.712388980384691,0.26,811.1281256853207,CA,
