file,m_A (Msun),m_B (Msun),e,apapse,m_P (Msun),l (rad),a (AU),t_stop (day),stability,delta_r
orbit_p0.1600.bin,1.0,0.4285714285714286,0.4,False,0.000954594233969325,4.712388980384691,0.16,3055958.462454599,ST,0.056884920575362326
orbit_p0.1700.bin,1.0,0.4285714285714286,0.4,False,0.000954594233969325,4.712388980384691,0.16999999999999998,3055958.462454599,ST,0.061190778439307994
orbit_p0.1800.bin,1.0,0.4285714285714286,0.4,False,0.000954594233969325,4.712388980384691,0.18,3055958.462454599,ST,0.06447897717984842
orbit_p0.1900.bin,1.0,0.4285714285714286,0.4,False,0.000954594233969325,4.712388980384691,0.19,57482.835030968185,CA,
orbit_p0.2000.bin,1.0,0.4285714285714286,0.4,False,0.000954594233969325,4.712388980384691,0.2,75914.71082131613,EJ,
