file,m_A (Msun),m_B (Msun),e,apapse,m_P (Msun),l (rad),a (AU),t_stop (day),stability,delta_r
orbit_a0.1600.bin,1.0,0.4285714285714286,0.4,True,0.000954594233969325,4.712388980384691,0.16,3055958.462454599,ST,0.057896448174999095
orbit_a0.1700.bin,1.0,0.4285714285714286,0.4,True,0.000954594233969325,4.712388980384691,0.16999999999999998,3055958.462454599,ST,0.07510812716471411
orbit_a0.1800.bin,1.0,0.4285714285714286,0.4,True,0.000954594233969325,4.712388980384691,0.18,3055958.462454599,ST,0.07173604589839884
orbit_a0.1900.bin,1.0,0.4285714285714286,0.4,True,0.000954594233969325,4.712388980384691,0.19,3055958.462454599,ST,0.0658737502743547
orbit_a0.2000.bin,1.0,0.4285714285714286,0.4,True,0.000954594233969325,4.712388980384691,0.2,354595.57100497314,CA,
