file,m_A (Msun),m_B (Msun),e,apapse,m_P (Msun),l (rad),a (AU),t_stop (day),stability,delta_r
orbit_p0.1800.bin,1.0,0.25,0.4,False,0.000954594233969325,4.712388980384691,0.18000000000000002,3266957.015633596,ST,0.06270396463407824
orbit_p0.1900.bin,1.0,0.25,0.4,False,0.000954594233969325,4.712388980384691,0.19,3266957.015633596,ST,0.06034950422293301
orbit_p0.2000.bin,1.0,0.25,0.4,False,0.000954594233969325,4.712388980384691,0.2,3266957.015633596,ST,0.06233451745760047
orbit_p0.2100.bin,1.0,0.25,0.4,False,0.000954594233969325,4.712388980384691,0.21,202235.686482953,CA,
orbit_p0.2200.bin,1.0,0.25,0.4,False,0.000954594233969325,4.712388980384691,0.22,49769.881442155085,CA,
