file,m_A (Msun),m_B (Msun),e,apapse,m_P (Msun),l (rad),a (AU),t_stop (day),stability,delta_r
orbit_a0.3700.bin,1.0,0.25,0.0,True,0.0,3.1415926535897927,0.37,3266957.015633596,ST,0.04558983601914063
orbit_a0.3800.bin,1.0,0.25,0.0,True,0.0,3.1415926535897927,0.38,3266957.015633596,ST,0.05189849678195274
orbit_a0.3900.bin,1.0,0.25,0.0,True,0.0,3.1415926535897927,0.39,3266957.015633596,ST,0.06056553435878282
orbit_a0.4000.bin,1.0,0.25,0.0,True,0.0,3.1415926535897927,0.4,3266957.015633596,ST,0.0668428836938072
