file,m_A (Msun),m_B (Msun),e,apapse,m_P (Msun),l (rad),a (AU),t_stop (day),stability,delta_r
orbit_a0.02.bin,1.0,2.333333333333333,0.8,True,0.0,3.1415926535897927,0.02,2000594.4249770087,ST,0.03777918524232034
orbit_a0.03.bin,1.0,2.333333333333333,0.8,True,0.0,3.1415926535897927,0.03,2000594.4249770087,ST,0.047065891261420224
orbit_a0.04.bin,1.0,2.333333333333333,0.8,True,0.0,3.1415926535897927,0.04,181752.44072624095,CA,
orbit_a0.05.bin,1.0,2.333333333333333,0.8,True,0.0,3.1415926535897927,0.05,1353.031210208028,CB,
