file,m_A (Msun),m_B (Msun),e,apapse,m_P (Msun),l (rad),a (AU),t_stop (day),stability,delta_r
orbit_p0.02.bin,1.0,2.333333333333333,0.8,False,0.0,3.1415926535897927,0.02,2000594.4249770087,ST,0.03503291654388363
orbit_p0.03.bin,1.0,2.333333333333333,0.8,False,0.0,3.1415926535897927,0.03,2000594.4249770087,ST,0.03701657549917232
orbit_p0.04.bin,1.0,2.333333333333333,0.8,False,0.0,3.1415926535897927,0.04,95430.79720084489,CA,
orbit_p0.05.bin,1.0,2.333333333333333,0.8,False,0.0,3.1415926535897927,0.05,4209.026019824499,CA,
