file,m_A (Msun),m_B (Msun),e,apapse,m_P (Msun),l (rad),a (AU),t_stop (day),stability,delta_r
orbit_a0.10.bin,1.0,2.333333333333333,0.4,True,0.0,1.5707963267948966,0.1,2000594.4249770087,ST,0.03505120428835474
orbit_a0.11.bin,1.0,2.333333333333333,0.4,True,0.0,1.5707963267948966,0.11,2000594.4249770087,ST,0.04020582820113823
orbit_a0.12.bin,1.0,2.333333333333333,0.4,True,0.0,1.5707963267948966,0.12,2000594.4249770087,ST,0.03665502775120274
orbit_a0.13.bin,1.0,2.333333333333333,0.4,True,0.0,1.5707963267948966,0.13,71705.57363953817,CA,
