file,m_A (Msun),m_B (Msun),e,apapse,m_P (Msun),l (rad),a (AU),t_stop (day),stability,delta_r
orbit_a0.2100.bin,1.0,1.5,0.0,True,0.000954594233969325,1.5707963267948966,0.21,2310087.4595994814,ST,0.07502271404889123
orbit_a0.2200.bin,1.0,1.5,0.0,True,0.000954594233969325,1.5707963267948966,0.22,2310087.4595994814,ST,0.08500552464115414
orbit_a0.2300.bin,1.0,1.5,0.0,True,0.000954594233969325,1.5707963267948966,0.23,2310087.4595994814,ST,0.1484570280243595
orbit_a0.2400.bin,1.0,1.5,0.0,True,0.000954594233969325,1.5707963267948966,0.24,595.1030610085874,CB,
orbit_a0.2500.bin,1.0,1.5,0.0,True,0.000954594233969325,1.5707963267948966,0.25,666.8593654249986,CA,
