file,m_A (Msun),m_B (Msun),e,apapse,m_P (Msun),l (rad),a (AU),t_stop (day),stability,delta_r
orbit_p0.2500.bin,1.0,0.25,0.2,False,0.028637827019079756,3.1415926535897927,0.25,3266957.015633596,ST,0.02539573357407687
orbit_p0.2600.bin,1.0,0.25,0.2,False,0.028637827019079756,3.1415926535897927,0.26,3266957.015633596,ST,0.02630595577254116
orbit_p0.2700.bin,1.0,0.25,0.2,False,0.028637827019079756,3.1415926535897927,0.27,3266957.015633596,ST,0.0244015159156551
orbit_p0.2800.bin,1.0,0.25,0.2,False,0.028637827019079756,3.1415926535897927,0.28,3266957.015633596,ST,0.0285726049170167
orbit_p0.2900.bin,1.0,0.25,0.2,False,0.028637827019079756,3.1415926535897927,0.29,3266957.015633596,ST,0.08253303411147386
