file,m_A (Msun),m_B (Msun),e,apapse,m_P (Msun),l (rad),a (AU),t_stop (day),stability,delta_r
orbit_a0.2800.bin,1.0,0.6666666666666667,0.0,True,0.028637827019079756,4.712388980384691,0.28,2829267.7686104896,ST,0.05967522557753602
orbit_a0.2900.bin,1.0,0.6666666666666667,0.0,True,0.028637827019079756,4.712388980384691,0.29,2829267.7686104896,ST,0.08970390908326964
orbit_a0.3000.bin,1.0,0.6666666666666667,0.0,True,0.028637827019079756,4.712388980384691,0.3,2829267.7686104896,ST,0.11248284401343243
orbit_a0.3100.bin,1.0,0.6666666666666667,0.0,True,0.028637827019079756,4.712388980384691,0.31,2829267.7686104896,ST,0.1426443626780971
orbit_a0.3200.bin,1.0,0.6666666666666667,0.0,True,0.028637827019079756,4.712388980384691,0.32,420.69571305552597,CA,
