file,m_A (Msun),m_B (Msun),e,apapse,m_P (Msun),l (rad),a (AU),t_stop (day),stability,delta_r
orbit_p0.2800.bin,1.0,0.6666666666666667,0.0,False,0.028637827019079756,4.712388980384691,0.28,2829267.7686104896,ST,0.05437473589538878
orbit_p0.2900.bin,1.0,0.6666666666666667,0.0,False,0.028637827019079756,4.712388980384691,0.29,2829267.7686104896,ST,0.08959922386727803
orbit_p0.3000.bin,1.0,0.6666666666666667,0.0,False,0.028637827019079756,4.712388980384691,0.3,2829267.7686104896,ST,0.11139872078660759
orbit_p0.3100.bin,1.0,0.6666666666666667,0.0,False,0.028637827019079756,4.712388980384691,0.31,2829267.7686104896,ST,0.14112857732395337
orbit_p0.3200.bin,1.0,0.6666666666666667,0.0,False,0.028637827019079756,4.712388980384691,0.32,374.3806544319912,CB,
