file,m_A (Msun),m_B (Msun),e,apapse,m_P (Msun),l (rad),a (AU),t_stop (day),stability,delta_r
orbit_a0.0900.bin,1.0,0.4285714285714286,0.6,True,0.028637827019079756,1.5707963267948966,0.09,3055958.462454599,ST,0.06249046127776348
orbit_a0.1000.bin,1.0,0.4285714285714286,0.6,True,0.028637827019079756,1.5707963267948966,0.1,3055958.462454599,ST,0.06743508828793252
orbit_a0.1100.bin,1.0,0.4285714285714286,0.6,True,0.028637827019079756,1.5707963267948966,0.11,1866514.3381267143,EJ,
orbit_a0.1200.bin,1.0,0.4285714285714286,0.6,True,0.028637827019079756,1.5707963267948966,0.12,241345.6598637256,CA,
orbit_a0.1300.bin,1.0,0.4285714285714286,0.6,True,0.028637827019079756,1.5707963267948966,0.13,22707.05375031083,CA,
