file,m_A (Msun),m_B (Msun),e,apapse,m_P (Msun),l (rad),a (AU),t_stop (day),stability,delta_r
orbit_a0.1800.bin,1.0,2.333333333333333,0.0,True,0.028637827019079756,1.5707963267948966,0.18000000000000002,2000594.4249770087,ST,0.06690112471284188
orbit_a0.1900.bin,1.0,2.333333333333333,0.0,True,0.028637827019079756,1.5707963267948966,0.19,2000594.4249770087,ST,0.08864483645485123
orbit_a0.2000.bin,1.0,2.333333333333333,0.0,True,0.028637827019079756,1.5707963267948966,0.2,2000594.4249770087,ST,0.13723278934456046
orbit_a0.2100.bin,1.0,2.333333333333333,0.0,True,0.028637827019079756,1.5707963267948966,0.21,1555.8023999789925,CA,
orbit_a0.2200.bin,1.0,2.333333333333333,0.0,True,0.028637827019079756,1.5707963267948966,0.22,3412.788583561152,CB,
