file,m_A (Msun),m_B (Msun),e,apapse,m_P (Msun),l (rad),a (AU),t_stop (day),stability,delta_r
orbit_p0.2500.bin,1.0,0.6666666666666667,0.1,False,0.000954594233969325,1.5707963267948966,0.25,2829267.7686104896,ST,0.093668207751377
orbit_p0.2600.bin,1.0,0.6666666666666667,0.1,False,0.000954594233969325,1.5707963267948966,0.26,2829267.7686104896,ST,0.08041655850373884
orbit_p0.2700.bin,1.0,0.6666666666666667,0.1,False,0.000954594233969325,1.5707963267948966,0.27,2829267.7686104896,ST,0.11419342355434002
orbit_p0.2800.bin,1.0,0.6666666666666667,0.1,False,0.000954594233969325,1.5707963267948966,0.28,6520.449517152242,CA,
orbit_p0.2900.bin,1.0,0.6666666666666667,0.1,False,0.000954594233969325,1.5707963267948966,0.29000000000000004,1109.9372005732987,CA,
