file,m_A (Msun),m_B (Msun),e,apapse,m_P (Msun),l (rad),a (AU),t_stop (day),stability,delta_r
orbit_p0.36.bin,1.0,0.4285714285714286,0.0,False,0.0,4.712388980384691,0.36,3055958.462454599,ST,0.137527936631995
orbit_p0.37.bin,1.0,0.4285714285714286,0.0,False,0.0,4.712388980384691,0.37,3055958.462454599,ST,0.16430538140416012
orbit_p0.38.bin,1.0,0.4285714285714286,0.0,False,0.0,4.712388980384691,0.38,249.554146604433,CA,
orbit_p0.39.bin,1.0,0.4285714285714286,0.0,False,0.0,4.712388980384691,0.39,189.07388006250085,CB,
