file,m_A (Msun),m_B (Msun),e,apapse,m_P (Msun),l (rad),a (AU),t_stop (day),stability,delta_r
orbit_a0.1700.bin,1.0,1.4999999999999998,0.2,True,0.0,1.5707963267948966,0.17,2310087.4595994814,ST,0.034527457030071436
orbit_a0.1800.bin,1.0,1.4999999999999998,0.2,True,0.0,1.5707963267948966,0.18,2310087.4595994814,ST,0.03985388889373059
orbit_a0.1900.bin,1.0,1.4999999999999998,0.2,True,0.0,1.5707963267948966,0.19,2310087.4595994814,ST,0.04431553259904038
orbit_a0.2000.bin,1.0,1.4999999999999998,0.2,True,0.0,1.5707963267948966,0.2,2310087.4595994814,ST,0.04790646258050292
