file,m_A (Msun),m_B (Msun),e,apapse,m_P (Msun),l (rad),a (AU),t_stop (day),stability,delta_r
orbit_a0.0350.bin,1.0,9.0,0.6,True,0.000954594233969325,0.0,0.035,1155043.7297997407,ST,0.025613320144718
orbit_a0.0400.bin,1.0,9.0,0.6,True,0.000954594233969325,0.0,0.04,1155043.7297997407,ST,0.026539496297939186
orbit_a0.0450.bin,1.0,9.0,0.6,True,0.000954594233969325,0.0,0.045,1155043.7297997407,ST,0.026316371151569182
orbit_a0.0500.bin,1.0,9.0,0.6,True,0.000954594233969325,0.0,0.05,1155043.7297997407,ST,0.029725255089842393
orbit_a0.0550.bin,1.0,9.0,0.6,True,0.000954594233969325,0.0,0.055,176339.82363299505,CA,
