file,m_A (Msun),m_B (Msun),e,apapse,m_P (Msun),l (rad),a (AU),t_stop (day),stability,delta_r
orbit_a0.27.bin,1.0,0.1111111111111111,0.3,True,0.0,1.5707963267948966,0.27,3465131.189399222,ST,0.06854946574518558
orbit_a0.28.bin,1.0,0.1111111111111111,0.3,True,0.0,1.5707963267948966,0.28,3465131.189399222,ST,0.04695336345426349
orbit_a0.29.bin,1.0,0.1111111111111111,0.3,True,0.0,1.5707963267948966,0.29,684274.392457585,CA,
orbit_a0.30.bin,1.0,0.1111111111111111,0.3,True,0.0,1.5707963267948966,0.3,695633.9615068847,CA,
