file,m_A (Msun),m_B (Msun),e,apapse,m_P (Msun),l (rad),a (AU),t_stop (day),stability,delta_r
orbit_p0.27.bin,1.0,0.1111111111111111,0.3,False,0.0,1.5707963267948966,0.27,3465131.189399222,ST,0.05556244212555803
orbit_p0.28.bin,1.0,0.1111111111111111,0.3,False,0.0,1.5707963267948966,0.28,3465131.189399222,ST,0.05584643812866444
orbit_p0.29.bin,1.0,0.1111111111111111,0.3,False,0.0,1.5707963267948966,0.29,1360984.5232246446,EJ,
orbit_p0.30.bin,1.0,0.1111111111111111,0.3,False,0.0,1.5707963267948966,0.3,3465131.189399222,ST,0.06084518323804404
