file,m_A (Msun),m_B (Msun),e,apapse,m_P (Msun),l (rad),a (AU),t_stop (day),stability,delta_r
orbit_p0.0100.bin,1.0,2.333333333333333,0.8,False,0.028637827019079756,1.5707963267948966,0.009999999999999998,2000594.4249770087,ST,0.019947825490468998
orbit_p0.0200.bin,1.0,2.333333333333333,0.8,False,0.028637827019079756,1.5707963267948966,0.02,2000594.4249770087,ST,0.03572345116473222
orbit_p0.0300.bin,1.0,2.333333333333333,0.8,False,0.028637827019079756,1.5707963267948966,0.03,2000594.4249770087,ST,0.05200524025573527
orbit_p0.0400.bin,1.0,2.333333333333333,0.8,False,0.028637827019079756,1.5707963267948966,0.04,38031.47564887302,EJ,
orbit_p0.0500.bin,1.0,2.333333333333333,0.8,False,0.028637827019079756,1.5707963267948966,0.05,6914.786697983777,EJ,
