file,m_A (Msun),m_B (Msun),e,apapse,m_P (Msun),l (rad),a (AU),t_stop (day),stability,delta_r
orbit_a0.2200.bin,1.0,1.0,0.1,True,0.028637827019079756,3.1415926535897927,0.22,2582756.29681712,ST,0.020973215825668818
orbit_a0.2300.bin,1.0,1.0,0.1,True,0.028637827019079756,3.1415926535897927,0.23,2582756.29681712,ST,0.023386817806990017
orbit_a0.2400.bin,1.0,1.0,0.1,True,0.028637827019079756,3.1415926535897927,0.24,2582756.29681712,ST,0.026277420038152085
orbit_a0.2500.bin,1.0,1.0,0.1,True,0.028637827019079756,3.1415926535897927,0.25,2582756.29681712,ST,0.02983871324023181
orbit_a0.2600.bin,1.0,1.0,0.1,True,0.028637827019079756,3.1415926535897927,0.26,2582756.29681712,ST,0.0338508679412897
