file,m_A (Msun),m_B (Msun),e,apapse,m_P (Msun),l (rad),a (AU),t_stop (day),stability,delta_r
orbit_p0.17.bin,1.0,0.4285714285714286,0.4,False,0.0,3.1415926535897927,0.17,3055958.462454599,ST,0.036581919610761376
orbit_p0.18.bin,1.0,0.4285714285714286,0.4,False,0.0,3.1415926535897927,0.18,3055958.462454599,ST,0.03398587671132858
orbit_p0.19.bin,1.0,0.4285714285714286,0.4,False,0.0,3.1415926535897927,0.19,3055958.462454599,ST,0.032901836206495866
orbit_p0.20.bin,1.0,0.4285714285714286,0.4,False,0.0,3.1415926535897927,0.2,3055958.462454599,ST,0.037499151514604444
