file,m_A (Msun),m_B (Msun),e,apapse,m_P (Msun),l (rad),a (AU),t_stop (day),stability,delta_r
orbit_a0.17.bin,1.0,0.4285714285714286,0.4,True,0.0,3.1415926535897927,0.17,3055958.462454599,ST,0.07390399258054697
orbit_a0.18.bin,1.0,0.4285714285714286,0.4,True,0.0,3.1415926535897927,0.18,3055958.462454599,ST,0.05740755375744855
orbit_a0.19.bin,1.0,0.4285714285714286,0.4,True,0.0,3.1415926535897927,0.19,3055958.462454599,ST,0.02755522356460108
orbit_a0.20.bin,1.0,0.4285714285714286,0.4,True,0.0,3.1415926535897927,0.2,405138.5728807518,CA,
