file,m_A (Msun),m_B (Msun),e,apapse,m_P (Msun),l (rad),a (AU),t_stop (day),stability,delta_r
orbit_p0.1500.bin,1.0,0.25,0.5,False,0.0,0.0,0.15,3266957.015633596,ST,0.07401410960732499
orbit_p0.1600.bin,1.0,0.25,0.5,False,0.0,0.0,0.16,3266957.015633596,ST,0.08437055512130619
orbit_p0.1700.bin,1.0,0.25,0.5,False,0.0,0.0,0.17,3266957.015633596,ST,0.08842693560817659
orbit_p0.1800.bin,1.0,0.25,0.5,False,0.0,0.0,0.18,132632.92225044128,CA,
