file,m_A (Msun),m_B (Msun),e,apapse,m_P (Msun),l (rad),a (AU),t_stop (day),stability,delta_r
orbit_a0.1500.bin,1.0,0.25,0.5,True,0.0,0.0,0.15,3266957.015633596,ST,0.06542032335589193
orbit_a0.1600.bin,1.0,0.25,0.5,True,0.0,0.0,0.16,3266957.015633596,ST,0.08606181566925614
orbit_a0.1700.bin,1.0,0.25,0.5,True,0.0,0.0,0.17,643006.1153010387,EJ,
orbit_a0.1800.bin,1.0,0.25,0.5,True,0.0,0.0,0.18,2400716.9899263405,CA,
