file,m_A (Msun),m_B (Msun),e,apapse,m_P (Msun),l (rad),a (AU),t_stop (day),stability,delta_r
orbit_p0.1200.bin,1.0,0.4285714285714286,0.5,False,0.028637827019079756,0.0,0.12,3055958.462454599,ST,0.06716629077276112
orbit_p0.1300.bin,1.0,0.4285714285714286,0.5,False,0.028637827019079756,0.0,0.13,3055958.462454599,ST,0.07179165828564281
orbit_p0.1400.bin,1.0,0.4285714285714286,0.5,False,0.028637827019079756,0.0,0.14,3055958.462454599,ST,0.07496417081627008
orbit_p0.1500.bin,1.0,0.4285714285714286,0.5,False,0.028637827019079756,0.0,0.15000000000000002,2231914.306104809,CA,
orbit_p0.1600.bin,1.0,0.4285714285714286,0.5,False,0.028637827019079756,0.0,0.16,72298.36324449221,CA,
