file,m_A (Msun),m_B (Msun),e,apapse,m_P (Msun),l (rad),a (AU),t_stop (day),stability,delta_r
orbit_a0.1200.bin,1.0,0.4285714285714286,0.5,True,0.028637827019079756,0.0,0.12,3055958.462454599,ST,0.06139549050930923
orbit_a0.1300.bin,1.0,0.4285714285714286,0.5,True,0.028637827019079756,0.0,0.13,3055958.462454599,ST,0.07126823601116919
orbit_a0.1400.bin,1.0,0.4285714285714286,0.5,True,0.028637827019079756,0.0,0.14,3055958.462454599,ST,0.06984368302763919
orbit_a0.1500.bin,1.0,0.4285714285714286,0.5,True,0.028637827019079756,0.0,0.15000000000000002,748246.318339327,CA,
orbit_a0.1600.bin,1.0,0.4285714285714286,0.5,True,0.028637827019079756,0.0,0.16,3055958.462454599,ST,0.027300575537033654
