file,m_A (Msun),m_B (Msun),e,apapse,m_P (Msun),l (rad),a (AU),t_stop (day),stability,delta_r
orbit_p0.1600.bin,1.0,1.4999999999999998,0.2,False,0.028637827019079756,0.0,0.16,2310087.4595994814,ST,0.03619199430255655
orbit_p0.1700.bin,1.0,1.4999999999999998,0.2,False,0.028637827019079756,0.0,0.16999999999999998,2310087.4595994814,ST,0.04224828775104302
orbit_p0.1800.bin,1.0,1.4999999999999998,0.2,False,0.028637827019079756,0.0,0.18,2310087.4595994814,ST,0.04629008540653622
orbit_p0.1900.bin,1.0,1.4999999999999998,0.2,False,0.028637827019079756,0.0,0.19,2310087.4595994814,ST,0.053890915354418444
orbit_p0.2000.bin,1.0,1.4999999999999998,0.2,False,0.028637827019079756,0.0,0.2,2310087.4595994814,ST,0.06088474733550964
