file,m_A (Msun),m_B (Msun),e,apapse,m_P (Msun),l (rad),a (AU),t_stop (day),stability,delta_r
orbit_a0.3000.bin,1.0,0.25,0.1,True,0.028637827019079756,0.0,0.3,3266957.015633596,ST,0.024475163537570323
orbit_a0.3100.bin,1.0,0.25,0.1,True,0.028637827019079756,0.0,0.31,3266957.015633596,ST,0.023695394209480587
orbit_a0.3200.bin,1.0,0.25,0.1,True,0.028637827019079756,0.0,0.32,3266957.015633596,ST,0.025951790946868235
orbit_a0.3300.bin,1.0,0.25,0.1,True,0.028637827019079756,0.0,0.33,2191805.98699391,CA,
orbit_a0.3400.bin,1.0,0.25,0.1,True,0.028637827019079756,0.0,0.34,3266957.015633596,ST,0.04009317826666094
