file,m_A (Msun),m_B (Msun),e,apapse,m_P (Msun),l (rad),a (AU),t_stop (day),stability,delta_r
orbit_p0.3000.bin,1.0,0.25,0.1,False,0.028637827019079756,0.0,0.3,3266957.015633596,ST,0.036712857254524243
orbit_p0.3100.bin,1.0,0.25,0.1,False,0.028637827019079756,0.0,0.31,3266957.015633596,ST,0.040677079744460706
orbit_p0.3200.bin,1.0,0.25,0.1,False,0.028637827019079756,0.0,0.32,3266957.015633596,ST,0.04541832680638156
orbit_p0.3300.bin,1.0,0.25,0.1,False,0.028637827019079756,0.0,0.33,3266957.015633596,ST,0.0579067613652054
orbit_p0.3400.bin,1.0,0.25,0.1,False,0.028637827019079756,0.0,0.34,3266957.015633596,ST,0.09364824170820216
