file,m_A (Msun),m_B (Msun),e,apapse,m_P (Msun),l (rad),a (AU),t_stop (day),stability,delta_r
orbit_a0.0900.bin,1.0,0.4285714285714286,0.6,True,0.000954594233969325,4.712388980384691,0.09,3055958.462454599,ST,0.06735300064480841
orbit_a0.1000.bin,1.0,0.4285714285714286,0.6,True,0.000954594233969325,4.712388980384691,0.1,3055958.462454599,ST,0.06480342111074647
orbit_a0.1100.bin,1.0,0.4285714285714286,0.6,True,0.000954594233969325,4.712388980384691,0.11,3055958.462454599,ST,0.0758781093677188
orbit_a0.1200.bin,1.0,0.4285714285714286,0.6,True,0.000954594233969325,4.712388980384691,0.12,435483.1358792786,CA,
orbit_a0.1300.bin,1.0,0.4285714285714286,0.6,True,0.000954594233969325,4.712388980384691,0.13,20876.22683472645,CA,
