file,m_A (Msun),m_B (Msun),e,apapse,m_P (Msun),l (rad),a (AU),t_stop (day),stability,delta_r
orbit_p0.0900.bin,1.0,0.4285714285714286,0.6,False,0.000954594233969325,4.712388980384691,0.09,3055958.462454599,ST,0.06847165505614884
orbit_p0.1000.bin,1.0,0.4285714285714286,0.6,False,0.000954594233969325,4.712388980384691,0.1,3055958.462454599,ST,0.09257303034937807
orbit_p0.1100.bin,1.0,0.4285714285714286,0.6,False,0.000954594233969325,4.712388980384691,0.11,3055958.462454599,ST,0.07620377556513416
orbit_p0.1200.bin,1.0,0.4285714285714286,0.6,False,0.000954594233969325,4.712388980384691,0.12,134734.99752522985,CB,
orbit_p0.1300.bin,1.0,0.4285714285714286,0.6,False,0.000954594233969325,4.712388980384691,0.13,15751.527287940557,EJ,
