file,m_A (Msun),m_B (Msun),e,apapse,m_P (Msun),l (rad),a (AU),t_stop (day),stability,delta_r
orbit_p0.0600.bin,1.0,4.0,0.5,False,0.000954594233969325,4.712388980384691,0.06,1633478.507816798,ST,0.03492168868593792
orbit_p0.0700.bin,1.0,4.0,0.5,False,0.000954594233969325,4.712388980384691,0.07,1633478.507816798,ST,0.04973741867903086
orbit_p0.0800.bin,1.0,4.0,0.5,False,0.000954594233969325,4.712388980384691,0.08,1633478.507816798,ST,0.0825712284296685
orbit_p0.0900.bin,1.0,4.0,0.5,False,0.000954594233969325,4.712388980384691,0.09,11763.26159703366,CA,
orbit_p0.1000.bin,1.0,4.0,0.5,False,0.000954594233969325,4.712388980384691,0.1,2056.1629413773867,CA,
