file,m_A (Msun),m_B (Msun),e,apapse,m_P (Msun),l (rad),a (AU),t_stop (day),stability,delta_r
orbit_a0.0600.bin,1.0,4.0,0.5,True,0.000954594233969325,4.712388980384691,0.06,1633478.507816798,ST,0.0307772080710143
orbit_a0.0700.bin,1.0,4.0,0.5,True,0.000954594233969325,4.712388980384691,0.07,1633478.507816798,ST,0.03314743498547944
orbit_a0.0800.bin,1.0,4.0,0.5,True,0.000954594233969325,4.712388980384691,0.08,1633478.507816798,ST,0.03898118580986206
orbit_a0.0900.bin,1.0,4.0,0.5,True,0.000954594233969325,4.712388980384691,0.09,792169.8383865763,CA,
orbit_a0.1000.bin,1.0,4.0,0.5,True,0.000954594233969325,4.712388980384691,0.1,12496.23474195154,CA,
