file,m_A (Msun),m_B (Msun),e,apapse,m_P (Msun),l (rad),a (AU),t_stop (day),stability,delta_r
orbit_a0.0700.bin,1.0,0.25,0.7,True,0.0,3.1415926535897927,0.07,3266957.015633596,ST,0.08634373894208987
orbit_a0.0800.bin,1.0,0.25,0.7,True,0.0,3.1415926535897927,0.08,3266957.015633596,ST,0.08903310084352076
orbit_a0.0900.bin,1.0,0.25,0.7,True,0.0,3.1415926535897927,0.09,3266957.015633596,ST,0.10573263532052642
orbit_a0.1000.bin,1.0,0.25,0.7,True,0.0,3.1415926535897927,0.1,168100.77379483942,CA,
