file,m_A (Msun),m_B (Msun),e,apapse,m_P (Msun),l (rad),a (AU),t_stop (day),stability,delta_r
orbit_p0.0300.bin,1.0,0.25,0.8,False,0.000954594233969325,3.1415926535897927,0.03,3266957.015633596,ST,0.06243324248730172
orbit_p0.0400.bin,1.0,0.25,0.8,False,0.000954594233969325,3.1415926535897927,0.04,3266957.015633596,ST,0.07698824651682463
orbit_p0.0500.bin,1.0,0.25,0.8,False,0.000954594233969325,3.1415926535897927,0.05,3266957.015633596,ST,0.08247195256420921
orbit_p0.0600.bin,1.0,0.25,0.8,False,0.000954594233969325,3.1415926535897927,0.06000000000000001,492689.1508076777,CA,
orbit_p0.0700.bin,1.0,0.25,0.8,False,0.000954594233969325,3.1415926535897927,0.07,44904.9244695006,CA,
