file,m_A (Msun),m_B (Msun),e,apapse,m_P (Msun),l (rad),a (AU),t_stop (day),stability,delta_r
orbit_a0.1400.bin,1.0,4.0,0.0,True,0.028637827019079756,3.1415926535897927,0.14,1633478.507816798,ST,0.018970010824430724
orbit_a0.1500.bin,1.0,4.0,0.0,True,0.028637827019079756,3.1415926535897927,0.15,1633478.507816798,ST,0.024523664497252046
orbit_a0.1600.bin,1.0,4.0,0.0,True,0.028637827019079756,3.1415926535897927,0.16,1633478.507816798,ST,0.03116259404546671
orbit_a0.1700.bin,1.0,4.0,0.0,True,0.028637827019079756,3.1415926535897927,0.17,1633478.507816798,ST,0.0377322239381227
orbit_a0.1800.bin,1.0,4.0,0.0,True,0.028637827019079756,3.1415926535897927,0.18,1633478.507816798,ST,0.04664769014531734
