file,m_A (Msun),m_B (Msun),e,apapse,m_P (Msun),l (rad),a (AU),t_stop (day),stability,delta_r
orbit_p0.1400.bin,1.0,4.0,0.0,False,0.028637827019079756,3.1415926535897927,0.14,1633478.507816798,ST,0.027912173425989086
orbit_p0.1500.bin,1.0,4.0,0.0,False,0.028637827019079756,3.1415926535897927,0.15,1633478.507816798,ST,0.036077360408122774
orbit_p0.1600.bin,1.0,4.0,0.0,False,0.028637827019079756,3.1415926535897927,0.16,1633478.507816798,ST,0.04447327856414765
orbit_p0.1700.bin,1.0,4.0,0.0,False,0.028637827019079756,3.1415926535897927,0.17,1633478.507816798,ST,0.06043896726007257
orbit_p0.1800.bin,1.0,4.0,0.0,False,0.028637827019079756,3.1415926535897927,0.18,1633478.507816798,ST,0.08358397134341172
