file,m_A (Msun),m_B (Msun),e,apapse,m_P (Msun),l (rad),a (AU),t_stop (day),stability,delta_r
orbit_p0.0250.bin,1.0,9.0,0.7,False,0.000954594233969325,3.1415926535897927,0.025,1155043.7297997407,ST,0.023623106112008137
orbit_p0.0300.bin,1.0,9.0,0.7,False,0.000954594233969325,3.1415926535897927,0.03,1155043.7297997407,ST,0.02200651224742696
orbit_p0.0350.bin,1.0,9.0,0.7,False,0.000954594233969325,3.1415926535897927,0.035,1155043.7297997407,ST,0.026909684061275207
orbit_p0.0400.bin,1.0,9.0,0.7,False,0.000954594233969325,3.1415926535897927,0.04,558351.7975893879,CA,
orbit_p0.0450.bin,1.0,9.0,0.7,False,0.000954594233969325,3.1415926535897927,0.045000000000000005,13633.433561475173,CA,
