file,m_A (Msun),m_B (Msun),e,apapse,m_P (Msun),l (rad),a (AU),t_stop (day),stability,delta_r
orbit_a0.0250.bin,1.0,9.0,0.7,True,0.000954594233969325,3.1415926535897927,0.025,1155043.7297997407,ST,0.026222011584171895
orbit_a0.0300.bin,1.0,9.0,0.7,True,0.000954594233969325,3.1415926535897927,0.03,1155043.7297997407,ST,0.020908710818697024
orbit_a0.0350.bin,1.0,9.0,0.7,True,0.000954594233969325,3.1415926535897927,0.035,1155043.7297997407,ST,0.024738332348753174
orbit_a0.0400.bin,1.0,9.0,0.7,True,0.000954594233969325,3.1415926535897927,0.04,44023.91949374394,EJ,
orbit_a0.0450.bin,1.0,9.0,0.7,True,0.000954594233969325,3.1415926535897927,0.045000000000000005,13705.164619469622,CA,
