file,m_A (Msun),m_B (Msun),e,apapse,m_P (Msun),l (rad),a (AU),t_stop (day),stability,delta_r
orbit_a0.3500.bin,1.0,0.11111111111111112,0.1,True,0.028637827019079756,0.0,0.35,3465131.189399222,ST,0.026651009294721296
orbit_a0.3600.bin,1.0,0.11111111111111112,0.1,True,0.028637827019079756,0.0,0.36,3465131.189399222,ST,0.02556077918216064
orbit_a0.3700.bin,1.0,0.11111111111111112,0.1,True,0.028637827019079756,0.0,0.37,3465131.189399222,ST,0.026121742839913593
orbit_a0.3800.bin,1.0,0.11111111111111112,0.1,True,0.028637827019079756,0.0,0.38,3465131.189399222,ST,0.04053094972014568
orbit_a0.3900.bin,1.0,0.11111111111111112,0.1,True,0.028637827019079756,0.0,0.39,334871.3571763595,CA,
