file,m_A (Msun),m_B (Msun),e,apapse,m_P (Msun),l (rad),a (AU),t_stop (day),stability,delta_r
orbit_p0.3500.bin,1.0,0.11111111111111112,0.1,False,0.028637827019079756,0.0,0.35,3465131.189399222,ST,0.03509410239365101
orbit_p0.3600.bin,1.0,0.11111111111111112,0.1,False,0.028637827019079756,0.0,0.36,3465131.189399222,ST,0.03748931959665418
orbit_p0.3700.bin,1.0,0.11111111111111112,0.1,False,0.028637827019079756,0.0,0.37,3465131.189399222,ST,0.04056026453824213
orbit_p0.3800.bin,1.0,0.11111111111111112,0.1,False,0.028637827019079756,0.0,0.38,3465131.189399222,ST,0.04586180488555519
orbit_p0.3900.bin,1.0,0.11111111111111112,0.1,False,0.028637827019079756,0.0,0.39,3465131.189399222,ST,0.055254965935278115
