file,m_A (Msun),m_B (Msun),e,apapse,m_P (Msun),l (rad),a (AU),t_stop (day),stability,delta_r
orbit_a0.1400.bin,1.0,2.333333333333333,0.2,True,0.000954594233969325,4.712388980384691,0.14,2000594.4249770087,ST,0.03077390763300188
orbit_a0.1500.bin,1.0,2.333333333333333,0.2,True,0.000954594233969325,4.712388980384691,0.15,2000594.4249770087,ST,0.036191108177054614
orbit_a0.1600.bin,1.0,2.333333333333333,0.2,True,0.000954594233969325,4.712388980384691,0.16,2000594.4249770087,ST,0.04548658939338202
orbit_a0.1700.bin,1.0,2.333333333333333,0.2,True,0.000954594233969325,4.712388980384691,0.17,2000594.4249770087,ST,0.051366779058554864
orbit_a0.1800.bin,1.0,2.333333333333333,0.2,True,0.000954594233969325,4.712388980384691,0.18,6375.592531128726,CA,
