file,m_A (Msun),m_B (Msun),e,apapse,m_P (Msun),l (rad),a (AU),t_stop (day),stability,delta_r
orbit_p0.1400.bin,1.0,2.333333333333333,0.2,False,0.000954594233969325,4.712388980384691,0.14,2000594.4249770087,ST,0.05402166690286842
orbit_p0.1500.bin,1.0,2.333333333333333,0.2,False,0.000954594233969325,4.712388980384691,0.15,2000594.4249770087,ST,0.07444250329277063
orbit_p0.1600.bin,1.0,2.333333333333333,0.2,False,0.000954594233969325,4.712388980384691,0.16,2000594.4249770087,ST,0.10935541003816977
orbit_p0.1700.bin,1.0,2.333333333333333,0.2,False,0.000954594233969325,4.712388980384691,0.17,5392.8297790085435,CA,
orbit_p0.1800.bin,1.0,2.333333333333333,0.2,False,0.000954594233969325,4.712388980384691,0.18,2192.5506696386724,CA,
