file,m_A (Msun),m_B (Msun),e,apapse,m_P (Msun),l (rad),a (AU),t_stop (day),stability,delta_r
orbit_a0.29.bin,1.0,0.4285714285714286,0.1,True,0.0,1.5707963267948966,0.29,3055958.462454599,ST,0.03893686813248411
orbit_a0.30.bin,1.0,0.4285714285714286,0.1,True,0.0,1.5707963267948966,0.3,3055958.462454599,ST,0.04015748102493723
orbit_a0.31.bin,1.0,0.4285714285714286,0.1,True,0.0,1.5707963267948966,0.31,534959.071680388,CA,
orbit_a0.32.bin,1.0,0.4285714285714286,0.1,True,0.0,1.5707963267948966,0.32,342759.5547585887,EJ,
