file,m_A (Msun),m_B (Msun),e,apapse,m_P (Msun),l (rad),a (AU),t_stop (day),stability,delta_r
orbit_p0.0500.bin,1.0,0.4285714285714286,0.7,False,0.028637827019079756,3.1415926535897927,0.05,3055958.462454599,ST,0.01234018825509615
orbit_p0.0600.bin,1.0,0.4285714285714286,0.7,False,0.028637827019079756,3.1415926535897927,0.06000000000000001,3055958.462454599,ST,0.06248554789368473
orbit_p0.0700.bin,1.0,0.4285714285714286,0.7,False,0.028637827019079756,3.1415926535897927,0.07,3055958.462454599,ST,0.06357505147657824
orbit_p0.0800.bin,1.0,0.4285714285714286,0.7,False,0.028637827019079756,3.1415926535897927,0.08,1178680.2498620844,CA,
orbit_p0.0900.bin,1.0,0.4285714285714286,0.7,False,0.028637827019079756,3.1415926535897927,0.09000000000000001,108688.98129777526,CA,
