file,m_A (Msun),m_B (Msun),e,apapse,m_P (Msun),l (rad),a (AU),t_stop (day),stability,delta_r
orbit_a0.0500.bin,1.0,0.4285714285714286,0.7,True,0.028637827019079756,3.1415926535897927,0.05,3055958.462454599,ST,0.05984764289002171
orbit_a0.0600.bin,1.0,0.4285714285714286,0.7,True,0.028637827019079756,3.1415926535897927,0.06000000000000001,3055958.462454599,ST,0.06983602893510373
orbit_a0.0700.bin,1.0,0.4285714285714286,0.7,True,0.028637827019079756,3.1415926535897927,0.07,3055958.462454599,ST,0.0716701078043567
orbit_a0.0800.bin,1.0,0.4285714285714286,0.7,True,0.028637827019079756,3.1415926535897927,0.08,588406.9894103397,CA,
orbit_a0.0900.bin,1.0,0.4285714285714286,0.7,True,0.028637827019079756,3.1415926535897927,0.09000000000000001,709076.3386080975,CA,
