file,m_A (Msun),m_B (Msun),e,apapse,m_P (Msun),l (rad),a (AU),t_stop (day),stability,delta_r
orbit_a0.36.bin,1.0,0.1111111111111111,0.1,True,0.0,3.1415926535897927,0.36,3465131.189399222,ST,0.015295071547860577
orbit_a0.37.bin,1.0,0.1111111111111111,0.1,True,0.0,3.1415926535897927,0.37,3465131.189399222,ST,0.019545180586664476
orbit_a0.38.bin,1.0,0.1111111111111111,0.1,True,0.0,3.1415926535897927,0.38,3465131.189399222,ST,0.03519841620199371
orbit_a0.39.bin,1.0,0.1111111111111111,0.1,True,0.0,3.1415926535897927,0.39,10221.134609434592,CA,
