file,m_A (Msun),m_B (Msun),e,apapse,m_P (Msun),l (rad),a (AU),t_stop (day),stability,delta_r
orbit_p0.36.bin,1.0,0.1111111111111111,0.1,False,0.0,3.1415926535897927,0.36,3465131.189399222,ST,0.021683117614247197
orbit_p0.37.bin,1.0,0.1111111111111111,0.1,False,0.0,3.1415926535897927,0.37,3465131.189399222,ST,0.03160968786737836
orbit_p0.38.bin,1.0,0.1111111111111111,0.1,False,0.0,3.1415926535897927,0.38,3465131.189399222,ST,0.04950623474225601
orbit_p0.39.bin,1.0,0.1111111111111111,0.1,False,0.0,3.1415926535897927,0.39,16732.98287965593,CA,
