file,m_A (Msun),m_B (Msun),e,apapse,m_P (Msun),l (rad),a (AU),t_stop (day),stability,delta_r
orbit_a0.1400.bin,1.0,1.4999999999999998,0.3,True,0.028637827019079756,3.1415926535897927,0.14,2310087.4595994814,ST,0.030673544991804656
orbit_a0.1500.bin,1.0,1.4999999999999998,0.3,True,0.028637827019079756,3.1415926535897927,0.15,2310087.4595994814,ST,0.03351667953506209
orbit_a0.1600.bin,1.0,1.4999999999999998,0.3,True,0.028637827019079756,3.1415926535897927,0.16,2310087.4595994814,ST,0.02834019918352134
orbit_a0.1700.bin,1.0,1.4999999999999998,0.3,True,0.028637827019079756,3.1415926535897927,0.17,2310087.4595994814,ST,0.03854498454661818
orbit_a0.1800.bin,1.0,1.4999999999999998,0.3,True,0.028637827019079756,3.1415926535897927,0.18,2310087.4595994814,ST,0.02931709366829344
