file,m_A (Msun),m_B (Msun),e,apapse,m_P (Msun),l (rad),a (AU),t_stop (day),stability,delta_r
orbit_p0.1800.bin,1.0,2.333333333333333,0.0,False,0.000954594233969325,1.5707963267948966,0.18000000000000002,2000594.4249770087,ST,0.06670590685013005
orbit_p0.1900.bin,1.0,2.333333333333333,0.0,False,0.000954594233969325,1.5707963267948966,0.19,2000594.4249770087,ST,0.09759276364150696
orbit_p0.2000.bin,1.0,2.333333333333333,0.0,False,0.000954594233969325,1.5707963267948966,0.2,2000594.4249770087,ST,0.2056994740753821
orbit_p0.2100.bin,1.0,2.333333333333333,0.0,False,0.000954594233969325,1.5707963267948966,0.21,754.2415229762569,CA,
orbit_p0.2200.bin,1.0,2.333333333333333,0.0,False,0.000954594233969325,1.5707963267948966,0.22,9175.798221459854,CA,
