file,m_A (Msun),m_B (Msun),e,apapse,m_P (Msun),l (rad),a (AU),t_stop (day),stability,delta_r
orbit_p0.0215.bin,1.0,9.0,0.8,False,0.028637827019079756,0.0,0.0215,1155043.7297997407,ST,0.05046375377584658
orbit_p0.0220.bin,1.0,9.0,0.8,False,0.028637827019079756,0.0,0.022000000000000002,1155043.7297997407,ST,0.03967553528381831
orbit_p0.0225.bin,1.0,9.0,0.8,False,0.028637827019079756,0.0,0.0225,1155043.7297997407,ST,0.04560860299784701
orbit_p0.0230.bin,1.0,9.0,0.8,False,0.028637827019079756,0.0,0.023,1155043.7297997407,ST,0.08239387193897074
orbit_p0.0235.bin,1.0,9.0,0.8,False,0.028637827019079756,0.0,0.0235,1155043.7297997407,ST,0.05592822324524784
