file,m_A (Msun),m_B (Msun),e,apapse,m_P (Msun),l (rad),a (AU),t_stop (day),stability,delta_r
orbit_a0.2200.bin,1.0,1.4999999999999998,0.0,True,0.0,0.0,0.22,2310087.4595994814,ST,0.04968966568570804
orbit_a0.2300.bin,1.0,1.4999999999999998,0.0,True,0.0,0.0,0.23,2310087.4595994814,ST,0.05997630907487412
orbit_a0.2400.bin,1.0,1.4999999999999998,0.0,True,0.0,0.0,0.24,2310087.4595994814,ST,0.07390171405688942
orbit_a0.2500.bin,1.0,1.4999999999999998,0.0,True,0.0,0.0,0.25,2310087.4595994814,ST,0.11443978381760424
