file,m_A (Msun),m_B (Msun),e,apapse,m_P (Msun),l (rad),a (AU),t_stop (day),stability,delta_r
orbit_p0.2500.bin,1.0,0.25,0.2,False,0.028637827019079756,1.5707963267948966,0.25,3266957.015633596,ST,0.04863035496572214
orbit_p0.2600.bin,1.0,0.25,0.2,False,0.028637827019079756,1.5707963267948966,0.26,3266957.015633596,ST,0.04424145778148127
orbit_p0.2700.bin,1.0,0.25,0.2,False,0.028637827019079756,1.5707963267948966,0.27,3266957.015633596,ST,0.05376255971580181
orbit_p0.2800.bin,1.0,0.25,0.2,False,0.028637827019079756,1.5707963267948966,0.28,2065152.6616622768,CA,
orbit_p0.2900.bin,1.0,0.25,0.2,False,0.028637827019079756,1.5707963267948966,0.29,3266957.015633596,ST,0.06449669368724356
