file,m_A (Msun),m_B (Msun),e,apapse,m_P (Msun),l (rad),a (AU),t_stop (day),stability,delta_r
orbit_a0.2500.bin,1.0,0.25,0.2,True,0.028637827019079756,1.5707963267948966,0.25,3266957.015633596,ST,0.0353086091360066
orbit_a0.2600.bin,1.0,0.25,0.2,True,0.028637827019079756,1.5707963267948966,0.26,3266957.015633596,ST,0.03741825873436254
orbit_a0.2700.bin,1.0,0.25,0.2,True,0.028637827019079756,1.5707963267948966,0.27,3266957.015633596,ST,0.035746466532507695
orbit_a0.2800.bin,1.0,0.25,0.2,True,0.028637827019079756,1.5707963267948966,0.28,3266957.015633596,ST,0.051245959898376395
orbit_a0.2900.bin,1.0,0.25,0.2,True,0.028637827019079756,1.5707963267948966,0.29,3266957.015633596,ST,0.03670323320720693
