file,m_A (Msun),m_B (Msun),e,apapse,m_P (Msun),l (rad),a (AU),t_stop (day),stability,delta_r
orbit_p0.1800.bin,1.0,0.6666666666666667,0.3,False,0.0,4.712388980384691,0.18,2829267.7686104896,ST,0.053833402872486565
orbit_p0.1900.bin,1.0,0.6666666666666667,0.3,False,0.0,4.712388980384691,0.19,2829267.7686104896,ST,0.07949504851359272
orbit_p0.2000.bin,1.0,0.6666666666666667,0.3,False,0.0,4.712388980384691,0.2,397029.1206828669,CB,
orbit_p0.2100.bin,1.0,0.6666666666666667,0.3,False,0.0,4.712388980384691,0.21,43935.64942699845,CA,
