file,m_A (Msun),m_B (Msun),e,apapse,m_P (Msun),l (rad),a (AU),t_stop (day),stability,delta_r
orbit_a0.12.bin,1.0,9.000000000000002,0.0,True,0.0,4.712388980384691,0.12,1155043.7297997407,ST,0.08982135742677544
orbit_a0.13.bin,1.0,9.000000000000002,0.0,True,0.0,4.712388980384691,0.13,1155043.7297997407,ST,0.22925594370389593
orbit_a0.14.bin,1.0,9.000000000000002,0.0,True,0.0,4.712388980384691,0.14,3763.1287603744026,CA,
orbit_a0.15.bin,1.0,9.000000000000002,0.0,True,0.0,4.712388980384691,0.15,3572.310141906001,CA,
