file,m_A (Msun),m_B (Msun),e,apapse,m_P (Msun),l (rad),a (AU),t_stop (day),stability,delta_r
orbit_p0.12.bin,1.0,9.000000000000002,0.0,False,0.0,4.712388980384691,0.12,1155043.7297997407,ST,0.0904029160220947
orbit_p0.13.bin,1.0,9.000000000000002,0.0,False,0.0,4.712388980384691,0.13,1155043.7297997407,ST,0.2470440935736596
orbit_p0.14.bin,1.0,9.000000000000002,0.0,False,0.0,4.712388980384691,0.14,671.903852136653,CA,
orbit_p0.15.bin,1.0,9.000000000000002,0.0,False,0.0,4.712388980384691,0.15,2866.172271843165,CA,
