file,m_A (Msun),m_B (Msun),e,apapse,m_P (Msun),l (rad),a (AU),t_stop (day),stability,delta_r
orbit_a0.04.bin,1.0,2.333333333333333,0.7,True,0.0,4.712388980384691,0.04,2000594.4249770087,ST,0.04225185412108337
orbit_a0.05.bin,1.0,2.333333333333333,0.7,True,0.0,4.712388980384691,0.05,2000594.4249770087,ST,0.04343006207178421
orbit_a0.06.bin,1.0,2.333333333333333,0.7,True,0.0,4.712388980384691,0.06,1777628.7603212032,CA,
orbit_a0.07.bin,1.0,2.333333333333333,0.7,True,0.0,4.712388980384691,0.07,7456.381259652854,EJ,
