file,m_A (Msun),m_B (Msun),e,apapse,m_P (Msun),l (rad),a (AU),t_stop (day),stability,delta_r
orbit_p0.04.bin,1.0,2.333333333333333,0.7,False,0.0,4.712388980384691,0.04,2000594.4249770087,ST,0.04394001035503819
orbit_p0.05.bin,1.0,2.333333333333333,0.7,False,0.0,4.712388980384691,0.05,2000594.4249770087,ST,0.05527551604633104
orbit_p0.06.bin,1.0,2.333333333333333,0.7,False,0.0,4.712388980384691,0.06,68420.25635224218,CA,
orbit_p0.07.bin,1.0,2.333333333333333,0.7,False,0.0,4.712388980384691,0.07,605.1394493276098,CA,
