file,m_A (Msun),m_B (Msun),e,apapse,m_P (Msun),l (rad),a (AU),t_stop (day),stability,delta_r
orbit_p0.1100.bin,1.0,9.0,0.0,False,0.000954594233969325,0.0,0.11,1155043.7297997407,ST,0.02090030173662919
orbit_p0.1200.bin,1.0,9.0,0.0,False,0.000954594233969325,0.0,0.12,1155043.7297997407,ST,0.02762493442131168
orbit_p0.1300.bin,1.0,9.0,0.0,False,0.000954594233969325,0.0,0.13,1155043.7297997407,ST,0.03715850260562077
orbit_p0.1400.bin,1.0,9.0,0.0,False,0.000954594233969325,0.0,0.14,1155043.7297997407,ST,0.05819504713604196
orbit_p0.1500.bin,1.0,9.0,0.0,False,0.000954594233969325,0.0,0.15,126890.73189541961,CB,
