file,m_A (Msun),m_B (Msun),e,apapse,m_P (Msun),l (rad),a (AU),t_stop (day),stability,delta_r
orbit_a0.1100.bin,1.0,9.0,0.0,True,0.000954594233969325,0.0,0.11,1155043.7297997407,ST,0.030341221962442058
orbit_a0.1200.bin,1.0,9.0,0.0,True,0.000954594233969325,0.0,0.12,1155043.7297997407,ST,0.041681206845385795
orbit_a0.1300.bin,1.0,9.0,0.0,True,0.000954594233969325,0.0,0.13,1155043.7297997407,ST,0.0599219666568781
orbit_a0.1400.bin,1.0,9.0,0.0,True,0.000954594233969325,0.0,0.14,1155043.7297997407,ST,0.1481748667338499
orbit_a0.1500.bin,1.0,9.0,0.0,True,0.000954594233969325,0.0,0.15,23495.84829781589,CA,
