file,m_A (Msun),m_B (Msun),e,apapse,m_P (Msun),l (rad),a (AU),t_stop (day),stability,delta_r
orbit_a0.1200.bin,1.0,0.6666666666666667,0.5,True,0.0,1.5707963267948966,0.12,2829267.7686104896,ST,0.05580020183766328
orbit_a0.1300.bin,1.0,0.6666666666666667,0.5,True,0.0,1.5707963267948966,0.13,2829267.7686104896,ST,0.04813712886426948
orbit_a0.1400.bin,1.0,0.6666666666666667,0.5,True,0.0,1.5707963267948966,0.14,874950.1663766495,CA,
orbit_a0.1500.bin,1.0,0.6666666666666667,0.5,True,0.0,1.5707963267948966,0.15,100561.75153688605,CA,
