file,m_A (Msun),m_B (Msun),e,apapse,m_P (Msun),l (rad),a (AU),t_stop (day),stability,delta_r
orbit_a0.0700.bin,1.0,9.0,0.3,True,0.000954594233969325,3.1415926535897927,0.06999999999999999,1155043.7297997407,ST,0.018184671999723234
orbit_a0.0800.bin,1.0,9.0,0.3,True,0.000954594233969325,3.1415926535897927,0.08,1155043.7297997407,ST,0.020306789551227746
orbit_a0.0900.bin,1.0,9.0,0.3,True,0.000954594233969325,3.1415926535897927,0.09,1155043.7297997407,ST,0.025010760691611907
orbit_a0.1000.bin,1.0,9.0,0.3,True,0.000954594233969325,3.1415926535897927,0.1,1155043.7297997407,ST,0.026371780245514922
orbit_a0.1100.bin,1.0,9.0,0.3,True,0.000954594233969325,3.1415926535897927,0.11,1476.8167840866126,CA,
