file,m_A (Msun),m_B (Msun),e,apapse,m_P (Msun),l (rad),a (AU),t_stop (day),stability,delta_r
orbit_p0.0700.bin,1.0,9.0,0.3,False,0.000954594233969325,3.1415926535897927,0.06999999999999999,1155043.7297997407,ST,0.015927059441942455
orbit_p0.0800.bin,1.0,9.0,0.3,False,0.000954594233969325,3.1415926535897927,0.08,1155043.7297997407,ST,0.022262846302588395
orbit_p0.0900.bin,1.0,9.0,0.3,False,0.000954594233969325,3.1415926535897927,0.09,1155043.7297997407,ST,0.03255942074870869
orbit_p0.1000.bin,1.0,9.0,0.3,False,0.000954594233969325,3.1415926535897927,0.1,1155043.7297997407,ST,0.04230737876911876
orbit_p0.1100.bin,1.0,9.0,0.3,False,0.000954594233969325,3.1415926535897927,0.11,1155043.7297997407,ST,0.06206264544073831
