file,m_A (Msun),m_B (Msun),e,apapse,m_P (Msun),l (rad),a (AU),t_stop (day),stability,delta_r
orbit_p0.1000.bin,1.0,0.25,0.6,False,0.028637827019079756,0.0,0.1,3266957.015633596,ST,0.08152369528259912
orbit_p0.1100.bin,1.0,0.25,0.6,False,0.028637827019079756,0.0,0.11,3266957.015633596,ST,0.08657146843974778
orbit_p0.1200.bin,1.0,0.25,0.6,False,0.028637827019079756,0.0,0.12,2727586.797115175,CA,
orbit_p0.1300.bin,1.0,0.25,0.6,False,0.028637827019079756,0.0,0.13,1660666.0436573422,CA,
orbit_p0.1400.bin,1.0,0.25,0.6,False,0.028637827019079756,0.0,0.14,144902.98500169988,CA,
