file,m_A (Msun),m_B (Msun),e,apapse,m_P (Msun),l (rad),a (AU),t_stop (day),stability,delta_r
orbit_p0.0150.bin,1.0,4.0,0.8,False,0.028637827019079756,0.0,0.015,1633478.507816798,ST,0.028254253236697956
orbit_p0.0200.bin,1.0,4.0,0.8,False,0.028637827019079756,0.0,0.02,1633478.507816798,ST,0.036406443801734766
orbit_p0.0250.bin,1.0,4.0,0.8,False,0.028637827019079756,0.0,0.025,1633478.507816798,ST,0.04609624831397253
orbit_p0.0300.bin,1.0,4.0,0.8,False,0.028637827019079756,0.0,0.03,1633478.507816798,ST,0.1617120671083129
orbit_p0.0350.bin,1.0,4.0,0.8,False,0.028637827019079756,0.0,0.035,998145.147327558,EJ,
