file,m_A (Msun),m_B (Msun),e,apapse,m_P (Msun),l (rad),a (AU),t_stop (day),stability,delta_r
orbit_p0.2100.bin,1.0,0.6666666666666667,0.2,False,0.000954594233969325,1.5707963267948966,0.21,2829267.7686104896,ST,0.05991792466039389
orbit_p0.2200.bin,1.0,0.6666666666666667,0.2,False,0.000954594233969325,1.5707963267948966,0.22,2829267.7686104896,ST,0.07007149452411278
orbit_p0.2300.bin,1.0,0.6666666666666667,0.2,False,0.000954594233969325,1.5707963267948966,0.23,2829267.7686104896,ST,0.1496465505412717
orbit_p0.2400.bin,1.0,0.6666666666666667,0.2,False,0.000954594233969325,1.5707963267948966,0.24,245789.0861682261,CA,
orbit_p0.2500.bin,1.0,0.6666666666666667,0.2,False,0.000954594233969325,1.5707963267948966,0.25,34881.476080823064,CB,
