file,m_A (Msun),m_B (Msun),e,apapse,m_P (Msun),l (rad),a (AU),t_stop (day),stability,delta_r
orbit_p0.0800.bin,1.0,4.0,0.4,False,0.000954594233969325,4.712388980384691,0.08,1633478.507816798,ST,0.04047400380813281
orbit_p0.0900.bin,1.0,4.0,0.4,False,0.000954594233969325,4.712388980384691,0.09000000000000001,1633478.507816798,ST,0.05857652202258087
orbit_p0.1000.bin,1.0,4.0,0.4,False,0.000954594233969325,4.712388980384691,0.1,1633478.507816798,ST,0.10087488026600096
orbit_p0.1100.bin,1.0,4.0,0.4,False,0.000954594233969325,4.712388980384691,0.11,10795.858028915063,CA,
orbit_p0.1200.bin,1.0,4.0,0.4,False,0.000954594233969325,4.712388980384691,0.12,4433.646509916551,CA,
