file,m_A (Msun),m_B (Msun),e,apapse,m_P (Msun),l (rad),a (AU),t_stop (day),stability,delta_r
orbit_a0.0500.bin,1.0,9.0,0.4,True,0.000954594233969325,3.1415926535897927,0.05,1155043.7297997407,ST,0.019657052306898223
orbit_a0.0600.bin,1.0,9.0,0.4,True,0.000954594233969325,3.1415926535897927,0.06000000000000001,1155043.7297997407,ST,0.020907979970186407
orbit_a0.0700.bin,1.0,9.0,0.4,True,0.000954594233969325,3.1415926535897927,0.07,1155043.7297997407,ST,0.02404424668918957
orbit_a0.0800.bin,1.0,9.0,0.4,True,0.000954594233969325,3.1415926535897927,0.08,1155043.7297997407,ST,0.023677579377809
orbit_a0.0900.bin,1.0,9.0,0.4,True,0.000954594233969325,3.1415926535897927,0.09000000000000001,49173.02416655001,EJ,
