file,m_A (Msun),m_B (Msun),e,apapse,m_P (Msun),l (rad),a (AU),t_stop (day),stability,delta_r
orbit_a0.1300.bin,1.0,4.0,0.1,True,0.000954594233969325,4.712388980384691,0.13,1633478.507816798,ST,0.0329855625352624
orbit_a0.1400.bin,1.0,4.0,0.1,True,0.000954594233969325,4.712388980384691,0.14,1633478.507816798,ST,0.04199002720025773
orbit_a0.1500.bin,1.0,4.0,0.1,True,0.000954594233969325,4.712388980384691,0.15,1633478.507816798,ST,0.05766052479921571
orbit_a0.1600.bin,1.0,4.0,0.1,True,0.000954594233969325,4.712388980384691,0.16,1633478.507816798,ST,0.12768745196196343
orbit_a0.1700.bin,1.0,4.0,0.1,True,0.000954594233969325,4.712388980384691,0.16999999999999998,5326.3398075638925,CA,
