file,m_A (Msun),m_B (Msun),e,apapse,m_P (Msun),l (rad),a (AU),t_stop (day),stability,delta_r
orbit_p0.1300.bin,1.0,4.0,0.1,False,0.000954594233969325,4.712388980384691,0.13,1633478.507816798,ST,0.0496101695657663
orbit_p0.1400.bin,1.0,4.0,0.1,False,0.000954594233969325,4.712388980384691,0.14,1633478.507816798,ST,0.07264303851397388
orbit_p0.1500.bin,1.0,4.0,0.1,False,0.000954594233969325,4.712388980384691,0.15,1633478.507816798,ST,0.1155217676317503
orbit_p0.1600.bin,1.0,4.0,0.1,False,0.000954594233969325,4.712388980384691,0.16,4768.14604218879,CA,
orbit_p0.1700.bin,1.0,4.0,0.1,False,0.000954594233969325,4.712388980384691,0.16999999999999998,381.3650666716202,CA,
