file,m_A (Msun),m_B (Msun),e,apapse,m_P (Msun),l (rad),a (AU),t_stop (day),stability,delta_r
orbit_p0.0200.bin,1.0,1.0,0.8,False,0.000954594233969325,1.5707963267948966,0.02,2582756.29681712,ST,0.04140199389223401
orbit_p0.0300.bin,1.0,1.0,0.8,False,0.000954594233969325,1.5707963267948966,0.03,2582756.29681712,ST,0.0554239947603992
orbit_p0.0400.bin,1.0,1.0,0.8,False,0.000954594233969325,1.5707963267948966,0.04,2582756.29681712,ST,0.07046278034999734
orbit_p0.0500.bin,1.0,1.0,0.8,False,0.000954594233969325,1.5707963267948966,0.05,430844.3705742068,CA,
orbit_p0.0600.bin,1.0,1.0,0.8,False,0.000954594233969325,1.5707963267948966,0.06,5172.173794857781,CA,
