file,m_A (Msun),m_B (Msun),e,apapse,m_P (Msun),l (rad),a (AU),t_stop (day),stability,delta_r
orbit_a0.0200.bin,1.0,1.0,0.8,True,0.000954594233969325,1.5707963267948966,0.02,2582756.29681712,ST,0.04151855119819763
orbit_a0.0300.bin,1.0,1.0,0.8,True,0.000954594233969325,1.5707963267948966,0.03,2582756.29681712,ST,0.05470614177664436
orbit_a0.0400.bin,1.0,1.0,0.8,True,0.000954594233969325,1.5707963267948966,0.04,2582756.29681712,ST,0.05900338502873745
orbit_a0.0500.bin,1.0,1.0,0.8,True,0.000954594233969325,1.5707963267948966,0.05,54444.76693128332,EJ,
orbit_a0.0600.bin,1.0,1.0,0.8,True,0.000954594233969325,1.5707963267948966,0.06,2969.7626995309806,CA,
