file,m_A (Msun),m_B (Msun),e,apapse,m_P (Msun),l (rad),a (AU),t_stop (day),stability,delta_r
orbit_a0.1400.bin,1.0,4.0,0.0,True,0.000954594233969325,0.0,0.14,1633478.507816798,ST,0.029718879139427425
orbit_a0.1500.bin,1.0,4.0,0.0,True,0.000954594233969325,0.0,0.15,1633478.507816798,ST,0.037383830159643104
orbit_a0.1600.bin,1.0,4.0,0.0,True,0.000954594233969325,0.0,0.16,1633478.507816798,ST,0.04813201096078182
orbit_a0.1700.bin,1.0,4.0,0.0,True,0.000954594233969325,0.0,0.17,1633478.507816798,ST,0.06485568057607578
orbit_a0.1800.bin,1.0,4.0,0.0,True,0.000954594233969325,0.0,0.18,1633478.507816798,ST,0.1189690383375988
