file,m_A (Msun),m_B (Msun),e,apapse,m_P (Msun),l (rad),a (AU),t_stop (day),stability,delta_r
orbit_p0.1400.bin,1.0,4.0,0.0,False,0.000954594233969325,0.0,0.14,1633478.507816798,ST,0.020672564583237556
orbit_p0.1500.bin,1.0,4.0,0.0,False,0.000954594233969325,0.0,0.15,1633478.507816798,ST,0.025650528040872037
orbit_p0.1600.bin,1.0,4.0,0.0,False,0.000954594233969325,0.0,0.16,1633478.507816798,ST,0.03189904816023116
orbit_p0.1700.bin,1.0,4.0,0.0,False,0.000954594233969325,0.0,0.17,1633478.507816798,ST,0.03967349343068325
orbit_p0.1800.bin,1.0,4.0,0.0,False,0.000954594233969325,0.0,0.18,1633478.507816798,ST,0.05035263869339093
