file,m_A (Msun),m_B (Msun),e,apapse,m_P (Msun),l (rad),a (AU),t_stop (day),stability,delta_r
orbit_p0.0200.bin,1.0,0.6666666666666667,0.8,False,0.028637827019079756,1.5707963267948966,0.02,2829267.7686104896,ST,0.03987644313219962
orbit_p0.0300.bin,1.0,0.6666666666666667,0.8,False,0.028637827019079756,1.5707963267948966,0.03,2829267.7686104896,ST,0.055977454811123914
orbit_p0.0400.bin,1.0,0.6666666666666667,0.8,False,0.028637827019079756,1.5707963267948966,0.04,2829267.7686104896,ST,0.07110671505420339
orbit_p0.0500.bin,1.0,0.6666666666666667,0.8,False,0.028637827019079756,1.5707963267948966,0.05,2829267.7686104896,ST,0.20870842361519415
orbit_p0.0600.bin,1.0,0.6666666666666667,0.8,False,0.028637827019079756,1.5707963267948966,0.06,31094.82169240133,CA,
