file,m_A (Msun),m_B (Msun),e,apapse,m_P (Msun),l (rad),a (AU),t_stop (day),stability,delta_r
orbit_p0.0100.bin,1.0,2.333333333333333,0.8,False,0.028637827019079756,4.712388980384691,0.009999999999999998,2000594.4249770087,ST,0.019938746138147508
orbit_p0.0200.bin,1.0,2.333333333333333,0.8,False,0.028637827019079756,4.712388980384691,0.02,2000594.4249770087,ST,0.03584956710761188
orbit_p0.0300.bin,1.0,2.333333333333333,0.8,False,0.028637827019079756,4.712388980384691,0.03,2000594.4249770087,ST,0.05203764564726117
orbit_p0.0400.bin,1.0,2.333333333333333,0.8,False,0.028637827019079756,4.712388980384691,0.04,32898.687988868536,EJ,
orbit_p0.0500.bin,1.0,2.333333333333333,0.8,False,0.028637827019079756,4.712388980384691,0.05,3588.1681869856634,EJ,
