file,m_A (Msun),m_B (Msun),e,apapse,m_P (Msun),l (rad),a (AU),t_stop (day),stability,delta_r
orbit_p0.0300.bin,1.0,0.6666666666666667,0.8,False,0.0,4.712388980384691,0.03,2829267.7686104896,ST,0.057406264598977595
orbit_p0.0400.bin,1.0,0.6666666666666667,0.8,False,0.0,4.712388980384691,0.04,2829267.7686104896,ST,0.07000472554110276
orbit_p0.0500.bin,1.0,0.6666666666666667,0.8,False,0.0,4.712388980384691,0.05,164647.02650559662,CA,
orbit_p0.0600.bin,1.0,0.6666666666666667,0.8,False,0.0,4.712388980384691,0.06,10750.890944968443,CA,
