file,m_A (Msun),m_B (Msun),e,apapse,m_P (Msun),l (rad),a (AU),t_stop (day),stability,delta_r
orbit_p0.2800.bin,1.0,0.6666666666666667,0.0,False,0.000954594233969325,1.5707963267948966,0.28,2829267.7686104896,ST,0.07944875396269771
orbit_p0.2900.bin,1.0,0.6666666666666667,0.0,False,0.000954594233969325,1.5707963267948966,0.29,2829267.7686104896,ST,0.09573178956553356
orbit_p0.3000.bin,1.0,0.6666666666666667,0.0,False,0.000954594233969325,1.5707963267948966,0.3,2829267.7686104896,ST,0.11938996555810162
orbit_p0.3100.bin,1.0,0.6666666666666667,0.0,False,0.000954594233969325,1.5707963267948966,0.31,682.7523251630365,CB,
orbit_p0.3200.bin,1.0,0.6666666666666667,0.0,False,0.000954594233969325,1.5707963267948966,0.32,378.08729371807334,CA,
