file,m_A (Msun),m_B (Msun),e,apapse,m_P (Msun),l (rad),a (AU),t_stop (day),stability,delta_r
orbit_p0.2100.bin,1.0,1.4999999999999998,0.0,False,0.028637827019079756,3.1415926535897927,0.21,2310087.4595994814,ST,0.03954686074336267
orbit_p0.2200.bin,1.0,1.4999999999999998,0.0,False,0.028637827019079756,3.1415926535897927,0.22,2310087.4595994814,ST,0.04710247023294418
orbit_p0.2300.bin,1.0,1.4999999999999998,0.0,False,0.028637827019079756,3.1415926535897927,0.23,2310087.4595994814,ST,0.05511862830560355
orbit_p0.2400.bin,1.0,1.4999999999999998,0.0,False,0.028637827019079756,3.1415926535897927,0.24,2310087.4595994814,ST,0.06714837331439595
orbit_p0.2500.bin,1.0,1.4999999999999998,0.0,False,0.028637827019079756,3.1415926535897927,0.25,2310087.4595994814,ST,0.08645482105739785
