file,m_A (Msun),m_B (Msun),e,apapse,m_P (Msun),l (rad),a (AU),t_stop (day),stability,delta_r
orbit_p0.0350.bin,1.0,4.0,0.7,False,0.000954594233969325,1.5707963267948966,0.035,1633478.507816798,ST,0.03843225619821165
orbit_p0.0400.bin,1.0,4.0,0.7,False,0.000954594233969325,1.5707963267948966,0.04,1633478.507816798,ST,0.0471863952707804
orbit_p0.0450.bin,1.0,4.0,0.7,False,0.000954594233969325,1.5707963267948966,0.045,1633478.507816798,ST,0.09020752217008385
orbit_p0.0500.bin,1.0,4.0,0.7,False,0.000954594233969325,1.5707963267948966,0.05,29899.749337973633,CA,
orbit_p0.0550.bin,1.0,4.0,0.7,False,0.000954594233969325,1.5707963267948966,0.055,21411.27774943887,EJ,
