file,m_A (Msun),m_B (Msun),e,apapse,m_P (Msun),l (rad),a (AU),t_stop (day),stability,delta_r
orbit_a0.13.bin,1.0,0.4285714285714286,0.5,True,0.0,3.1415926535897927,0.13,3055958.462454599,ST,0.08511000105620127
orbit_a0.14.bin,1.0,0.4285714285714286,0.5,True,0.0,3.1415926535897927,0.14,3055958.462454599,ST,0.07789903756882897
orbit_a0.15.bin,1.0,0.4285714285714286,0.5,True,0.0,3.1415926535897927,0.15,3055958.462454599,ST,0.043814064383742184
orbit_a0.16.bin,1.0,0.4285714285714286,0.5,True,0.0,3.1415926535897927,0.16,266055.6146230586,CA,
