file,m_A (Msun),m_B (Msun),e,apapse,m_P (Msun),l (rad),a (AU),t_stop (day),stability,delta_r
orbit_p0.2300.bin,1.0,0.4285714285714286,0.2,False,0.028637827019079756,0.0,0.23,3055958.462454599,ST,0.05731505835802378
orbit_p0.2400.bin,1.0,0.4285714285714286,0.2,False,0.028637827019079756,0.0,0.24,3055958.462454599,ST,0.049208338621362216
orbit_p0.2500.bin,1.0,0.4285714285714286,0.2,False,0.028637827019079756,0.0,0.25,3055958.462454599,ST,0.054128442857113365
orbit_p0.2600.bin,1.0,0.4285714285714286,0.2,False,0.028637827019079756,0.0,0.26,3055958.462454599,ST,0.11266485221634681
orbit_p0.2700.bin,1.0,0.4285714285714286,0.2,False,0.028637827019079756,0.0,0.27,3055958.462454599,ST,0.06328440045157821
