file,m_A (Msun),m_B (Msun),e,apapse,m_P (Msun),l (rad),a (AU),t_stop (day),stability,delta_r
orbit_p0.1500.bin,1.0,1.4999999999999998,0.3,False,0.0,4.712388980384691,0.15,2310087.4595994814,ST,0.07611860493755924
orbit_p0.1600.bin,1.0,1.4999999999999998,0.3,False,0.0,4.712388980384691,0.16,2310087.4595994814,ST,0.09531599423424376
orbit_p0.1700.bin,1.0,1.4999999999999998,0.3,False,0.0,4.712388980384691,0.17,26765.07284290925,CA,
orbit_p0.1800.bin,1.0,1.4999999999999998,0.3,False,0.0,4.712388980384691,0.18,2122.281033319111,CA,
