file,m_A (Msun),m_B (Msun),e,apapse,m_P (Msun),l (rad),a (AU),t_stop (day),stability,delta_r
orbit_a0.1800.bin,1.0,0.25,0.4,True,0.028637827019079756,3.1415926535897927,0.18,3266957.015633596,ST,0.06471478112831973
orbit_a0.1900.bin,1.0,0.25,0.4,True,0.028637827019079756,3.1415926535897927,0.19,3266957.015633596,ST,0.04953835568259618
orbit_a0.2000.bin,1.0,0.25,0.4,True,0.028637827019079756,3.1415926535897927,0.2,3266957.015633596,ST,0.0701370639226542
orbit_a0.2100.bin,1.0,0.25,0.4,True,0.028637827019079756,3.1415926535897927,0.21,440873.1843663055,CA,
orbit_a0.2200.bin,1.0,0.25,0.4,True,0.028637827019079756,3.1415926535897927,0.22,626243.8996840408,CA,
