file,m_A (Msun),m_B (Msun),e,apapse,m_P (Msun),l (rad),a (AU),t_stop (day),stability,delta_r
orbit_p0.0600.bin,1.0,0.25,0.7,False,0.000954594233969325,0.0,0.06,3266957.015633596,ST,0.07640441589337574
orbit_p0.0700.bin,1.0,0.25,0.7,False,0.000954594233969325,0.0,0.07,3266957.015633596,ST,0.0843320350780316
orbit_p0.0800.bin,1.0,0.25,0.7,False,0.000954594233969325,0.0,0.08,3266957.015633596,ST,0.0897194833862636
orbit_p0.0900.bin,1.0,0.25,0.7,False,0.000954594233969325,0.0,0.09,3266957.015633596,ST,0.0922546761775636
orbit_p0.1000.bin,1.0,0.25,0.7,False,0.000954594233969325,0.0,0.1,155974.59374625242,CA,
