file,m_A (Msun),m_B (Msun),e,apapse,m_P (Msun),l (rad),a (AU),t_stop (day),stability,delta_r
orbit_p0.0600.bin,1.0,4.0,0.5,False,0.028637827019079756,3.1415926535897927,0.06,1633478.507816798,ST,0.023360793525345716
orbit_p0.0700.bin,1.0,4.0,0.5,False,0.028637827019079756,3.1415926535897927,0.07,1633478.507816798,ST,0.02426325266703053
orbit_p0.0800.bin,1.0,4.0,0.5,False,0.028637827019079756,3.1415926535897927,0.08,1633478.507816798,ST,0.028943643435609397
orbit_p0.0900.bin,1.0,4.0,0.5,False,0.028637827019079756,3.1415926535897927,0.09,1633478.507816798,ST,0.06572274441681619
orbit_p0.1000.bin,1.0,4.0,0.5,False,0.028637827019079756,3.1415926535897927,0.1,68749.65589159144,CA,
