file,m_A (Msun),m_B (Msun),e,apapse,m_P (Msun),l (rad),a (AU),t_stop (day),stability,delta_r
orbit_a0.08.bin,1.0,0.1111111111111111,0.7,True,0.0,3.1415926535897927,0.08,3465131.189399222,ST,0.11576522945454026
orbit_a0.09.bin,1.0,0.1111111111111111,0.7,True,0.0,3.1415926535897927,0.09,3465131.189399222,ST,0.0892689015216358
orbit_a0.10.bin,1.0,0.1111111111111111,0.7,True,0.0,3.1415926535897927,0.1,323813.52840700827,CA,
orbit_a0.11.bin,1.0,0.1111111111111111,0.7,True,0.0,3.1415926535897927,0.11,612459.2420436501,CA,
