file,m_A (Msun),m_B (Msun),e,apapse,m_P (Msun),l (rad),a (AU),t_stop (day),stability,delta_r
orbit_p0.3100.bin,1.0,0.25,0.1,False,0.0,3.1415926535897927,0.31,3266957.015633596,ST,0.0314593608600478
orbit_p0.3200.bin,1.0,0.25,0.1,False,0.0,3.1415926535897927,0.32,3266957.015633596,ST,0.03670481985509903
orbit_p0.3300.bin,1.0,0.25,0.1,False,0.0,3.1415926535897927,0.33,3266957.015633596,ST,0.10369845911174248
orbit_p0.3400.bin,1.0,0.25,0.1,False,0.0,3.1415926535897927,0.34,3266957.015633596,ST,0.04052182619001891
