file,m_A (Msun),m_B (Msun),e,apapse,m_P (Msun),l (rad),a (AU),t_stop (day),stability,delta_r
orbit_p0.2600.bin,1.0,0.6666666666666667,0.1,False,0.0,1.5707963267948966,0.26,2829267.7686104896,ST,0.07779530713080858
orbit_p0.2700.bin,1.0,0.6666666666666667,0.1,False,0.0,1.5707963267948966,0.27,2829267.7686104896,ST,0.11593713376099446
orbit_p0.2800.bin,1.0,0.6666666666666667,0.1,False,0.0,1.5707963267948966,0.28,7326.539172085125,CA,
orbit_p0.2900.bin,1.0,0.6666666666666667,0.1,False,0.0,1.5707963267948966,0.29,1976.7914172513376,CA,
