file,m_A (Msun),m_B (Msun),e,apapse,m_P (Msun),l (rad),a (AU),t_stop (day),stability,delta_r
orbit_p0.08.bin,1.0,9.000000000000002,0.3,False,0.0,0.0,0.08,1155043.7297997407,ST,0.021970314353244567
orbit_p0.09.bin,1.0,9.000000000000002,0.3,False,0.0,0.0,0.09,1155043.7297997407,ST,0.04882002497803756
orbit_p0.10.bin,1.0,9.000000000000002,0.3,False,0.0,0.0,0.1,1155043.7297997407,ST,0.058306419256003994
orbit_p0.11.bin,1.0,9.000000000000002,0.3,False,0.0,0.0,0.11,59040.84695405726,CA,
