file,m_A (Msun),m_B (Msun),e,apapse,m_P (Msun),l (rad),a (AU),t_stop (day),stability,delta_r
orbit_a0.08.bin,1.0,9.000000000000002,0.3,True,0.0,0.0,0.08,1155043.7297997407,ST,0.025720328456084924
orbit_a0.09.bin,1.0,9.000000000000002,0.3,True,0.0,0.0,0.09,1155043.7297997407,ST,0.02800911724345055
orbit_a0.10.bin,1.0,9.000000000000002,0.3,True,0.0,0.0,0.1,1155043.7297997407,ST,0.05156025677347374
orbit_a0.11.bin,1.0,9.000000000000002,0.3,True,0.0,0.0,0.11,4440.603315617915,EJ,
