file,m_A (Msun),m_B (Msun),e,apapse,m_P (Msun),l (rad),a (AU),t_stop (day),stability,delta_r
orbit_a0.3500.bin,1.0,0.11111111111111112,0.1,True,0.000954594233969325,3.1415926535897927,0.35,3465131.189399222,ST,0.016012576191598422
orbit_a0.3600.bin,1.0,0.11111111111111112,0.1,True,0.000954594233969325,3.1415926535897927,0.36,3465131.189399222,ST,0.014929340432051233
orbit_a0.3700.bin,1.0,0.11111111111111112,0.1,True,0.000954594233969325,3.1415926535897927,0.37,3465131.189399222,ST,0.019054064512191164
orbit_a0.3800.bin,1.0,0.11111111111111112,0.1,True,0.000954594233969325,3.1415926535897927,0.38,3465131.189399222,ST,0.036029678956216456
orbit_a0.3900.bin,1.0,0.11111111111111112,0.1,True,0.000954594233969325,3.1415926535897927,0.39,13985.0921926109,CA,
