file,m_A (Msun),m_B (Msun),e,apapse,m_P (Msun),l (rad),a (AU),t_stop (day),stability,delta_r
orbit_p0.3500.bin,1.0,0.11111111111111112,0.1,False,0.000954594233969325,3.1415926535897927,0.35,3465131.189399222,ST,0.01802145472013824
orbit_p0.3600.bin,1.0,0.11111111111111112,0.1,False,0.000954594233969325,3.1415926535897927,0.36,3465131.189399222,ST,0.021252375984639502
orbit_p0.3700.bin,1.0,0.11111111111111112,0.1,False,0.000954594233969325,3.1415926535897927,0.37,3465131.189399222,ST,0.03179783109907096
orbit_p0.3800.bin,1.0,0.11111111111111112,0.1,False,0.000954594233969325,3.1415926535897927,0.38,3465131.189399222,ST,0.048590241805393126
orbit_p0.3900.bin,1.0,0.11111111111111112,0.1,False,0.000954594233969325,3.1415926535897927,0.39,19269.36228171497,CB,
