file,m_A (Msun),m_B (Msun),e,apapse,m_P (Msun),l (rad),a (AU),t_stop (day),stability,delta_r
orbit_a0.2100.bin,1.0,0.11111111111111112,0.4,True,0.028637827019079756,3.1415926535897927,0.21,3465131.189399222,ST,0.10617529788798583
orbit_a0.2200.bin,1.0,0.11111111111111112,0.4,True,0.028637827019079756,3.1415926535897927,0.22,3465131.189399222,ST,0.05857043592564468
orbit_a0.2300.bin,1.0,0.11111111111111112,0.4,True,0.028637827019079756,3.1415926535897927,0.23,3465131.189399222,ST,0.05521954619876641
orbit_a0.2400.bin,1.0,0.11111111111111112,0.4,True,0.028637827019079756,3.1415926535897927,0.24,3465131.189399222,ST,0.03189856197946315
orbit_a0.2500.bin,1.0,0.11111111111111112,0.4,True,0.028637827019079756,3.1415926535897927,0.25,161146.03474889047,CA,
