file,m_A (Msun),m_B (Msun),e,apapse,m_P (Msun),l (rad),a (AU),t_stop (day),stability,delta_r
orbit_p0.2100.bin,1.0,0.11111111111111112,0.4,False,0.028637827019079756,3.1415926535897927,0.21,3465131.189399222,ST,0.08621433027994956
orbit_p0.2200.bin,1.0,0.11111111111111112,0.4,False,0.028637827019079756,3.1415926535897927,0.22,3465131.189399222,ST,0.04851000145140288
orbit_p0.2300.bin,1.0,0.11111111111111112,0.4,False,0.028637827019079756,3.1415926535897927,0.23,3465131.189399222,ST,0.06234983290501958
orbit_p0.2400.bin,1.0,0.11111111111111112,0.4,False,0.028637827019079756,3.1415926535897927,0.24,3465131.189399222,ST,0.02880593128951557
orbit_p0.2500.bin,1.0,0.11111111111111112,0.4,False,0.028637827019079756,3.1415926535897927,0.25,55081.640877228856,CA,
