file,m_A (Msun),m_B (Msun),e,apapse,m_P (Msun),l (rad),a (AU),t_stop (day),stability,delta_r
orbit_p0.1200.bin,1.0,4.0,0.2,False,0.0,1.5707963267948966,0.12,1633478.507816798,ST,0.060015667182904145
orbit_p0.1300.bin,1.0,4.0,0.2,False,0.0,1.5707963267948966,0.13,1633478.507816798,ST,0.08737578686675801
orbit_p0.1400.bin,1.0,4.0,0.2,False,0.0,1.5707963267948966,0.14,199148.4234182645,CA,
orbit_p0.1500.bin,1.0,4.0,0.2,False,0.0,1.5707963267948966,0.15,526.4934364070713,CB,
