file,m_A (Msun),m_B (Msun),e,apapse,m_P (Msun),l (rad),a (AU),t_stop (day),stability,delta_r
orbit_p0.1400.bin,1.0,0.25,0.5,False,0.000954594233969325,3.1415926535897927,0.14,3266957.015633596,ST,0.06007074762264927
orbit_p0.1500.bin,1.0,0.25,0.5,False,0.000954594233969325,3.1415926535897927,0.15,3266957.015633596,ST,0.058786674870355715
orbit_p0.1600.bin,1.0,0.25,0.5,False,0.000954594233969325,3.1415926535897927,0.16,3266957.015633596,ST,0.04197658328947973
orbit_p0.1700.bin,1.0,0.25,0.5,False,0.000954594233969325,3.1415926535897927,0.17,3266957.015633596,ST,0.03706659278371341
orbit_p0.1800.bin,1.0,0.25,0.5,False,0.000954594233969325,3.1415926535897927,0.18,105899.43883728725,CA,
