file,m_A (Msun),m_B (Msun),e,apapse,m_P (Msun),l (rad),a (AU),t_stop (day),stability,delta_r
orbit_a0.1400.bin,1.0,0.25,0.5,True,0.000954594233969325,3.1415926535897927,0.14,3266957.015633596,ST,0.08526886316148603
orbit_a0.1500.bin,1.0,0.25,0.5,True,0.000954594233969325,3.1415926535897927,0.15,3266957.015633596,ST,0.07178990374430995
orbit_a0.1600.bin,1.0,0.25,0.5,True,0.000954594233969325,3.1415926535897927,0.16,3266957.015633596,ST,0.08834365173796915
orbit_a0.1700.bin,1.0,0.25,0.5,True,0.000954594233969325,3.1415926535897927,0.17,2328259.203767595,CA,
orbit_a0.1800.bin,1.0,0.25,0.5,True,0.000954594233969325,3.1415926535897927,0.18,43434.877895155165,CA,
