file,m_A (Msun),m_B (Msun),e,apapse,m_P (Msun),l (rad),a (AU),t_stop (day),stability,delta_r
orbit_a0.1500.bin,1.0,4.0,0.0,True,0.0,4.712388980384691,0.15,1633478.507816798,ST,0.06928291019782952
orbit_a0.1600.bin,1.0,4.0,0.0,True,0.0,4.712388980384691,0.16,1633478.507816798,ST,0.10247399026805702
orbit_a0.1700.bin,1.0,4.0,0.0,True,0.0,4.712388980384691,0.17,9644.580926685016,CB,
orbit_a0.1800.bin,1.0,4.0,0.0,True,0.0,4.712388980384691,0.18,718.5985685380522,CA,
