file,m_A (Msun),m_B (Msun),e,apapse,m_P (Msun),l (rad),a (AU),t_stop (day),stability,delta_r
orbit_a0.1100.bin,1.0,4.0,0.2,True,0.028637827019079756,3.1415926535897927,0.11,1633478.507816798,ST,0.018473246595254136
orbit_a0.1200.bin,1.0,4.0,0.2,True,0.028637827019079756,3.1415926535897927,0.12,1633478.507816798,ST,0.021157997809393224
orbit_a0.1300.bin,1.0,4.0,0.2,True,0.028637827019079756,3.1415926535897927,0.13,1633478.507816798,ST,0.023255733816758672
orbit_a0.1400.bin,1.0,4.0,0.2,True,0.028637827019079756,3.1415926535897927,0.14,1633478.507816798,ST,0.026010680974297238
orbit_a0.1500.bin,1.0,4.0,0.2,True,0.028637827019079756,3.1415926535897927,0.15,1633478.507816798,ST,0.0331885339955376
