file,m_A (Msun),m_B (Msun),e,apapse,m_P (Msun),l (rad),a (AU),t_stop (day),stability,delta_r
orbit_p0.1100.bin,1.0,4.0,0.2,False,0.028637827019079756,3.1415926535897927,0.11,1633478.507816798,ST,0.017560729551326433
orbit_p0.1200.bin,1.0,4.0,0.2,False,0.028637827019079756,3.1415926535897927,0.12,1633478.507816798,ST,0.022295913496300127
orbit_p0.1300.bin,1.0,4.0,0.2,False,0.028637827019079756,3.1415926535897927,0.13,1633478.507816798,ST,0.02624935876633721
orbit_p0.1400.bin,1.0,4.0,0.2,False,0.028637827019079756,3.1415926535897927,0.14,1633478.507816798,ST,0.031001857784590955
orbit_p0.1500.bin,1.0,4.0,0.2,False,0.028637827019079756,3.1415926535897927,0.15,1633478.507816798,ST,0.04974548793292006
