file,m_A (Msun),m_B (Msun),e,apapse,m_P (Msun),l (rad),a (AU),t_stop (day),stability,delta_r
orbit_a0.1100.bin,1.0,1.5,0.4,True,0.000954594233969325,1.5707963267948966,0.11,2310087.4595994814,ST,0.038204379842405066
orbit_a0.1200.bin,1.0,1.5,0.4,True,0.000954594233969325,1.5707963267948966,0.12,2310087.4595994814,ST,0.04103002204944622
orbit_a0.1300.bin,1.0,1.5,0.4,True,0.000954594233969325,1.5707963267948966,0.13,2310087.4595994814,ST,0.03975428736475579
orbit_a0.1400.bin,1.0,1.5,0.4,True,0.000954594233969325,1.5707963267948966,0.14,2310087.4595994814,ST,0.041746807163983234
orbit_a0.1500.bin,1.0,1.5,0.4,True,0.000954594233969325,1.5707963267948966,0.15,546831.7262224028,CA,
