file,m_A (Msun),m_B (Msun),e,apapse,m_P (Msun),l (rad),a (AU),t_stop (day),stability,delta_r
orbit_p0.2200.bin,1.0,1.0,0.1,False,0.028637827019079756,1.5707963267948966,0.22,2582756.29681712,ST,0.06690110211870985
orbit_p0.2300.bin,1.0,1.0,0.1,False,0.028637827019079756,1.5707963267948966,0.23,2582756.29681712,ST,0.0868638012579297
orbit_p0.2400.bin,1.0,1.0,0.1,False,0.028637827019079756,1.5707963267948966,0.24,2582756.29681712,ST,0.1036944296503483
orbit_p0.2500.bin,1.0,1.0,0.1,False,0.028637827019079756,1.5707963267948966,0.25,6393.033974118511,CA,
orbit_p0.2600.bin,1.0,1.0,0.1,False,0.028637827019079756,1.5707963267948966,0.26,982.8124467600787,CA,
