file,m_A (Msun),m_B (Msun),e,apapse,m_P (Msun),l (rad),a (AU),t_stop (day),stability,delta_r
orbit_p0.2100.bin,1.0,0.11111111111111112,0.4,False,0.000954594233969325,0.0,0.21,3465131.189399222,ST,0.07941545960706244
orbit_p0.2200.bin,1.0,0.11111111111111112,0.4,False,0.000954594233969325,0.0,0.22,3465131.189399222,ST,0.08518505842308562
orbit_p0.2300.bin,1.0,0.11111111111111112,0.4,False,0.000954594233969325,0.0,0.23,3465131.189399222,ST,0.10508683791850287
orbit_p0.2400.bin,1.0,0.11111111111111112,0.4,False,0.000954594233969325,0.0,0.24,3465131.189399222,ST,0.09998035583401407
orbit_p0.2500.bin,1.0,0.11111111111111112,0.4,False,0.000954594233969325,0.0,0.25,177544.3487690663,CA,
