file,m_A (Msun),m_B (Msun),e,apapse,m_P (Msun),l (rad),a (AU),t_stop (day),stability,delta_r
orbit_p0.1100.bin,1.0,0.11111111111111112,0.6,False,0.028637827019079756,3.1415926535897927,0.11,3465131.189399222,ST,0.09582318483061787
orbit_p0.1200.bin,1.0,0.11111111111111112,0.6,False,0.028637827019079756,3.1415926535897927,0.12,3465131.189399222,ST,0.11838118373702773
orbit_p0.1300.bin,1.0,0.11111111111111112,0.6,False,0.028637827019079756,3.1415926535897927,0.13,3465131.189399222,ST,0.19454779638657818
orbit_p0.1400.bin,1.0,0.11111111111111112,0.6,False,0.028637827019079756,3.1415926535897927,0.14,2154939.2365735085,CA,
orbit_p0.1500.bin,1.0,0.11111111111111112,0.6,False,0.028637827019079756,3.1415926535897927,0.15,256247.49896651247,CA,
