file,m_A (Msun),m_B (Msun),e,apapse,m_P (Msun),l (rad),a (AU),t_stop (day),stability,delta_r
orbit_a0.2400.bin,1.0,1.0,0.0,True,0.000954594233969325,1.5707963267948966,0.24,2582756.29681712,ST,0.07271361432980702
orbit_a0.2500.bin,1.0,1.0,0.0,True,0.000954594233969325,1.5707963267948966,0.25,2582756.29681712,ST,0.09057207792015141
orbit_a0.2600.bin,1.0,1.0,0.0,True,0.000954594233969325,1.5707963267948966,0.26,2582756.29681712,ST,0.11893928080897798
orbit_a0.2700.bin,1.0,1.0,0.0,True,0.000954594233969325,1.5707963267948966,0.27,510.8057448069874,CA,
orbit_a0.2800.bin,1.0,1.0,0.0,True,0.000954594233969325,1.5707963267948966,0.28,3683.419446393062,CB,
