file,m_A (Msun),m_B (Msun),e,apapse,m_P (Msun),l (rad),a (AU),t_stop (day),stability,delta_r
orbit_p0.2400.bin,1.0,1.0,0.0,False,0.000954594233969325,1.5707963267948966,0.24,2582756.29681712,ST,0.07151017240134137
orbit_p0.2500.bin,1.0,1.0,0.0,False,0.000954594233969325,1.5707963267948966,0.25,2582756.29681712,ST,0.09090242958833694
orbit_p0.2600.bin,1.0,1.0,0.0,False,0.000954594233969325,1.5707963267948966,0.26,2582756.29681712,ST,0.12051738216205425
orbit_p0.2700.bin,1.0,1.0,0.0,False,0.000954594233969325,1.5707963267948966,0.27,802.6631615672362,CA,
orbit_p0.2800.bin,1.0,1.0,0.0,False,0.000954594233969325,1.5707963267948966,0.28,3047.7494713766364,CA,
