file,m_A (Msun),m_B (Msun),e,apapse,m_P (Msun),l (rad),a (AU),t_stop (day),stability,delta_r
orbit_p0.1100.bin,1.0,9.0,0.0,False,0.028637827019079756,0.0,0.11,1155043.7297997407,ST,0.019960363998723477
orbit_p0.1200.bin,1.0,9.0,0.0,False,0.028637827019079756,0.0,0.12,1155043.7297997407,ST,0.02743238327749008
orbit_p0.1300.bin,1.0,9.0,0.0,False,0.028637827019079756,0.0,0.13,1155043.7297997407,ST,0.03530181217895507
orbit_p0.1400.bin,1.0,9.0,0.0,False,0.028637827019079756,0.0,0.14,1155043.7297997407,ST,0.04937540474150785
orbit_p0.1500.bin,1.0,9.0,0.0,False,0.028637827019079756,0.0,0.15,25380.487114400083,CA,
