file,m_A (Msun),m_B (Msun),e,apapse,m_P (Msun),l (rad),a (AU),t_stop (day),stability,delta_r
orbit_p0.08.bin,1.0,1.0,0.6,False,0.0,4.712388980384691,0.08,2582756.29681712,ST,0.058661107070227224
orbit_p0.09.bin,1.0,1.0,0.6,False,0.0,4.712388980384691,0.09,2582756.29681712,ST,0.07046274225695856
orbit_p0.10.bin,1.0,1.0,0.6,False,0.0,4.712388980384691,0.1,435192.02213764546,CA,
orbit_p0.11.bin,1.0,1.0,0.6,False,0.0,4.712388980384691,0.11,5516.560211015386,CA,
