file,m_A (Msun),m_B (Msun),e,apapse,m_P (Msun),l (rad),a (AU),t_stop (day),stability,delta_r
orbit_p0.44.bin,1.0,0.1111111111111111,0.0,False,0.0,1.5707963267948966,0.44,3465131.189399222,ST,0.06851671349079136
orbit_p0.45.bin,1.0,0.1111111111111111,0.0,False,0.0,1.5707963267948966,0.45,3465131.189399222,ST,0.09639666613290145
orbit_p0.46.bin,1.0,0.1111111111111111,0.0,False,0.0,1.5707963267948966,0.46,104825.58632908169,CB,
orbit_p0.47.bin,1.0,0.1111111111111111,0.0,False,0.0,1.5707963267948966,0.47,3279.2693593438485,CA,
