file,m_A (Msun),m_B (Msun),e,apapse,m_P (Msun),l (rad),a (AU),t_stop (day),stability,delta_r
orbit_a0.10.bin,1.0,9.000000000000002,0.1,True,0.0,1.5707963267948966,0.1,1155043.7297997407,ST,0.030257148943121082
orbit_a0.11.bin,1.0,9.000000000000002,0.1,True,0.0,1.5707963267948966,0.11,1155043.7297997407,ST,0.043307025414308004
orbit_a0.12.bin,1.0,9.000000000000002,0.1,True,0.0,1.5707963267948966,0.12,1155043.7297997407,ST,0.07865350308291934
orbit_a0.13.bin,1.0,9.000000000000002,0.1,True,0.0,1.5707963267948966,0.13,7711.637571062478,CA,
