file,m_A (Msun),m_B (Msun),e,apapse,m_P (Msun),l (rad),a (AU),t_stop (day),stability,delta_r
orbit_a0.0400.bin,1.0,1.0,0.7,True,0.000954594233969325,1.5707963267948966,0.04,2582756.29681712,ST,0.04839941657406692
orbit_a0.0500.bin,1.0,1.0,0.7,True,0.000954594233969325,1.5707963267948966,0.05,2582756.29681712,ST,0.05488285843485355
orbit_a0.0600.bin,1.0,1.0,0.7,True,0.000954594233969325,1.5707963267948966,0.06,2582756.29681712,ST,0.06196519917115332
orbit_a0.0700.bin,1.0,1.0,0.7,True,0.000954594233969325,1.5707963267948966,0.06999999999999999,495149.66562441795,CA,
orbit_a0.0800.bin,1.0,1.0,0.7,True,0.000954594233969325,1.5707963267948966,0.08,72260.85098646974,CA,
