file,m_A (Msun),m_B (Msun),e,apapse,m_P (Msun),l (rad),a (AU),t_stop (day),stability,delta_r
orbit_a0.4300.bin,1.0,0.11111111111111112,0.0,True,0.028637827019079756,1.5707963267948966,0.43,3465131.189399222,ST,0.047028098424147846
orbit_a0.4400.bin,1.0,0.11111111111111112,0.0,True,0.028637827019079756,1.5707963267948966,0.44,242603.27476268265,EJ,
orbit_a0.4500.bin,1.0,0.11111111111111112,0.0,True,0.028637827019079756,1.5707963267948966,0.45,8038.391395636109,CA,
orbit_a0.4600.bin,1.0,0.11111111111111112,0.0,True,0.028637827019079756,1.5707963267948966,0.46,847.4468885017708,CA,
orbit_a0.4700.bin,1.0,0.11111111111111112,0.0,True,0.028637827019079756,1.5707963267948966,0.47,8424.968180812048,CA,
