file,m_A (Msun),m_B (Msun),e,apapse,m_P (Msun),l (rad),a (AU),t_stop (day),stability,delta_r
orbit_a0.19.bin,1.0,1.0,0.2,True,0.0,2.3561944901923453,0.19,2582756.29681712,ST,0.03069731350157875
orbit_a0.20.bin,1.0,1.0,0.2,True,0.0,2.3561944901923453,0.2,2582756.29681712,ST,0.045058701264557625
orbit_a0.21.bin,1.0,1.0,0.2,True,0.0,2.3561944901923453,0.21,2582756.29681712,ST,0.03551962399592308
orbit_a0.22.bin,1.0,1.0,0.2,True,0.0,2.3561944901923453,0.22,2582756.29681712,ST,0.0689060938942765
