file,m_A (Msun),m_B (Msun),e,apapse,m_P (Msun),l (rad),a (AU),t_stop (day),stability,delta_r
orbit_p0.1300.bin,1.0,1.0,0.4,False,0.028637827019079756,1.5707963267948966,0.13,2582756.29681712,ST,0.051649115836041974
orbit_p0.1400.bin,1.0,1.0,0.4,False,0.028637827019079756,1.5707963267948966,0.14,2582756.29681712,ST,0.06753818138201448
orbit_p0.1500.bin,1.0,1.0,0.4,False,0.028637827019079756,1.5707963267948966,0.15,815227.6326619572,CA,
orbit_p0.1600.bin,1.0,1.0,0.4,False,0.028637827019079756,1.5707963267948966,0.16,61426.09796723835,CA,
orbit_p0.1700.bin,1.0,1.0,0.4,False,0.028637827019079756,1.5707963267948966,0.16999999999999998,15035.6831855364,CA,
