file,m_A (Msun),m_B (Msun),e,apapse,m_P (Msun),l (rad),a (AU),t_stop (day),stability,delta_r
orbit_a0.25.bin,1.0,1.0,0.0,True,0.0,2.3561944901923453,0.25,2582756.29681712,ST,0.05765509659656077
orbit_a0.26.bin,1.0,1.0,0.0,True,0.0,2.3561944901923453,0.26,2582756.29681712,ST,0.07204015862142663
orbit_a0.27.bin,1.0,1.0,0.0,True,0.0,2.3561944901923453,0.27,2582756.29681712,ST,0.0968535401218482
orbit_a0.28.bin,1.0,1.0,0.0,True,0.0,2.3561944901923453,0.28,1997.0005049097551,CA,
