file,m_A (Msun),m_B (Msun),e,apapse,m_P (Msun),l (rad),a (AU),t_stop (day),stability,delta_r
orbit_p0.0900.bin,1.0,2.333333333333333,0.4,False,0.000954594233969325,3.1415926535897927,0.09,2000594.4249770087,ST,0.02587427144839024
orbit_p0.1000.bin,1.0,2.333333333333333,0.4,False,0.000954594233969325,3.1415926535897927,0.1,2000594.4249770087,ST,0.02591472734402805
orbit_p0.1100.bin,1.0,2.333333333333333,0.4,False,0.000954594233969325,3.1415926535897927,0.11,2000594.4249770087,ST,0.028228756928284644
orbit_p0.1200.bin,1.0,2.333333333333333,0.4,False,0.000954594233969325,3.1415926535897927,0.12,2000594.4249770087,ST,0.03619316934176372
orbit_p0.1300.bin,1.0,2.333333333333333,0.4,False,0.000954594233969325,3.1415926535897927,0.13,2000594.4249770087,ST,0.044319274596835434
