file,m_A (Msun),m_B (Msun),e,apapse,m_P (Msun),l (rad),a (AU),t_stop (day),stability,delta_r
orbit_p0.1600.bin,1.0,1.5,0.2,False,0.000954594233969325,4.712388980384691,0.16,2310087.4595994814,ST,0.05160835438246355
orbit_p0.1700.bin,1.0,1.5,0.2,False,0.000954594233969325,4.712388980384691,0.16999999999999998,2310087.4595994814,ST,0.06783190445968418
orbit_p0.1800.bin,1.0,1.5,0.2,False,0.000954594233969325,4.712388980384691,0.18,2310087.4595994814,ST,0.07724018446117885
orbit_p0.1900.bin,1.0,1.5,0.2,False,0.000954594233969325,4.712388980384691,0.19,2310087.4595994814,ST,0.12019437439047972
orbit_p0.2000.bin,1.0,1.5,0.2,False,0.000954594233969325,4.712388980384691,0.2,3265.0087449887706,CA,
