file,m_A (Msun),m_B (Msun),e,apapse,m_P (Msun),l (rad),a (AU),t_stop (day),stability,delta_r
orbit_a0.1600.bin,1.0,1.5,0.2,True,0.000954594233969325,4.712388980384691,0.16,2310087.4595994814,ST,0.03291146830721674
orbit_a0.1700.bin,1.0,1.5,0.2,True,0.000954594233969325,4.712388980384691,0.16999999999999998,2310087.4595994814,ST,0.0332858861394209
orbit_a0.1800.bin,1.0,1.5,0.2,True,0.000954594233969325,4.712388980384691,0.18,2310087.4595994814,ST,0.02974971642715952
orbit_a0.1900.bin,1.0,1.5,0.2,True,0.000954594233969325,4.712388980384691,0.19,2310087.4595994814,ST,0.04351712734043459
orbit_a0.2000.bin,1.0,1.5,0.2,True,0.000954594233969325,4.712388980384691,0.2,2310087.4595994814,ST,0.05001316185523888
