file,m_A (Msun),m_B (Msun),e,apapse,m_P (Msun),l (rad),a (AU),t_stop (day),stability,delta_r
orbit_a0.1600.bin,1.0,0.4285714285714286,0.4,True,0.028637827019079756,0.0,0.16,3055958.462454599,ST,0.047459810430924385
orbit_a0.1700.bin,1.0,0.4285714285714286,0.4,True,0.028637827019079756,0.0,0.16999999999999998,3055958.462454599,ST,0.0576180537644802
orbit_a0.1800.bin,1.0,0.4285714285714286,0.4,True,0.028637827019079756,0.0,0.18,3055958.462454599,ST,0.06739164490195065
orbit_a0.1900.bin,1.0,0.4285714285714286,0.4,True,0.028637827019079756,0.0,0.19,1407452.327138817,CA,
orbit_a0.2000.bin,1.0,0.4285714285714286,0.4,True,0.028637827019079756,0.0,0.2,646997.0341940841,CA,
