file,m_A (Msun),m_B (Msun),e,apapse,m_P (Msun),l (rad),a (AU),t_stop (day),stability,delta_r
orbit_p0.1600.bin,1.0,0.4285714285714286,0.4,False,0.028637827019079756,0.0,0.16,3055958.462454599,ST,0.06369926859805673
orbit_p0.1700.bin,1.0,0.4285714285714286,0.4,False,0.028637827019079756,0.0,0.16999999999999998,3055958.462454599,ST,0.06556020507257516
orbit_p0.1800.bin,1.0,0.4285714285714286,0.4,False,0.028637827019079756,0.0,0.18,3055958.462454599,ST,0.0681076647933628
orbit_p0.1900.bin,1.0,0.4285714285714286,0.4,False,0.028637827019079756,0.0,0.19,502080.9239289315,CA,
orbit_p0.2000.bin,1.0,0.4285714285714286,0.4,False,0.028637827019079756,0.0,0.2,85889.70306728633,CA,
