file,m_A (Msun),m_B (Msun),e,apapse,m_P (Msun),l (rad),a (AU),t_stop (day),stability,delta_r
orbit_a0.3500.bin,1.0,0.11111111111111112,0.1,True,0.028637827019079756,1.5707963267948966,0.35,3465131.189399222,ST,0.02547886907310115
orbit_a0.3600.bin,1.0,0.11111111111111112,0.1,True,0.028637827019079756,1.5707963267948966,0.36,3465131.189399222,ST,0.025808615291068288
orbit_a0.3700.bin,1.0,0.11111111111111112,0.1,True,0.028637827019079756,1.5707963267948966,0.37,3465131.189399222,ST,0.03631002540800838
orbit_a0.3800.bin,1.0,0.11111111111111112,0.1,True,0.028637827019079756,1.5707963267948966,0.38,309908.8069628764,CA,
orbit_a0.3900.bin,1.0,0.11111111111111112,0.1,True,0.028637827019079756,1.5707963267948966,0.39,117376.41805714693,CA,
