file,m_A (Msun),m_B (Msun),e,apapse,m_P (Msun),l (rad),a (AU),t_stop (day),stability,delta_r
orbit_p0.3500.bin,1.0,0.11111111111111112,0.1,False,0.028637827019079756,1.5707963267948966,0.35,3465131.189399222,ST,0.03345409516986866
orbit_p0.3600.bin,1.0,0.11111111111111112,0.1,False,0.028637827019079756,1.5707963267948966,0.36,3465131.189399222,ST,0.04073590456325435
orbit_p0.3700.bin,1.0,0.11111111111111112,0.1,False,0.028637827019079756,1.5707963267948966,0.37,3465131.189399222,ST,0.05168682402919898
orbit_p0.3800.bin,1.0,0.11111111111111112,0.1,False,0.028637827019079756,1.5707963267948966,0.38,1103424.610348835,CA,
orbit_p0.3900.bin,1.0,0.11111111111111112,0.1,False,0.028637827019079756,1.5707963267948966,0.39,48225.040920766594,CA,
