file,m_A (Msun),m_B (Msun),e,apapse,m_P (Msun),l (rad),a (AU),t_stop (day),stability,delta_r
orbit_p0.0300.bin,1.0,1.5,0.7,False,0.000954594233969325,3.1415926535897927,0.03,2310087.4595994814,ST,0.035438445945099296
orbit_p0.0400.bin,1.0,1.5,0.7,False,0.000954594233969325,3.1415926535897927,0.04,2310087.4595994814,ST,0.0410350881018965
orbit_p0.0500.bin,1.0,1.5,0.7,False,0.000954594233969325,3.1415926535897927,0.05,2310087.4595994814,ST,0.04128655888621383
orbit_p0.0600.bin,1.0,1.5,0.7,False,0.000954594233969325,3.1415926535897927,0.06000000000000001,2310087.4595994814,ST,0.036160703019031085
orbit_p0.0700.bin,1.0,1.5,0.7,False,0.000954594233969325,3.1415926535897927,0.07,183059.23779403188,CA,
