file,m_A (Msun),m_B (Msun),e,apapse,m_P (Msun),l (rad),a (AU),t_stop (day),stability,delta_r
orbit_p0.1800.bin,1.0,1.0,0.2,False,0.028637827019079756,1.5707963267948966,0.18000000000000002,2582756.29681712,ST,0.04890150755524733
orbit_p0.1900.bin,1.0,1.0,0.2,False,0.028637827019079756,1.5707963267948966,0.19,2582756.29681712,ST,0.06182276442377128
orbit_p0.2000.bin,1.0,1.0,0.2,False,0.028637827019079756,1.5707963267948966,0.2,2582756.29681712,ST,0.08432047435358574
orbit_p0.2100.bin,1.0,1.0,0.2,False,0.028637827019079756,1.5707963267948966,0.21,2582756.29681712,ST,0.10212512588403068
orbit_p0.2200.bin,1.0,1.0,0.2,False,0.028637827019079756,1.5707963267948966,0.22,89412.12836469083,CB,
