file,m_A (Msun),m_B (Msun),e,apapse,m_P (Msun),l (rad),a (AU),t_stop (day),stability,delta_r
orbit_a0.1400.bin,1.0,1.5,0.3,True,0.000954594233969325,3.1415926535897927,0.14,2310087.4595994814,ST,0.033035025582777114
orbit_a0.1500.bin,1.0,1.5,0.3,True,0.000954594233969325,3.1415926535897927,0.15,2310087.4595994814,ST,0.036416692447897886
orbit_a0.1600.bin,1.0,1.5,0.3,True,0.000954594233969325,3.1415926535897927,0.16,2310087.4595994814,ST,0.03237733614485539
orbit_a0.1700.bin,1.0,1.5,0.3,True,0.000954594233969325,3.1415926535897927,0.17,2310087.4595994814,ST,0.04090904550908622
orbit_a0.1800.bin,1.0,1.5,0.3,True,0.000954594233969325,3.1415926535897927,0.18,2310087.4595994814,ST,0.035523989477323735
