file,m_A (Msun),m_B (Msun),e,apapse,m_P (Msun),l (rad),a (AU),t_stop (day),stability,delta_r
orbit_p0.1400.bin,1.0,1.5,0.3,False,0.000954594233969325,3.1415926535897927,0.14,2310087.4595994814,ST,0.02600920504005641
orbit_p0.1500.bin,1.0,1.5,0.3,False,0.000954594233969325,3.1415926535897927,0.15,2310087.4595994814,ST,0.02830089496404205
orbit_p0.1600.bin,1.0,1.5,0.3,False,0.000954594233969325,3.1415926535897927,0.16,2310087.4595994814,ST,0.034246549927862885
orbit_p0.1700.bin,1.0,1.5,0.3,False,0.000954594233969325,3.1415926535897927,0.17,2310087.4595994814,ST,0.04093772120476251
orbit_p0.1800.bin,1.0,1.5,0.3,False,0.000954594233969325,3.1415926535897927,0.18,1552289.5914755182,CA,
