file,m_A (Msun),m_B (Msun),e,apapse,m_P (Msun),l (rad),a (AU),t_stop (day),stability,delta_r
orbit_p0.0900.bin,1.0,2.333333333333333,0.4,False,0.028637827019079756,4.712388980384691,0.09,2000594.4249770087,ST,0.03696398988452614
orbit_p0.1000.bin,1.0,2.333333333333333,0.4,False,0.028637827019079756,4.712388980384691,0.1,2000594.4249770087,ST,0.053662133665626395
orbit_p0.1100.bin,1.0,2.333333333333333,0.4,False,0.028637827019079756,4.712388980384691,0.11,2000594.4249770087,ST,0.06505565917127652
orbit_p0.1200.bin,1.0,2.333333333333333,0.4,False,0.028637827019079756,4.712388980384691,0.12,2000594.4249770087,ST,0.193758834557107
orbit_p0.1300.bin,1.0,2.333333333333333,0.4,False,0.028637827019079756,4.712388980384691,0.13,19982.02158445548,EJ,
