file,m_A (Msun),m_B (Msun),e,apapse,m_P (Msun),l (rad),a (AU),t_stop (day),stability,delta_r
orbit_p0.1700.bin,1.0,0.6666666666666667,0.3,False,0.000954594233969325,4.712388980384691,0.17,2829267.7686104896,ST,0.04952538251646411
orbit_p0.1800.bin,1.0,0.6666666666666667,0.3,False,0.000954594233969325,4.712388980384691,0.18,2829267.7686104896,ST,0.0524369272578827
orbit_p0.1900.bin,1.0,0.6666666666666667,0.3,False,0.000954594233969325,4.712388980384691,0.19,2829267.7686104896,ST,0.07598433719348127
orbit_p0.2000.bin,1.0,0.6666666666666667,0.3,False,0.000954594233969325,4.712388980384691,0.2,2829267.7686104896,ST,0.08067615697836958
orbit_p0.2100.bin,1.0,0.6666666666666667,0.3,False,0.000954594233969325,4.712388980384691,0.21,30333.751914890163,CA,
