file,m_A (Msun),m_B (Msun),e,apapse,m_P (Msun),l (rad),a (AU),t_stop (day),stability,delta_r
orbit_p0.13.bin,1.0,2.333333333333333,0.3,False,0.0,1.5707963267948966,0.13,2000594.4249770087,ST,0.07264360822050436
orbit_p0.14.bin,1.0,2.333333333333333,0.3,False,0.0,1.5707963267948966,0.14,2000594.4249770087,ST,0.09407427759680406
orbit_p0.15.bin,1.0,2.333333333333333,0.3,False,0.0,1.5707963267948966,0.15,2796.745332503618,CA,
orbit_p0.16.bin,1.0,2.333333333333333,0.3,False,0.0,1.5707963267948966,0.16,11194.559474346926,EJ,
