file,m_A (Msun),m_B (Msun),e,apapse,m_P (Msun),l (rad),a (AU),t_stop (day),stability,delta_r
orbit_a0.13.bin,1.0,2.333333333333333,0.3,True,0.0,1.5707963267948966,0.13,2000594.4249770087,ST,0.03399472505454064
orbit_a0.14.bin,1.0,2.333333333333333,0.3,True,0.0,1.5707963267948966,0.14,2000594.4249770087,ST,0.039491119076307764
orbit_a0.15.bin,1.0,2.333333333333333,0.3,True,0.0,1.5707963267948966,0.15,2000594.4249770087,ST,0.0413561119872927
orbit_a0.16.bin,1.0,2.333333333333333,0.3,True,0.0,1.5707963267948966,0.16,195857.07115245235,CA,
