file,m_A (Msun),m_B (Msun),e,apapse,m_P (Msun),l (rad),a (AU),t_stop (day),stability,delta_r
orbit_p0.2300.bin,1.0,0.4285714285714286,0.2,False,0.000954594233969325,1.5707963267948966,0.23,3055958.462454599,ST,0.04985923543546688
orbit_p0.2400.bin,1.0,0.4285714285714286,0.2,False,0.000954594233969325,1.5707963267948966,0.24,3055958.462454599,ST,0.084963936739464
orbit_p0.2500.bin,1.0,0.4285714285714286,0.2,False,0.000954594233969325,1.5707963267948966,0.25,3055958.462454599,ST,0.07592435180622435
orbit_p0.2600.bin,1.0,0.4285714285714286,0.2,False,0.000954594233969325,1.5707963267948966,0.26,3055958.462454599,ST,0.09368444025450474
orbit_p0.2700.bin,1.0,0.4285714285714286,0.2,False,0.000954594233969325,1.5707963267948966,0.27,36369.239605304465,CA,
