file,m_A (Msun),m_B (Msun),e,apapse,m_P (Msun),l (rad),a (AU),t_stop (day),stability,delta_r
orbit_a0.2300.bin,1.0,0.4285714285714286,0.2,True,0.000954594233969325,1.5707963267948966,0.23,3055958.462454599,ST,0.035382744439728546
orbit_a0.2400.bin,1.0,0.4285714285714286,0.2,True,0.000954594233969325,1.5707963267948966,0.24,3055958.462454599,ST,0.03496357456750353
orbit_a0.2500.bin,1.0,0.4285714285714286,0.2,True,0.000954594233969325,1.5707963267948966,0.25,3055958.462454599,ST,0.03958241987689116
orbit_a0.2600.bin,1.0,0.4285714285714286,0.2,True,0.000954594233969325,1.5707963267948966,0.26,3055958.462454599,ST,0.0397107358062721
orbit_a0.2700.bin,1.0,0.4285714285714286,0.2,True,0.000954594233969325,1.5707963267948966,0.27,2838886.365958002,CA,
