file,m_A (Msun),m_B (Msun),e,apapse,m_P (Msun),l (rad),a (AU),t_stop (day),stability,delta_r
orbit_a0.1600.bin,1.0,1.4999999999999998,0.2,True,0.028637827019079756,1.5707963267948966,0.16,2310087.4595994814,ST,0.031111353704648986
orbit_a0.1700.bin,1.0,1.4999999999999998,0.2,True,0.028637827019079756,1.5707963267948966,0.16999999999999998,2310087.4595994814,ST,0.03319362236420532
orbit_a0.1800.bin,1.0,1.4999999999999998,0.2,True,0.028637827019079756,1.5707963267948966,0.18,2310087.4595994814,ST,0.03735606726567053
orbit_a0.1900.bin,1.0,1.4999999999999998,0.2,True,0.028637827019079756,1.5707963267948966,0.19,2310087.4595994814,ST,0.0427391624573018
orbit_a0.2000.bin,1.0,1.4999999999999998,0.2,True,0.028637827019079756,1.5707963267948966,0.2,2310087.4595994814,ST,0.04739178385031674
