file,m_A (Msun),m_B (Msun),e,apapse,m_P (Msun),l (rad),a (AU),t_stop (day),stability,delta_r
orbit_p0.1600.bin,1.0,1.4999999999999998,0.2,False,0.028637827019079756,1.5707963267948966,0.16,2310087.4595994814,ST,0.04881882171474306
orbit_p0.1700.bin,1.0,1.4999999999999998,0.2,False,0.028637827019079756,1.5707963267948966,0.16999999999999998,2310087.4595994814,ST,0.0642736486878393
orbit_p0.1800.bin,1.0,1.4999999999999998,0.2,False,0.028637827019079756,1.5707963267948966,0.18,2310087.4595994814,ST,0.08447473491743032
orbit_p0.1900.bin,1.0,1.4999999999999998,0.2,False,0.028637827019079756,1.5707963267948966,0.19,2310087.4595994814,ST,0.12078587339521378
orbit_p0.2000.bin,1.0,1.4999999999999998,0.2,False,0.028637827019079756,1.5707963267948966,0.2,4763.635248272141,CA,
