file,m_A (Msun),m_B (Msun),e,apapse,m_P (Msun),l (rad),a (AU),t_stop (day),stability,delta_r
orbit_p0.1000.bin,1.0,1.0,0.5,False,0.000954594233969325,1.5707963267948966,0.1,2582756.29681712,ST,0.05165649723990452
orbit_p0.1100.bin,1.0,1.0,0.5,False,0.000954594233969325,1.5707963267948966,0.11,2582756.29681712,ST,0.05706120857016262
orbit_p0.1200.bin,1.0,1.0,0.5,False,0.000954594233969325,1.5707963267948966,0.12,2582756.29681712,ST,0.07946798790656366
orbit_p0.1300.bin,1.0,1.0,0.5,False,0.000954594233969325,1.5707963267948966,0.13,33297.926282500935,CA,
orbit_p0.1400.bin,1.0,1.0,0.5,False,0.000954594233969325,1.5707963267948966,0.14,35480.81853596654,CA,
