file,m_A (Msun),m_B (Msun),e,apapse,m_P (Msun),l (rad),a (AU),t_stop (day),stability,delta_r
orbit_a0.1600.bin,1.0,0.11111111111111112,0.5,True,0.028637827019079756,1.5707963267948966,0.16,3465131.189399222,ST,0.08722855581393735
orbit_a0.1700.bin,1.0,0.11111111111111112,0.5,True,0.028637827019079756,1.5707963267948966,0.17,3465131.189399222,ST,0.08803913723588706
orbit_a0.1800.bin,1.0,0.11111111111111112,0.5,True,0.028637827019079756,1.5707963267948966,0.18,1108757.8112708298,CA,
orbit_a0.1900.bin,1.0,0.11111111111111112,0.5,True,0.028637827019079756,1.5707963267948966,0.19,3032713.5435191975,CA,
orbit_a0.2000.bin,1.0,0.11111111111111112,0.5,True,0.028637827019079756,1.5707963267948966,0.2,195974.89710421878,CA,
