file,m_A (Msun),m_B (Msun),e,apapse,m_P (Msun),l (rad),a (AU),t_stop (day),stability,delta_r
orbit_p0.1600.bin,1.0,0.11111111111111112,0.5,False,0.028637827019079756,1.5707963267948966,0.16,3465131.189399222,ST,0.09244918174433568
orbit_p0.1700.bin,1.0,0.11111111111111112,0.5,False,0.028637827019079756,1.5707963267948966,0.17,2788226.7222910067,CA,
orbit_p0.1800.bin,1.0,0.11111111111111112,0.5,False,0.028637827019079756,1.5707963267948966,0.18,1157731.5877035824,CA,
orbit_p0.1900.bin,1.0,0.11111111111111112,0.5,False,0.028637827019079756,1.5707963267948966,0.19,338800.06428587873,CA,
orbit_p0.2000.bin,1.0,0.11111111111111112,0.5,False,0.028637827019079756,1.5707963267948966,0.2,566810.9775390885,CA,
