file,m_A (Msun),m_B (Msun),e,apapse,m_P (Msun),l (rad),a (AU),t_stop (day),stability,delta_r
orbit_p0.1800.bin,1.0,2.333333333333333,0.0,False,0.000954594233969325,4.712388980384691,0.18000000000000002,2000594.4249770087,ST,0.05512433068139392
orbit_p0.1900.bin,1.0,2.333333333333333,0.0,False,0.000954594233969325,4.712388980384691,0.19,2000594.4249770087,ST,0.0971165849012404
orbit_p0.2000.bin,1.0,2.333333333333333,0.0,False,0.000954594233969325,4.712388980384691,0.2,2000594.4249770087,ST,0.2061971892803895
orbit_p0.2100.bin,1.0,2.333333333333333,0.0,False,0.000954594233969325,4.712388980384691,0.21,2993.434538739304,CA,
orbit_p0.2200.bin,1.0,2.333333333333333,0.0,False,0.000954594233969325,4.712388980384691,0.22,102.46211041157422,CA,
