file,m_A (Msun),m_B (Msun),e,apapse,m_P (Msun),l (rad),a (AU),t_stop (day),stability,delta_r
orbit_p0.2300.bin,1.0,0.4285714285714286,0.2,False,0.028637827019079756,1.5707963267948966,0.23,3055958.462454599,ST,0.04859335451835198
orbit_p0.2400.bin,1.0,0.4285714285714286,0.2,False,0.028637827019079756,1.5707963267948966,0.24,3055958.462454599,ST,0.08131347959449138
orbit_p0.2500.bin,1.0,0.4285714285714286,0.2,False,0.028637827019079756,1.5707963267948966,0.25,3055958.462454599,ST,0.06567474610939567
orbit_p0.2600.bin,1.0,0.4285714285714286,0.2,False,0.028637827019079756,1.5707963267948966,0.26,3055958.462454599,ST,0.08813517785650234
orbit_p0.2700.bin,1.0,0.4285714285714286,0.2,False,0.028637827019079756,1.5707963267948966,0.27,21739.290231547715,CA,
