file,m_A (Msun),m_B (Msun),e,apapse,m_P (Msun),l (rad),a (AU),t_stop (day),stability,delta_r
orbit_a0.0700.bin,1.0,0.11111111111111112,0.7,True,0.028637827019079756,3.1415926535897927,0.07,3465131.189399222,ST,0.09537467779965644
orbit_a0.0800.bin,1.0,0.11111111111111112,0.7,True,0.028637827019079756,3.1415926535897927,0.08,3465131.189399222,ST,0.12046096043797443
orbit_a0.0900.bin,1.0,0.11111111111111112,0.7,True,0.028637827019079756,3.1415926535897927,0.09,3465131.189399222,ST,0.14038160145771109
orbit_a0.1000.bin,1.0,0.11111111111111112,0.7,True,0.028637827019079756,3.1415926535897927,0.1,2336393.7576770238,CA,
orbit_a0.1100.bin,1.0,0.11111111111111112,0.7,True,0.028637827019079756,3.1415926535897927,0.11,2935185.5882719345,EJ,
