file,m_A (Msun),m_B (Msun),e,apapse,m_P (Msun),l (rad),a (AU),t_stop (day),stability,delta_r
orbit_p0.0700.bin,1.0,0.11111111111111112,0.7,False,0.028637827019079756,3.1415926535897927,0.07,3465131.189399222,ST,0.09150588497474461
orbit_p0.0800.bin,1.0,0.11111111111111112,0.7,False,0.028637827019079756,3.1415926535897927,0.08,3465131.189399222,ST,0.0892664425356263
orbit_p0.0900.bin,1.0,0.11111111111111112,0.7,False,0.028637827019079756,3.1415926535897927,0.09,1655838.982538134,CA,
orbit_p0.1000.bin,1.0,0.11111111111111112,0.7,False,0.028637827019079756,3.1415926535897927,0.1,1327135.845289023,CA,
orbit_p0.1100.bin,1.0,0.11111111111111112,0.7,False,0.028637827019079756,3.1415926535897927,0.11,2918526.414153856,CA,
