file,m_A (Msun),m_B (Msun),e,apapse,m_P (Msun),l (rad),a (AU),t_stop (day),stability,delta_r
orbit_p0.12.bin,1.0,9.000000000000002,0.0,False,0.0,1.5707963267948966,0.12,1155043.7297997407,ST,0.0898743468253148
orbit_p0.13.bin,1.0,9.000000000000002,0.0,False,0.0,1.5707963267948966,0.13,1155043.7297997407,ST,0.2291835136836299
orbit_p0.14.bin,1.0,9.000000000000002,0.0,False,0.0,1.5707963267948966,0.14,3763.128720574054,CA,
orbit_p0.15.bin,1.0,9.000000000000002,0.0,False,0.0,1.5707963267948966,0.15,4467.33691212551,CA,
