file,m_A (Msun),m_B (Msun),e,apapse,m_P (Msun),l (rad),a (AU),t_stop (day),stability,delta_r
orbit_a0.12.bin,1.0,9.000000000000002,0.0,True,0.0,1.5707963267948966,0.12,1155043.7297997407,ST,0.09012543018230923
orbit_a0.13.bin,1.0,9.000000000000002,0.0,True,0.0,1.5707963267948966,0.13,1155043.7297997407,ST,0.2476611863784012
orbit_a0.14.bin,1.0,9.000000000000002,0.0,True,0.0,1.5707963267948966,0.14,671.9038555443836,CA,
orbit_a0.15.bin,1.0,9.000000000000002,0.0,True,0.0,1.5707963267948966,0.15,5467.936070947855,CA,
