file,m_A (Msun),m_B (Msun),e,apapse,m_P (Msun),l (rad),a (AU),t_stop (day),stability,delta_r
orbit_a0.1700.bin,1.0,0.6666666666666667,0.3,True,0.000954594233969325,0.0,0.17,2829267.7686104896,ST,0.039830572352726995
orbit_a0.1800.bin,1.0,0.6666666666666667,0.3,True,0.000954594233969325,0.0,0.18,2829267.7686104896,ST,0.04366195560741908
orbit_a0.1900.bin,1.0,0.6666666666666667,0.3,True,0.000954594233969325,0.0,0.19,2829267.7686104896,ST,0.038812727397663546
orbit_a0.2000.bin,1.0,0.6666666666666667,0.3,True,0.000954594233969325,0.0,0.2,2404454.414042711,CA,
orbit_a0.2100.bin,1.0,0.6666666666666667,0.3,True,0.000954594233969325,0.0,0.21,2829267.7686104896,ST,0.060391318485894754
