file,m_A (Msun),m_B (Msun),e,apapse,m_P (Msun),l (rad),a (AU),t_stop (day),stability,delta_r
orbit_p0.0150.bin,1.0,4.0,0.8,False,0.000954594233969325,3.1415926535897927,0.015,1633478.507816798,ST,0.028016372971502806
orbit_p0.0200.bin,1.0,4.0,0.8,False,0.000954594233969325,3.1415926535897927,0.02,1633478.507816798,ST,0.030763277062211505
orbit_p0.0250.bin,1.0,4.0,0.8,False,0.000954594233969325,3.1415926535897927,0.025,1633478.507816798,ST,0.031199867951035274
orbit_p0.0300.bin,1.0,4.0,0.8,False,0.000954594233969325,3.1415926535897927,0.03,1633478.507816798,ST,0.04446518591978859
orbit_p0.0350.bin,1.0,4.0,0.8,False,0.000954594233969325,3.1415926535897927,0.035,76030.19326211908,EJ,
