file,m_A (Msun),m_B (Msun),e,apapse,m_P (Msun),l (rad),a (AU),t_stop (day),stability,delta_r
orbit_a0.0150.bin,1.0,4.0,0.8,True,0.000954594233969325,3.1415926535897927,0.015,1633478.507816798,ST,0.030433909549508427
orbit_a0.0200.bin,1.0,4.0,0.8,True,0.000954594233969325,3.1415926535897927,0.02,1633478.507816798,ST,0.035429250157184754
orbit_a0.0250.bin,1.0,4.0,0.8,True,0.000954594233969325,3.1415926535897927,0.025,1633478.507816798,ST,0.037995233855294186
orbit_a0.0300.bin,1.0,4.0,0.8,True,0.000954594233969325,3.1415926535897927,0.03,1633478.507816798,ST,0.03984144826885436
orbit_a0.0350.bin,1.0,4.0,0.8,True,0.000954594233969325,3.1415926535897927,0.035,549880.5455315809,CA,
