file,m_A (Msun),m_B (Msun),e,apapse,m_P (Msun),l (rad),a (AU),t_stop (day),stability,delta_r
orbit_p0.0215.bin,1.0,9.0,0.8,False,0.000954594233969325,4.712388980384691,0.0215,1155043.7297997407,ST,0.04763436912171108
orbit_p0.0220.bin,1.0,9.0,0.8,False,0.000954594233969325,4.712388980384691,0.022000000000000002,1155043.7297997407,ST,0.06608936028038685
orbit_p0.0225.bin,1.0,9.0,0.8,False,0.000954594233969325,4.712388980384691,0.0225,1155043.7297997407,ST,0.10886060041743259
orbit_p0.0230.bin,1.0,9.0,0.8,False,0.000954594233969325,4.712388980384691,0.023,1155043.7297997407,ST,0.16419171743468602
orbit_p0.0235.bin,1.0,9.0,0.8,False,0.000954594233969325,4.712388980384691,0.0235,260317.49690103682,CA,
