file,m_A (Msun),m_B (Msun),e,apapse,m_P (Msun),l (rad),a (AU),t_stop (day),stability,delta_r
orbit_a0.1100.bin,1.0,4.0,0.2,True,0.028637827019079756,4.712388980384691,0.11,1633478.507816798,ST,0.02357596406490827
orbit_a0.1200.bin,1.0,4.0,0.2,True,0.028637827019079756,4.712388980384691,0.12,1633478.507816798,ST,0.028741773224534483
orbit_a0.1300.bin,1.0,4.0,0.2,True,0.028637827019079756,4.712388980384691,0.13,1633478.507816798,ST,0.03391125672230492
orbit_a0.1400.bin,1.0,4.0,0.2,True,0.028637827019079756,4.712388980384691,0.14,1633478.507816798,ST,0.04386375519989458
orbit_a0.1500.bin,1.0,4.0,0.2,True,0.028637827019079756,4.712388980384691,0.15,1633478.507816798,ST,0.06136848572376254
