file,m_A (Msun),m_B (Msun),e,apapse,m_P (Msun),l (rad),a (AU),t_stop (day),stability,delta_r
orbit_a0.0200.bin,1.0,0.6666666666666667,0.8,True,0.000954594233969325,4.712388980384691,0.02,2829267.7686104896,ST,0.04241852965897593
orbit_a0.0300.bin,1.0,0.6666666666666667,0.8,True,0.000954594233969325,4.712388980384691,0.03,2829267.7686104896,ST,0.057949873845204655
orbit_a0.0400.bin,1.0,0.6666666666666667,0.8,True,0.000954594233969325,4.712388980384691,0.04,2829267.7686104896,ST,0.06767935586909483
orbit_a0.0500.bin,1.0,0.6666666666666667,0.8,True,0.000954594233969325,4.712388980384691,0.05,240624.1888136801,CA,
orbit_a0.0600.bin,1.0,0.6666666666666667,0.8,True,0.000954594233969325,4.712388980384691,0.06,11182.476079192185,CA,
