file,m_A (Msun),m_B (Msun),e,apapse,m_P (Msun),l (rad),a (AU),t_stop (day),stability,delta_r
orbit_p0.10.bin,1.0,0.4285714285714286,0.6,False,0.0,1.5707963267948966,0.1,3055958.462454599,ST,0.08221288346495496
orbit_p0.11.bin,1.0,0.4285714285714286,0.6,False,0.0,1.5707963267948966,0.11,3055958.462454599,ST,0.08657888674750064
orbit_p0.12.bin,1.0,0.4285714285714286,0.6,False,0.0,1.5707963267948966,0.12,66610.4903261253,CA,
orbit_p0.13.bin,1.0,0.4285714285714286,0.6,False,0.0,1.5707963267948966,0.13,29024.981097834487,CA,
