file,m_A (Msun),m_B (Msun),e,apapse,m_P (Msun),l (rad),a (AU),t_stop (day),stability,delta_r
orbit_p0.17.bin,1.0,0.1111111111111111,0.5,False,0.0,0.0,0.17,3465131.189399222,ST,0.086087672623804
orbit_p0.18.bin,1.0,0.1111111111111111,0.5,False,0.0,0.0,0.18,3465131.189399222,ST,0.09162875604062228
orbit_p0.19.bin,1.0,0.1111111111111111,0.5,False,0.0,0.0,0.19,2074227.0949740792,CA,
orbit_p0.20.bin,1.0,0.1111111111111111,0.5,False,0.0,0.0,0.2,682613.993558599,CA,
