file,m_A (Msun),m_B (Msun),e,apapse,m_P (Msun),l (rad),a (AU),t_stop (day),stability,delta_r
orbit_a0.13.bin,1.0,2.333333333333333,0.3,True,0.0,3.1415926535897927,0.13,2000594.4249770087,ST,0.03171176481256405
orbit_a0.14.bin,1.0,2.333333333333333,0.3,True,0.0,3.1415926535897927,0.14,2000594.4249770087,ST,0.029207095751136877
orbit_a0.15.bin,1.0,2.333333333333333,0.3,True,0.0,3.1415926535897927,0.15,2000594.4249770087,ST,0.03797411882086481
orbit_a0.16.bin,1.0,2.333333333333333,0.3,True,0.0,3.1415926535897927,0.16,2000594.4249770087,ST,0.03571927228693935
