file,m_A (Msun),m_B (Msun),e,apapse,m_P (Msun),l (rad),a (AU),t_stop (day),stability,delta_r
orbit_a0.1800.bin,1.0,1.0,0.2,True,0.000954594233969325,1.5707963267948966,0.18000000000000002,2582756.29681712,ST,0.034702048432559654
orbit_a0.1900.bin,1.0,1.0,0.2,True,0.000954594233969325,1.5707963267948966,0.19,2582756.29681712,ST,0.0315196789173447
orbit_a0.2000.bin,1.0,1.0,0.2,True,0.000954594233969325,1.5707963267948966,0.2,2582756.29681712,ST,0.03893114936170257
orbit_a0.2100.bin,1.0,1.0,0.2,True,0.000954594233969325,1.5707963267948966,0.21,2582756.29681712,ST,0.03944370474009268
orbit_a0.2200.bin,1.0,1.0,0.2,True,0.000954594233969325,1.5707963267948966,0.22,352415.2109429995,CA,
