file,m_A (Msun),m_B (Msun),e,apapse,m_P (Msun),l (rad),a (AU),t_stop (day),stability,delta_r
orbit_p0.1800.bin,1.0,1.0,0.2,False,0.000954594233969325,1.5707963267948966,0.18000000000000002,2582756.29681712,ST,0.05217030977890484
orbit_p0.1900.bin,1.0,1.0,0.2,False,0.000954594233969325,1.5707963267948966,0.19,2582756.29681712,ST,0.06538551560031865
orbit_p0.2000.bin,1.0,1.0,0.2,False,0.000954594233969325,1.5707963267948966,0.2,2582756.29681712,ST,0.12396617345786537
orbit_p0.2100.bin,1.0,1.0,0.2,False,0.000954594233969325,1.5707963267948966,0.21,1075634.788012102,CB,
orbit_p0.2200.bin,1.0,1.0,0.2,False,0.000954594233969325,1.5707963267948966,0.22,36647.625456131624,CA,
