file,m_A (Msun),m_B (Msun),e,apapse,m_P (Msun),l (rad),a (AU),t_stop (day),stability,delta_r
orbit_p0.22.bin,1.0,0.1111111111111111,0.4,False,0.0,3.1415926535897927,0.22,3465131.189399222,ST,0.0508869391177072
orbit_p0.23.bin,1.0,0.1111111111111111,0.4,False,0.0,3.1415926535897927,0.23,3465131.189399222,ST,0.0657609546032589
orbit_p0.24.bin,1.0,0.1111111111111111,0.4,False,0.0,3.1415926535897927,0.24,3465131.189399222,ST,0.02468728879681768
orbit_p0.25.bin,1.0,0.1111111111111111,0.4,False,0.0,3.1415926535897927,0.25,353544.78591588617,CA,
