file,m_A (Msun),m_B (Msun),e,apapse,m_P (Msun),l (rad),a (AU),t_stop (day),stability,delta_r
orbit_p0.1000.bin,1.0,4.0,0.3,False,0.028637827019079756,0.0,0.1,1633478.507816798,ST,0.03561747812008305
orbit_p0.1100.bin,1.0,4.0,0.3,False,0.028637827019079756,0.0,0.11,1633478.507816798,ST,0.04057062459102596
orbit_p0.1200.bin,1.0,4.0,0.3,False,0.028637827019079756,0.0,0.12,1633478.507816798,ST,0.05345473479568205
orbit_p0.1300.bin,1.0,4.0,0.3,False,0.028637827019079756,0.0,0.13,1633478.507816798,ST,0.0658136200790654
orbit_p0.1400.bin,1.0,4.0,0.3,False,0.028637827019079756,0.0,0.14,153895.3327199002,CB,
