file,m_A (Msun),m_B (Msun),e,apapse,m_P (Msun),l (rad),a (AU),t_stop (day),stability,delta_r
orbit_p0.23.bin,1.0,1.0,0.1,False,0.0,3.9269908169872414,0.23,2582756.29681712,ST,0.04923000638886503
orbit_p0.24.bin,1.0,1.0,0.1,False,0.0,3.9269908169872414,0.24,2582756.29681712,ST,0.06044280070412445
orbit_p0.25.bin,1.0,1.0,0.1,False,0.0,3.9269908169872414,0.25,2582756.29681712,ST,0.06927741103193742
orbit_p0.26.bin,1.0,1.0,0.1,False,0.0,3.9269908169872414,0.26,20393.29927049206,CA,
