file,m_A (Msun),m_B (Msun),e,apapse,m_P (Msun),l (rad),a (AU),t_stop (day),stability,delta_r
orbit_a0.0100.bin,1.0,2.333333333333333,0.8,True,0.028637827019079756,3.1415926535897927,0.009999999999999998,2000594.4249770087,ST,0.020187741407099224
orbit_a0.0200.bin,1.0,2.333333333333333,0.8,True,0.028637827019079756,3.1415926535897927,0.02,2000594.4249770087,ST,0.03612250839253013
orbit_a0.0300.bin,1.0,2.333333333333333,0.8,True,0.028637827019079756,3.1415926535897927,0.03,2000594.4249770087,ST,0.044384777259652446
orbit_a0.0400.bin,1.0,2.333333333333333,0.8,True,0.028637827019079756,3.1415926535897927,0.04,130656.90998049345,CA,
orbit_a0.0500.bin,1.0,2.333333333333333,0.8,True,0.028637827019079756,3.1415926535897927,0.05,4612.456675977404,EJ,
