file,m_A (Msun),m_B (Msun),e,apapse,m_P (Msun),l (rad),a (AU),t_stop (day),stability,delta_r
orbit_p0.0100.bin,1.0,2.333333333333333,0.8,False,0.028637827019079756,3.1415926535897927,0.009999999999999998,2000594.4249770087,ST,0.019521481795527415
orbit_p0.0200.bin,1.0,2.333333333333333,0.8,False,0.028637827019079756,3.1415926535897927,0.02,2000594.4249770087,ST,0.03316261142280308
orbit_p0.0300.bin,1.0,2.333333333333333,0.8,False,0.028637827019079756,3.1415926535897927,0.03,2000594.4249770087,ST,0.035034939177398625
orbit_p0.0400.bin,1.0,2.333333333333333,0.8,False,0.028637827019079756,3.1415926535897927,0.04,1267391.3136103577,EJ,
orbit_p0.0500.bin,1.0,2.333333333333333,0.8,False,0.028637827019079756,3.1415926535897927,0.05,10517.827543509176,CA,
