file,m_A (Msun),m_B (Msun),e,apapse,m_P (Msun),l (rad),a (AU),t_stop (day),stability,delta_r
orbit_a0.1400.bin,1.0,1.5,0.3,True,0.000954594233969325,0.0,0.14,2310087.4595994814,ST,0.03857660469154279
orbit_a0.1500.bin,1.0,1.5,0.3,True,0.000954594233969325,0.0,0.15,2310087.4595994814,ST,0.04631042682282922
orbit_a0.1600.bin,1.0,1.5,0.3,True,0.000954594233969325,0.0,0.16,2310087.4595994814,ST,0.047242350172695007
orbit_a0.1700.bin,1.0,1.5,0.3,True,0.000954594233969325,0.0,0.17,2310087.4595994814,ST,0.039521373013888215
orbit_a0.1800.bin,1.0,1.5,0.3,True,0.000954594233969325,0.0,0.18,20017.912070536022,CA,
