file,m_A (Msun),m_B (Msun),e,apapse,m_P (Msun),l (rad),a (AU),t_stop (day),stability,delta_r
orbit_p0.1400.bin,1.0,1.5,0.3,False,0.000954594233969325,0.0,0.14,2310087.4595994814,ST,0.046044571746220626
orbit_p0.1500.bin,1.0,1.5,0.3,False,0.000954594233969325,0.0,0.15,2310087.4595994814,ST,0.05240839018920675
orbit_p0.1600.bin,1.0,1.5,0.3,False,0.000954594233969325,0.0,0.16,2310087.4595994814,ST,0.05881053715382065
orbit_p0.1700.bin,1.0,1.5,0.3,False,0.000954594233969325,0.0,0.17,2310087.4595994814,ST,0.08009704076526614
orbit_p0.1800.bin,1.0,1.5,0.3,False,0.000954594233969325,0.0,0.18,2310087.4595994814,ST,0.08228913862374851
