file,m_A (Msun),m_B (Msun),e,apapse,m_P (Msun),l (rad),a (AU),t_stop (day),stability,delta_r
orbit_p0.0700.bin,1.0,9.0,0.3,False,0.028637827019079756,0.0,0.06999999999999999,1155043.7297997407,ST,0.027218419333865474
orbit_p0.0800.bin,1.0,9.0,0.3,False,0.028637827019079756,0.0,0.08,1155043.7297997407,ST,0.032338035616068954
orbit_p0.0900.bin,1.0,9.0,0.3,False,0.028637827019079756,0.0,0.09,1155043.7297997407,ST,0.046894576946630406
orbit_p0.1000.bin,1.0,9.0,0.3,False,0.028637827019079756,0.0,0.1,1155043.7297997407,ST,0.06114579605303953
orbit_p0.1100.bin,1.0,9.0,0.3,False,0.028637827019079756,0.0,0.11,1155043.7297997407,ST,0.0808786085991655
