file,m_A (Msun),m_B (Msun),e,apapse,m_P (Msun),l (rad),a (AU),t_stop (day),stability,delta_r
orbit_p0.0400.bin,1.0,1.0,0.7,False,0.000954594233969325,0.0,0.04,2582756.29681712,ST,0.04916310384465791
orbit_p0.0500.bin,1.0,1.0,0.7,False,0.000954594233969325,0.0,0.05,2582756.29681712,ST,0.05871019503598685
orbit_p0.0600.bin,1.0,1.0,0.7,False,0.000954594233969325,0.0,0.06,2582756.29681712,ST,0.0676038776036908
orbit_p0.0700.bin,1.0,1.0,0.7,False,0.000954594233969325,0.0,0.06999999999999999,2582756.29681712,ST,0.11703608661471841
orbit_p0.0800.bin,1.0,1.0,0.7,False,0.000954594233969325,0.0,0.08,146501.86047399178,CA,
