file,m_A (Msun),m_B (Msun),e,apapse,m_P (Msun),l (rad),a (AU),t_stop (day),stability,delta_r
orbit_a0.0400.bin,1.0,1.0,0.7,True,0.000954594233969325,0.0,0.04,2582756.29681712,ST,0.04789540571487315
orbit_a0.0500.bin,1.0,1.0,0.7,True,0.000954594233969325,0.0,0.05,2582756.29681712,ST,0.054954640783791926
orbit_a0.0600.bin,1.0,1.0,0.7,True,0.000954594233969325,0.0,0.06,2582756.29681712,ST,0.06628178718467849
orbit_a0.0700.bin,1.0,1.0,0.7,True,0.000954594233969325,0.0,0.06999999999999999,1970888.8082196603,CA,
orbit_a0.0800.bin,1.0,1.0,0.7,True,0.000954594233969325,0.0,0.08,36412.799460405215,EJ,
