file,m_A (Msun),m_B (Msun),e,apapse,m_P (Msun),l (rad),a (AU),t_stop (day),stability,delta_r
orbit_a0.2800.bin,1.0,0.4285714285714286,0.1,True,0.000954594233969325,0.0,0.28,3055958.462454599,ST,0.029831276094656148
orbit_a0.2900.bin,1.0,0.4285714285714286,0.1,True,0.000954594233969325,0.0,0.29,3055958.462454599,ST,0.03259048985929742
orbit_a0.3000.bin,1.0,0.4285714285714286,0.1,True,0.000954594233969325,0.0,0.3,3055958.462454599,ST,0.03225295505656515
orbit_a0.3100.bin,1.0,0.4285714285714286,0.1,True,0.000954594233969325,0.0,0.31,3055958.462454599,ST,0.03774827184962036
orbit_a0.3200.bin,1.0,0.4285714285714286,0.1,True,0.000954594233969325,0.0,0.32,197505.0564513463,CA,
