file,m_A (Msun),m_B (Msun),e,apapse,m_P (Msun),l (rad),a (AU),t_stop (day),stability,delta_r
orbit_a0.1400.bin,1.0,2.333333333333333,0.2,True,0.028637827019079756,4.712388980384691,0.14,2000594.4249770087,ST,0.030233997878853766
orbit_a0.1500.bin,1.0,2.333333333333333,0.2,True,0.028637827019079756,4.712388980384691,0.15,2000594.4249770087,ST,0.034259330916058754
orbit_a0.1600.bin,1.0,2.333333333333333,0.2,True,0.028637827019079756,4.712388980384691,0.16,2000594.4249770087,ST,0.038717711432106755
orbit_a0.1700.bin,1.0,2.333333333333333,0.2,True,0.028637827019079756,4.712388980384691,0.17,2000594.4249770087,ST,0.04779110747971153
orbit_a0.1800.bin,1.0,2.333333333333333,0.2,True,0.028637827019079756,4.712388980384691,0.18,13303.729389348004,CA,
