file,m_A (Msun),m_B (Msun),e,apapse,m_P (Msun),l (rad),a (AU),t_stop (day),stability,delta_r
orbit_p0.1400.bin,1.0,2.333333333333333,0.2,False,0.028637827019079756,4.712388980384691,0.14,2000594.4249770087,ST,0.051155882777022654
orbit_p0.1500.bin,1.0,2.333333333333333,0.2,False,0.028637827019079756,4.712388980384691,0.15,2000594.4249770087,ST,0.07261639299909353
orbit_p0.1600.bin,1.0,2.333333333333333,0.2,False,0.028637827019079756,4.712388980384691,0.16,2000594.4249770087,ST,0.10044381503724498
orbit_p0.1700.bin,1.0,2.333333333333333,0.2,False,0.028637827019079756,4.712388980384691,0.17,19577.791378018082,CA,
orbit_p0.1800.bin,1.0,2.333333333333333,0.2,False,0.028637827019079756,4.712388980384691,0.18,1014.963028077614,CA,
