file,m_A (Msun),m_B (Msun),e,apapse,m_P (Msun),l (rad),a (AU),t_stop (day),stability,delta_r
orbit_a0.25.bin,1.0,1.0,0.0,True,0.0,3.9269908169872414,0.25,2582756.29681712,ST,0.057760324444703824
orbit_a0.26.bin,1.0,1.0,0.0,True,0.0,3.9269908169872414,0.26,2582756.29681712,ST,0.07250705187696468
orbit_a0.27.bin,1.0,1.0,0.0,True,0.0,3.9269908169872414,0.27,2582756.29681712,ST,0.09772812829121094
orbit_a0.28.bin,1.0,1.0,0.0,True,0.0,3.9269908169872414,0.28,1365.8491295360338,CA,
