file,m_A (Msun),m_B (Msun),e,apapse,m_P (Msun),l (rad),a (AU),t_stop (day),stability,delta_r
orbit_a0.1200.bin,1.0,2.333333333333333,0.3,True,0.028637827019079756,3.1415926535897927,0.12,2000594.4249770087,ST,0.028058637742436315
orbit_a0.1300.bin,1.0,2.333333333333333,0.3,True,0.028637827019079756,3.1415926535897927,0.13,2000594.4249770087,ST,0.030280176308551322
orbit_a0.1400.bin,1.0,2.333333333333333,0.3,True,0.028637827019079756,3.1415926535897927,0.14,2000594.4249770087,ST,0.026910027634386564
orbit_a0.1500.bin,1.0,2.333333333333333,0.3,True,0.028637827019079756,3.1415926535897927,0.15000000000000002,2000594.4249770087,ST,0.04078298956043212
orbit_a0.1600.bin,1.0,2.333333333333333,0.3,True,0.028637827019079756,3.1415926535897927,0.16,265527.31055770896,CA,
