file,m_A (Msun),m_B (Msun),e,apapse,m_P (Msun),l (rad),a (AU),t_stop (day),stability,delta_r
orbit_p0.1200.bin,1.0,2.333333333333333,0.3,False,0.028637827019079756,3.1415926535897927,0.12,2000594.4249770087,ST,0.022689984389913417
orbit_p0.1300.bin,1.0,2.333333333333333,0.3,False,0.028637827019079756,3.1415926535897927,0.13,2000594.4249770087,ST,0.026640295897375724
orbit_p0.1400.bin,1.0,2.333333333333333,0.3,False,0.028637827019079756,3.1415926535897927,0.14,2000594.4249770087,ST,0.03733497166252135
orbit_p0.1500.bin,1.0,2.333333333333333,0.3,False,0.028637827019079756,3.1415926535897927,0.15000000000000002,2000594.4249770087,ST,0.04043662694457093
orbit_p0.1600.bin,1.0,2.333333333333333,0.3,False,0.028637827019079756,3.1415926535897927,0.16,2000594.4249770087,ST,0.05463542089394347
