file,m_A (Msun),m_B (Msun),e,apapse,m_P (Msun),l (rad),a (AU),t_stop (day),stability,delta_r
orbit_a0.17.bin,1.0,0.1111111111111111,0.5,True,0.0,1.5707963267948966,0.17,3465131.189399222,ST,0.0854003239421579
orbit_a0.18.bin,1.0,0.1111111111111111,0.5,True,0.0,1.5707963267948966,0.18,3465131.189399222,ST,0.07825648141571509
orbit_a0.19.bin,1.0,0.1111111111111111,0.5,True,0.0,1.5707963267948966,0.19,3465131.189399222,ST,0.07430791334691145
orbit_a0.20.bin,1.0,0.1111111111111111,0.5,True,0.0,1.5707963267948966,0.2,310995.9035509306,CA,
