file,m_A (Msun),m_B (Msun),e,apapse,m_P (Msun),l (rad),a (AU),t_stop (day),stability,delta_r
orbit_p0.17.bin,1.0,0.1111111111111111,0.5,False,0.0,1.5707963267948966,0.17,3465131.189399222,ST,0.08207316283121402
orbit_p0.18.bin,1.0,0.1111111111111111,0.5,False,0.0,1.5707963267948966,0.18,3465131.189399222,ST,0.06890125964881519
orbit_p0.19.bin,1.0,0.1111111111111111,0.5,False,0.0,1.5707963267948966,0.19,3465131.189399222,ST,0.05942533779359635
orbit_p0.20.bin,1.0,0.1111111111111111,0.5,False,0.0,1.5707963267948966,0.2,3465131.189399222,ST,0.06554377568511985
