file,m_A (Msun),m_B (Msun),e,apapse,m_P (Msun),l (rad),a (AU),t_stop (day),stability,delta_r
orbit_p0.0400.bin,1.0,4.0,0.6,False,0.000954594233969325,4.712388980384691,0.04,1633478.507816798,ST,0.030905937169447395
orbit_p0.0500.bin,1.0,4.0,0.6,False,0.000954594233969325,4.712388980384691,0.05,1633478.507816798,ST,0.040560359994793606
orbit_p0.0600.bin,1.0,4.0,0.6,False,0.000954594233969325,4.712388980384691,0.06,1633478.507816798,ST,0.061057576050163376
orbit_p0.0700.bin,1.0,4.0,0.6,False,0.000954594233969325,4.712388980384691,0.06999999999999999,41827.95319904692,CA,
orbit_p0.0800.bin,1.0,4.0,0.6,False,0.000954594233969325,4.712388980384691,0.08,3291.495925798122,EJ,
