file,m_A (Msun),m_B (Msun),e,apapse,m_P (Msun),l (rad),a (AU),t_stop (day),stability,delta_r
orbit_p0.24.bin,1.0,0.4285714285714286,0.2,False,0.0,0.0,0.24,3055958.462454599,ST,0.05206942325022454
orbit_p0.25.bin,1.0,0.4285714285714286,0.2,False,0.0,0.0,0.25,3055958.462454599,ST,0.060603694793290065
orbit_p0.26.bin,1.0,0.4285714285714286,0.2,False,0.0,0.0,0.26,3055958.462454599,ST,0.10698445511319195
orbit_p0.27.bin,1.0,0.4285714285714286,0.2,False,0.0,0.0,0.27,3055958.462454599,ST,0.06652899435634059
