file,m_A (Msun),m_B (Msun),e,apapse,m_P (Msun),l (rad),a (AU),t_stop (day),stability,delta_r
orbit_p0.04.bin,1.0,0.1111111111111111,0.8,False,0.0,0.0,0.04,3465131.189399222,ST,0.0862022316755461
orbit_p0.05.bin,1.0,0.1111111111111111,0.8,False,0.0,0.0,0.05,3465131.189399222,ST,0.10472588287497811
orbit_p0.06.bin,1.0,0.1111111111111111,0.8,False,0.0,0.0,0.06,3465131.189399222,ST,0.16362080899351256
orbit_p0.07.bin,1.0,0.1111111111111111,0.8,False,0.0,0.0,0.07,196475.5834729179,CA,
