file,m_A (Msun),m_B (Msun),e,apapse,m_P (Msun),l (rad),a (AU),t_stop (day),stability,delta_r
orbit_a0.29.bin,1.0,0.4285714285714286,0.1,True,0.0,4.712388980384691,0.29,3055958.462454599,ST,0.03899588967043939
orbit_a0.30.bin,1.0,0.4285714285714286,0.1,True,0.0,4.712388980384691,0.3,3055958.462454599,ST,0.04056551570062661
orbit_a0.31.bin,1.0,0.4285714285714286,0.1,True,0.0,4.712388980384691,0.31,296647.90770693345,CA,
orbit_a0.32.bin,1.0,0.4285714285714286,0.1,True,0.0,4.712388980384691,0.32,118430.8421462189,CA,
