file,m_A (Msun),m_B (Msun),e,apapse,m_P (Msun),l (rad),a (AU),t_stop (day),stability,delta_r
orbit_p0.17.bin,1.0,0.4285714285714286,0.4,False,0.0,1.5707963267948966,0.17,3055958.462454599,ST,0.06012325200588727
orbit_p0.18.bin,1.0,0.4285714285714286,0.4,False,0.0,1.5707963267948966,0.18,3055958.462454599,ST,0.06574882302662113
orbit_p0.19.bin,1.0,0.4285714285714286,0.4,False,0.0,1.5707963267948966,0.19,106651.81621514565,CA,
orbit_p0.20.bin,1.0,0.4285714285714286,0.4,False,0.0,1.5707963267948966,0.2,28678.432991631802,CA,
