file,m_A (Msun),m_B (Msun),e,apapse,m_P (Msun),l (rad),a (AU),t_stop (day),stability,delta_r
orbit_a0.1500.bin,1.0,0.25,0.5,True,0.0,3.1415926535897927,0.15,3266957.015633596,ST,0.07238189357666808
orbit_a0.1600.bin,1.0,0.25,0.5,True,0.0,3.1415926535897927,0.16,3266957.015633596,ST,0.0864940202473409
orbit_a0.1700.bin,1.0,0.25,0.5,True,0.0,3.1415926535897927,0.17,3266957.015633596,ST,0.05354668605022337
orbit_a0.1800.bin,1.0,0.25,0.5,True,0.0,3.1415926535897927,0.18,77313.68205220831,CA,
