file,m_A (Msun),m_B (Msun),e,apapse,m_P (Msun),l (rad),a (AU),t_stop (day),stability,delta_r
orbit_p0.1500.bin,1.0,0.25,0.5,False,0.0,3.1415926535897927,0.15,3266957.015633596,ST,0.059411337944374434
orbit_p0.1600.bin,1.0,0.25,0.5,False,0.0,3.1415926535897927,0.16,3266957.015633596,ST,0.041388256621483856
orbit_p0.1700.bin,1.0,0.25,0.5,False,0.0,3.1415926535897927,0.17,3266957.015633596,ST,0.035734371251416874
orbit_p0.1800.bin,1.0,0.25,0.5,False,0.0,3.1415926535897927,0.18,132672.1135677718,CA,
