file,m_A (Msun),m_B (Msun),e,apapse,m_P (Msun),l (rad),a (AU),t_stop (day),stability,delta_r
orbit_p0.1100.bin,1.0,0.25,0.6,False,0.0,0.0,0.11,3266957.015633596,ST,0.10570762817959968
orbit_p0.1200.bin,1.0,0.25,0.6,False,0.0,0.0,0.12,3266957.015633596,ST,0.0906591068065977
orbit_p0.1300.bin,1.0,0.25,0.6,False,0.0,0.0,0.13,3266957.015633596,ST,0.13213187904107035
orbit_p0.1400.bin,1.0,0.25,0.6,False,0.0,0.0,0.14,478272.87337900564,CA,
