file,m_A (Msun),m_B (Msun),e,apapse,m_P (Msun),l (rad),a (AU),t_stop (day),stability,delta_r
orbit_p0.2600.bin,1.0,0.6666666666666667,0.1,False,0.0,4.712388980384691,0.26,2829267.7686104896,ST,0.08001727781157687
orbit_p0.2700.bin,1.0,0.6666666666666667,0.1,False,0.0,4.712388980384691,0.27,2829267.7686104896,ST,0.11955715616275538
orbit_p0.2800.bin,1.0,0.6666666666666667,0.1,False,0.0,4.712388980384691,0.28,11571.230899301612,CA,
orbit_p0.2900.bin,1.0,0.6666666666666667,0.1,False,0.0,4.712388980384691,0.29,9500.878716972878,CB,
