file,m_A (Msun),m_B (Msun),e,apapse,m_P (Msun),l (rad),a (AU),t_stop (day),stability,delta_r
orbit_a0.1800.bin,1.0,0.25,0.4,True,0.000954594233969325,3.1415926535897927,0.18000000000000002,3266957.015633596,ST,0.06554423363409734
orbit_a0.1900.bin,1.0,0.25,0.4,True,0.000954594233969325,3.1415926535897927,0.19,3266957.015633596,ST,0.05222738469161976
orbit_a0.2000.bin,1.0,0.25,0.4,True,0.000954594233969325,3.1415926535897927,0.2,3266957.015633596,ST,0.07633882277159862
orbit_a0.2100.bin,1.0,0.25,0.4,True,0.000954594233969325,3.1415926535897927,0.21,3266957.015633596,ST,0.053009786387022466
orbit_a0.2200.bin,1.0,0.25,0.4,True,0.000954594233969325,3.1415926535897927,0.22,3266957.015633596,ST,0.040140652299684484
