file,m_A (Msun),m_B (Msun),e,apapse,m_P (Msun),l (rad),a (AU),t_stop (day),stability,delta_r
orbit_p0.1800.bin,1.0,0.25,0.4,False,0.000954594233969325,3.1415926535897927,0.18000000000000002,3266957.015633596,ST,0.0542537540467274
orbit_p0.1900.bin,1.0,0.25,0.4,False,0.000954594233969325,3.1415926535897927,0.19,3266957.015633596,ST,0.06762457922089996
orbit_p0.2000.bin,1.0,0.25,0.4,False,0.000954594233969325,3.1415926535897927,0.2,3266957.015633596,ST,0.03501160983369861
orbit_p0.2100.bin,1.0,0.25,0.4,False,0.000954594233969325,3.1415926535897927,0.21,3266957.015633596,ST,0.03982835459501849
orbit_p0.2200.bin,1.0,0.25,0.4,False,0.000954594233969325,3.1415926535897927,0.22,208197.96944743133,CA,
