file,m_A (Msun),m_B (Msun),e,apapse,m_P (Msun),l (rad),a (AU),t_stop (day),stability,delta_r
orbit_p0.0900.bin,1.0,0.6666666666666667,0.6,False,0.0,4.712388980384691,0.09,2829267.7686104896,ST,0.06517578331917939
orbit_p0.1000.bin,1.0,0.6666666666666667,0.6,False,0.0,4.712388980384691,0.1,2829267.7686104896,ST,0.19580747179955643
orbit_p0.1100.bin,1.0,0.6666666666666667,0.6,False,0.0,4.712388980384691,0.11,163451.29052592552,EJ,
orbit_p0.1200.bin,1.0,0.6666666666666667,0.6,False,0.0,4.712388980384691,0.12,64214.342376569686,CA,
