file,m_A (Msun),m_B (Msun),e,apapse,m_P (Msun),l (rad),a (AU),t_stop (day),stability,delta_r
orbit_p0.10.bin,1.0,2.333333333333333,0.4,False,0.0,4.712388980384691,0.1,2000594.4249770087,ST,0.04265513982264135
orbit_p0.11.bin,1.0,2.333333333333333,0.4,False,0.0,4.712388980384691,0.11,2000594.4249770087,ST,0.06284096576220717
orbit_p0.12.bin,1.0,2.333333333333333,0.4,False,0.0,4.712388980384691,0.12,464760.6667563471,CA,
orbit_p0.13.bin,1.0,2.333333333333333,0.4,False,0.0,4.712388980384691,0.13,2019.150960611754,CA,
