file,m_A (Msun),m_B (Msun),e,apapse,m_P (Msun),l (rad),a (AU),t_stop (day),stability,delta_r
orbit_a0.10.bin,1.0,2.333333333333333,0.4,True,0.0,4.712388980384691,0.1,2000594.4249770087,ST,0.035795113663970556
orbit_a0.11.bin,1.0,2.333333333333333,0.4,True,0.0,4.712388980384691,0.11,2000594.4249770087,ST,0.04012886159847923
orbit_a0.12.bin,1.0,2.333333333333333,0.4,True,0.0,4.712388980384691,0.12,2000594.4249770087,ST,0.03561033721564409
orbit_a0.13.bin,1.0,2.333333333333333,0.4,True,0.0,4.712388980384691,0.13,1537977.4090380492,CA,
