file,m_A (Msun),m_B (Msun),e,apapse,m_P (Msun),l (rad),a (AU),t_stop (day),stability,delta_r
orbit_a0.0400.bin,1.0,1.4999999999999998,0.7,True,0.0,4.712388980384691,0.04,2310087.4595994814,ST,0.04048723206372992
orbit_a0.0500.bin,1.0,1.4999999999999998,0.7,True,0.0,4.712388980384691,0.05,2310087.4595994814,ST,0.049591082363085515
orbit_a0.0600.bin,1.0,1.4999999999999998,0.7,True,0.0,4.712388980384691,0.06,2310087.4595994814,ST,0.05151164098542811
orbit_a0.0700.bin,1.0,1.4999999999999998,0.7,True,0.0,4.712388980384691,0.07,325688.2823843133,EJ,
