file,m_A (Msun),m_B (Msun),e,apapse,m_P (Msun),l (rad),a (AU),t_stop (day),stability,delta_r
orbit_p0.2200.bin,1.0,0.25,0.3,False,0.028637827019079756,4.712388980384691,0.22,3266957.015633596,ST,0.05251494687799005
orbit_p0.2300.bin,1.0,0.25,0.3,False,0.028637827019079756,4.712388980384691,0.23,3266957.015633596,ST,0.08520922578390219
orbit_p0.2400.bin,1.0,0.25,0.3,False,0.028637827019079756,4.712388980384691,0.24,3266957.015633596,ST,0.06308549660019643
orbit_p0.2500.bin,1.0,0.25,0.3,False,0.028637827019079756,4.712388980384691,0.25,85675.4390167683,CA,
orbit_p0.2600.bin,1.0,0.25,0.3,False,0.028637827019079756,4.712388980384691,0.26,323061.8357648647,CA,
