file,m_A (Msun),m_B (Msun),e,apapse,m_P (Msun),l (rad),a (AU),t_stop (day),stability,delta_r
orbit_a0.0400.bin,1.0,9.0,0.5,True,0.028637827019079756,1.5707963267948966,0.04,1155043.7297997407,ST,0.02063536799286219
orbit_a0.0500.bin,1.0,9.0,0.5,True,0.028637827019079756,1.5707963267948966,0.05,1155043.7297997407,ST,0.023233608900636568
orbit_a0.0600.bin,1.0,9.0,0.5,True,0.028637827019079756,1.5707963267948966,0.06,1155043.7297997407,ST,0.0257106468309976
orbit_a0.0700.bin,1.0,9.0,0.5,True,0.028637827019079756,1.5707963267948966,0.06999999999999999,1155043.7297997407,ST,0.03394605740339909
orbit_a0.0800.bin,1.0,9.0,0.5,True,0.028637827019079756,1.5707963267948966,0.08,5603.637041185711,CA,
