file,m_A (Msun),m_B (Msun),e,apapse,m_P (Msun),l (rad),a (AU),t_stop (day),stability,delta_r
orbit_p0.1000.bin,1.0,4.0,0.3,False,0.000954594233969325,4.712388980384691,0.1,1633478.507816798,ST,0.0475633996590822
orbit_p0.1100.bin,1.0,4.0,0.3,False,0.000954594233969325,4.712388980384691,0.11,1633478.507816798,ST,0.07093045903990258
orbit_p0.1200.bin,1.0,4.0,0.3,False,0.000954594233969325,4.712388980384691,0.12,1633478.507816798,ST,0.10577311257232296
orbit_p0.1300.bin,1.0,4.0,0.3,False,0.000954594233969325,4.712388980384691,0.13,5095.251042204994,CA,
orbit_p0.1400.bin,1.0,4.0,0.3,False,0.000954594233969325,4.712388980384691,0.14,1166.127703502068,CA,
