file,m_A (Msun),m_B (Msun),e,apapse,m_P (Msun),l (rad),a (AU),t_stop (day),stability,delta_r
orbit_a0.1000.bin,1.0,4.0,0.3,True,0.000954594233969325,4.712388980384691,0.1,1633478.507816798,ST,0.027910152361704195
orbit_a0.1100.bin,1.0,4.0,0.3,True,0.000954594233969325,4.712388980384691,0.11,1633478.507816798,ST,0.03179253153937052
orbit_a0.1200.bin,1.0,4.0,0.3,True,0.000954594233969325,4.712388980384691,0.12,1633478.507816798,ST,0.027113646230590042
orbit_a0.1300.bin,1.0,4.0,0.3,True,0.000954594233969325,4.712388980384691,0.13,1633478.507816798,ST,0.04963009566111264
orbit_a0.1400.bin,1.0,4.0,0.3,True,0.000954594233969325,4.712388980384691,0.14,3695.3070802136376,CA,
