file,m_A (Msun),m_B (Msun),e,apapse,m_P (Msun),l (rad),a (AU),t_stop (day),stability,delta_r
orbit_a0.0400.bin,1.0,4.0,0.7,True,0.0,3.1415926535897927,0.04,1633478.507816798,ST,0.041547958968127324
orbit_a0.0450.bin,1.0,4.0,0.7,True,0.0,3.1415926535897927,0.045,1633478.507816798,ST,0.03127584903071793
orbit_a0.0500.bin,1.0,4.0,0.7,True,0.0,3.1415926535897927,0.05,1633478.507816798,ST,0.04265790818108237
orbit_a0.0550.bin,1.0,4.0,0.7,True,0.0,3.1415926535897927,0.055,183192.85842617255,CA,
