file,m_A (Msun),m_B (Msun),e,apapse,m_P (Msun),l (rad),a (AU),t_stop (day),stability,delta_r
orbit_a0.0300.bin,1.0,0.11111111111111112,0.8,True,0.028637827019079756,0.0,0.03,3465131.189399222,ST,0.06729422981655207
orbit_a0.0400.bin,1.0,0.11111111111111112,0.8,True,0.028637827019079756,0.0,0.04,3465131.189399222,ST,0.08883652991903816
orbit_a0.0500.bin,1.0,0.11111111111111112,0.8,True,0.028637827019079756,0.0,0.05,3465131.189399222,ST,0.12427135627568597
orbit_a0.0600.bin,1.0,0.11111111111111112,0.8,True,0.028637827019079756,0.0,0.06,3465131.189399222,ST,0.24297517594103907
orbit_a0.0700.bin,1.0,0.11111111111111112,0.8,True,0.028637827019079756,0.0,0.07,318910.3509632366,CA,
