file,m_A (Msun),m_B (Msun),e,apapse,m_P (Msun),l (rad),a (AU),t_stop (day),stability,delta_r
orbit_a0.1400.bin,1.0,0.25,0.5,True,0.028637827019079756,4.712388980384691,0.14,3266957.015633596,ST,0.07431621095588298
orbit_a0.1500.bin,1.0,0.25,0.5,True,0.028637827019079756,4.712388980384691,0.15,3266957.015633596,ST,0.06673352079964255
orbit_a0.1600.bin,1.0,0.25,0.5,True,0.028637827019079756,4.712388980384691,0.16,1001932.7783292343,CA,
orbit_a0.1700.bin,1.0,0.25,0.5,True,0.028637827019079756,4.712388980384691,0.17,151663.18582343854,CA,
orbit_a0.1800.bin,1.0,0.25,0.5,True,0.028637827019079756,4.712388980384691,0.18,169207.84386711134,EJ,
