file,m_A (Msun),m_B (Msun),e,apapse,m_P (Msun),l (rad),a (AU),t_stop (day),stability,delta_r
orbit_p0.1400.bin,1.0,0.25,0.5,False,0.028637827019079756,4.712388980384691,0.14,3266957.015633596,ST,0.06905723244963106
orbit_p0.1500.bin,1.0,0.25,0.5,False,0.028637827019079756,4.712388980384691,0.15,3266957.015633596,ST,0.08536504577367306
orbit_p0.1600.bin,1.0,0.25,0.5,False,0.028637827019079756,4.712388980384691,0.16,888365.7714418019,CA,
orbit_p0.1700.bin,1.0,0.25,0.5,False,0.028637827019079756,4.712388980384691,0.17,214209.74768229068,CA,
orbit_p0.1800.bin,1.0,0.25,0.5,False,0.028637827019079756,4.712388980384691,0.18,47406.89309839072,CA,
