file,m_A (Msun),m_B (Msun),e,apapse,m_P (Msun),l (rad),a (AU),t_stop (day),stability,delta_r
orbit_a0.03.bin,1.0,0.4285714285714286,0.8,True,0.0,4.712388980384691,0.03,3055958.462454599,ST,0.0587777737963157
orbit_a0.04.bin,1.0,0.4285714285714286,0.8,True,0.0,4.712388980384691,0.04,3055958.462454599,ST,0.07529864863027241
orbit_a0.05.bin,1.0,0.4285714285714286,0.8,True,0.0,4.712388980384691,0.05,1726581.2070611264,EJ,
orbit_a0.06.bin,1.0,0.4285714285714286,0.8,True,0.0,4.712388980384691,0.06,57609.664494483855,CA,
