file,m_A (Msun),m_B (Msun),e,apapse,m_P (Msun),l (rad),a (AU),t_stop (day),stability,delta_r
orbit_p0.03.bin,1.0,0.4285714285714286,0.8,False,0.0,4.712388980384691,0.03,3055958.462454599,ST,0.06126230230545238
orbit_p0.04.bin,1.0,0.4285714285714286,0.8,False,0.0,4.712388980384691,0.04,3055958.462454599,ST,0.07484008793074041
orbit_p0.05.bin,1.0,0.4285714285714286,0.8,False,0.0,4.712388980384691,0.05,3055958.462454599,ST,0.1798637370372344
orbit_p0.06.bin,1.0,0.4285714285714286,0.8,False,0.0,4.712388980384691,0.06,40947.8975019284,CA,
