file,m_A (Msun),m_B (Msun),e,apapse,m_P (Msun),l (rad),a (AU),t_stop (day),stability,delta_r
orbit_a0.1800.bin,1.0,1.5,0.1,True,0.000954594233969325,4.712388980384691,0.18000000000000002,2310087.4595994814,ST,0.0322733209724978
orbit_a0.1900.bin,1.0,1.5,0.1,True,0.000954594233969325,4.712388980384691,0.19,2310087.4595994814,ST,0.042069877680718196
orbit_a0.2000.bin,1.0,1.5,0.1,True,0.000954594233969325,4.712388980384691,0.2,2310087.4595994814,ST,0.04940609558240612
orbit_a0.2100.bin,1.0,1.5,0.1,True,0.000954594233969325,4.712388980384691,0.21,2310087.4595994814,ST,0.062332549720036975
orbit_a0.2200.bin,1.0,1.5,0.1,True,0.000954594233969325,4.712388980384691,0.22,2310087.4595994814,ST,0.09203222776011541
