file,m_A (Msun),m_B (Msun),e,apapse,m_P (Msun),l (rad),a (AU),t_stop (day),stability,delta_r
orbit_a0.0700.bin,1.0,0.11111111111111112,0.7,True,0.028637827019079756,4.712388980384691,0.07,3465131.189399222,ST,0.09455991485616692
orbit_a0.0800.bin,1.0,0.11111111111111112,0.7,True,0.028637827019079756,4.712388980384691,0.08,3465131.189399222,ST,0.10832949609741481
orbit_a0.0900.bin,1.0,0.11111111111111112,0.7,True,0.028637827019079756,4.712388980384691,0.09,3465131.189399222,ST,0.16995043632824872
orbit_a0.1000.bin,1.0,0.11111111111111112,0.7,True,0.028637827019079756,4.712388980384691,0.1,1389125.6787728292,CA,
orbit_a0.1100.bin,1.0,0.11111111111111112,0.7,True,0.028637827019079756,4.712388980384691,0.11,129744.94501297992,CA,
