file,m_A (Msun),m_B (Msun),e,apapse,m_P (Msun),l (rad),a (AU),t_stop (day),stability,delta_r
orbit_p0.0600.bin,1.0,4.0,0.5,False,0.000954594233969325,3.1415926535897927,0.06,1633478.507816798,ST,0.02394762103447242
orbit_p0.0700.bin,1.0,4.0,0.5,False,0.000954594233969325,3.1415926535897927,0.07,1633478.507816798,ST,0.025299607904263922
orbit_p0.0800.bin,1.0,4.0,0.5,False,0.000954594233969325,3.1415926535897927,0.08,1633478.507816798,ST,0.029922681490015656
orbit_p0.0900.bin,1.0,4.0,0.5,False,0.000954594233969325,3.1415926535897927,0.09,1633478.507816798,ST,0.04090530382572579
orbit_p0.1000.bin,1.0,4.0,0.5,False,0.000954594233969325,3.1415926535897927,0.1,80041.55996155996,CA,
