file,m_A (Msun),m_B (Msun),e,apapse,m_P (Msun),l (rad),a (AU),t_stop (day),stability,delta_r
orbit_a0.0600.bin,1.0,4.0,0.5,True,0.000954594233969325,3.1415926535897927,0.06,1633478.507816798,ST,0.030305435333272294
orbit_a0.0700.bin,1.0,4.0,0.5,True,0.000954594233969325,3.1415926535897927,0.07,1633478.507816798,ST,0.037161878481286326
orbit_a0.0800.bin,1.0,4.0,0.5,True,0.000954594233969325,3.1415926535897927,0.08,1633478.507816798,ST,0.03810844269247834
orbit_a0.0900.bin,1.0,4.0,0.5,True,0.000954594233969325,3.1415926535897927,0.09,1633478.507816798,ST,0.026689620039626362
orbit_a0.1000.bin,1.0,4.0,0.5,True,0.000954594233969325,3.1415926535897927,0.1,19859.684415407668,CA,
