file,m_A (Msun),m_B (Msun),e,apapse,m_P (Msun),l (rad),a (AU),t_stop (day),stability,delta_r
orbit_p0.0500.bin,1.0,0.6666666666666667,0.7,False,0.000954594233969325,1.5707963267948966,0.05,2829267.7686104896,ST,0.0584661995225199
orbit_p0.0600.bin,1.0,0.6666666666666667,0.7,False,0.000954594233969325,1.5707963267948966,0.06000000000000001,2829267.7686104896,ST,0.06733456430569383
orbit_p0.0700.bin,1.0,0.6666666666666667,0.7,False,0.000954594233969325,1.5707963267948966,0.07,2829267.7686104896,ST,0.06479060693523997
orbit_p0.0800.bin,1.0,0.6666666666666667,0.7,False,0.000954594233969325,1.5707963267948966,0.08,628268.5975303403,CA,
orbit_p0.0900.bin,1.0,0.6666666666666667,0.7,False,0.000954594233969325,1.5707963267948966,0.09000000000000001,65104.368290719794,EJ,
