file,m_A (Msun),m_B (Msun),e,apapse,m_P (Msun),l (rad),a (AU),t_stop (day),stability,delta_r
orbit_a0.0500.bin,1.0,0.6666666666666667,0.7,True,0.000954594233969325,1.5707963267948966,0.05,2829267.7686104896,ST,0.05894705887249795
orbit_a0.0600.bin,1.0,0.6666666666666667,0.7,True,0.000954594233969325,1.5707963267948966,0.06000000000000001,2829267.7686104896,ST,0.0661042643035191
orbit_a0.0700.bin,1.0,0.6666666666666667,0.7,True,0.000954594233969325,1.5707963267948966,0.07,2829267.7686104896,ST,0.08095655761697455
orbit_a0.0800.bin,1.0,0.6666666666666667,0.7,True,0.000954594233969325,1.5707963267948966,0.08,106022.6636538914,EJ,
orbit_a0.0900.bin,1.0,0.6666666666666667,0.7,True,0.000954594233969325,1.5707963267948966,0.09000000000000001,28299.70748153537,EJ,
