file,m_A (Msun),m_B (Msun),e,apapse,m_P (Msun),l (rad),a (AU),t_stop (day),stability,delta_r
orbit_a0.3100.bin,1.0,0.25,0.1,True,0.0,3.9269908169872414,0.31,3266957.015633596,ST,0.022463288594445945
orbit_a0.3200.bin,1.0,0.25,0.1,True,0.0,3.9269908169872414,0.32,3266957.015633596,ST,0.056908599456209685
orbit_a0.3300.bin,1.0,0.25,0.1,True,0.0,3.9269908169872414,0.33,3266957.015633596,ST,0.03318904776664507
orbit_a0.3400.bin,1.0,0.25,0.1,True,0.0,3.9269908169872414,0.34,3266957.015633596,ST,0.03436517401812075
