file,m_A (Msun),m_B (Msun),e,apapse,m_P (Msun),l (rad),a (AU),t_stop (day),stability,delta_r
orbit_p0.1300.bin,1.0,1.0,0.4,False,0.028637827019079756,4.712388980384691,0.13,2582756.29681712,ST,0.0515052687491849
orbit_p0.1400.bin,1.0,1.0,0.4,False,0.028637827019079756,4.712388980384691,0.14,2582756.29681712,ST,0.06849284457374646
orbit_p0.1500.bin,1.0,1.0,0.4,False,0.028637827019079756,4.712388980384691,0.15,2582756.29681712,ST,0.11570639969799404
orbit_p0.1600.bin,1.0,1.0,0.4,False,0.028637827019079756,4.712388980384691,0.16,27620.537249257108,CA,
orbit_p0.1700.bin,1.0,1.0,0.4,False,0.028637827019079756,4.712388980384691,0.16999999999999998,6442.1444989611855,CA,
