file,m_A (Msun),m_B (Msun),e,apapse,m_P (Msun),l (rad),a (AU),t_stop (day),stability,delta_r
orbit_a0.2200.bin,1.0,0.25,0.3,True,0.028637827019079756,3.1415926535897927,0.22,3266957.015633596,ST,0.046687981457483096
orbit_a0.2300.bin,1.0,0.25,0.3,True,0.028637827019079756,3.1415926535897927,0.23,3266957.015633596,ST,0.03099734201162044
orbit_a0.2400.bin,1.0,0.25,0.3,True,0.028637827019079756,3.1415926535897927,0.24,3266957.015633596,ST,0.050357028706011775
orbit_a0.2500.bin,1.0,0.25,0.3,True,0.028637827019079756,3.1415926535897927,0.25,3266957.015633596,ST,0.040839083414464475
orbit_a0.2600.bin,1.0,0.25,0.3,True,0.028637827019079756,3.1415926535897927,0.26,136201.97792360614,CA,
