file,m_A (Msun),m_B (Msun),e,apapse,m_P (Msun),l (rad),a (AU),t_stop (day),stability,delta_r
orbit_p0.0800.bin,1.0,4.0,0.4,False,0.028637827019079756,1.5707963267948966,0.08,1633478.507816798,ST,0.039390291650781575
orbit_p0.0900.bin,1.0,4.0,0.4,False,0.028637827019079756,1.5707963267948966,0.09000000000000001,1633478.507816798,ST,0.05987904483978476
orbit_p0.1000.bin,1.0,4.0,0.4,False,0.028637827019079756,1.5707963267948966,0.1,1633478.507816798,ST,0.0853276639196121
orbit_p0.1100.bin,1.0,4.0,0.4,False,0.028637827019079756,1.5707963267948966,0.11,5735.154470688975,CA,
orbit_p0.1200.bin,1.0,4.0,0.4,False,0.028637827019079756,1.5707963267948966,0.12,1623.4543586852303,CA,
