file,m_A (Msun),m_B (Msun),e,apapse,m_P (Msun),l (rad),a (AU),t_stop (day),stability,delta_r
orbit_a0.0215.bin,1.0,9.0,0.8,True,0.028637827019079756,3.1415926535897927,0.0215,1155043.7297997407,ST,0.028763686477047613
orbit_a0.0220.bin,1.0,9.0,0.8,True,0.028637827019079756,3.1415926535897927,0.022000000000000002,1155043.7297997407,ST,0.02609046914621934
orbit_a0.0225.bin,1.0,9.0,0.8,True,0.028637827019079756,3.1415926535897927,0.0225,1155043.7297997407,ST,0.03347467423687331
orbit_a0.0230.bin,1.0,9.0,0.8,True,0.028637827019079756,3.1415926535897927,0.023,1155043.7297997407,ST,0.0482311674090363
orbit_a0.0235.bin,1.0,9.0,0.8,True,0.028637827019079756,3.1415926535897927,0.0235,1155043.7297997407,ST,0.02975818064291511
