file,m_A (Msun),m_B (Msun),e,apapse,m_P (Msun),l (rad),a (AU),t_stop (day),stability,delta_r
orbit_p0.0215.bin,1.0,9.0,0.8,False,0.028637827019079756,3.1415926535897927,0.0215,1155043.7297997407,ST,0.022501580989026115
orbit_p0.0220.bin,1.0,9.0,0.8,False,0.028637827019079756,3.1415926535897927,0.022000000000000002,1155043.7297997407,ST,0.02779157658861501
orbit_p0.0225.bin,1.0,9.0,0.8,False,0.028637827019079756,3.1415926535897927,0.0225,1155043.7297997407,ST,0.023463261217612264
orbit_p0.0230.bin,1.0,9.0,0.8,False,0.028637827019079756,3.1415926535897927,0.023,1155043.7297997407,ST,0.024860560194075502
orbit_p0.0235.bin,1.0,9.0,0.8,False,0.028637827019079756,3.1415926535897927,0.0235,1155043.7297997407,ST,0.02508992814234921
