file,m_A (Msun),m_B (Msun),e,apapse,m_P (Msun),l (rad),a (AU),t_stop (day),stability,delta_r
orbit_a0.2500.bin,1.0,0.6666666666666667,0.1,True,0.000954594233969325,3.1415926535897927,0.25,2829267.7686104896,ST,0.022049933075705477
orbit_a0.2600.bin,1.0,0.6666666666666667,0.1,True,0.000954594233969325,3.1415926535897927,0.26,2829267.7686104896,ST,0.02410552267673228
orbit_a0.2700.bin,1.0,0.6666666666666667,0.1,True,0.000954594233969325,3.1415926535897927,0.27,2829267.7686104896,ST,0.026923000672039173
orbit_a0.2800.bin,1.0,0.6666666666666667,0.1,True,0.000954594233969325,3.1415926535897927,0.28,2829267.7686104896,ST,0.029801413165668377
orbit_a0.2900.bin,1.0,0.6666666666666667,0.1,True,0.000954594233969325,3.1415926535897927,0.29000000000000004,2829267.7686104896,ST,0.03459022168305569
