file,m_A (Msun),m_B (Msun),e,apapse,m_P (Msun),l (rad),a (AU),t_stop (day),stability,delta_r
orbit_a0.0900.bin,1.0,2.333333333333333,0.4,True,0.028637827019079756,3.1415926535897927,0.09,2000594.4249770087,ST,0.03112725114954223
orbit_a0.1000.bin,1.0,2.333333333333333,0.4,True,0.028637827019079756,3.1415926535897927,0.1,2000594.4249770087,ST,0.03304034461412273
orbit_a0.1100.bin,1.0,2.333333333333333,0.4,True,0.028637827019079756,3.1415926535897927,0.11,2000594.4249770087,ST,0.03428030095048114
orbit_a0.1200.bin,1.0,2.333333333333333,0.4,True,0.028637827019079756,3.1415926535897927,0.12,2000594.4249770087,ST,0.036975778044655974
orbit_a0.1300.bin,1.0,2.333333333333333,0.4,True,0.028637827019079756,3.1415926535897927,0.13,2000594.4249770087,ST,0.05149151849976255
