file,m_A (Msun),m_B (Msun),e,apapse,m_P (Msun),l (rad),a (AU),t_stop (day),stability,delta_r
orbit_a0.1600.bin,1.0,1.0,0.3,True,0.000954594233969325,1.5707963267948966,0.16,2582756.29681712,ST,0.03665312954829641
orbit_a0.1700.bin,1.0,1.0,0.3,True,0.000954594233969325,1.5707963267948966,0.16999999999999998,2582756.29681712,ST,0.04115662366065861
orbit_a0.1800.bin,1.0,1.0,0.3,True,0.000954594233969325,1.5707963267948966,0.18,2582756.29681712,ST,0.03808157912061395
orbit_a0.1900.bin,1.0,1.0,0.3,True,0.000954594233969325,1.5707963267948966,0.19,2582756.29681712,ST,0.04697035831665588
orbit_a0.2000.bin,1.0,1.0,0.3,True,0.000954594233969325,1.5707963267948966,0.2,107838.343699054,CA,
