file,m_A (Msun),m_B (Msun),e,apapse,m_P (Msun),l (rad),a (AU),t_stop (day),stability,delta_r
orbit_p0.1600.bin,1.0,1.0,0.3,False,0.000954594233969325,1.5707963267948966,0.16,2582756.29681712,ST,0.05626317310753642
orbit_p0.1700.bin,1.0,1.0,0.3,False,0.000954594233969325,1.5707963267948966,0.16999999999999998,2582756.29681712,ST,0.1263025875937036
orbit_p0.1800.bin,1.0,1.0,0.3,False,0.000954594233969325,1.5707963267948966,0.18,2156903.960494833,CA,
orbit_p0.1900.bin,1.0,1.0,0.3,False,0.000954594233969325,1.5707963267948966,0.19,23557.372048623558,CA,
orbit_p0.2000.bin,1.0,1.0,0.3,False,0.000954594233969325,1.5707963267948966,0.2,4221.157514502072,CA,
