file,m_A (Msun),m_B (Msun),e,apapse,m_P (Msun),l (rad),a (AU),t_stop (day),stability,delta_r
orbit_p0.05.bin,1.0,9.000000000000002,0.5,False,0.0,0.0,0.05,1155043.7297997407,ST,0.03426407650590559
orbit_p0.06.bin,1.0,9.000000000000002,0.5,False,0.0,0.0,0.06,1155043.7297997407,ST,0.04712587390912108
orbit_p0.07.bin,1.0,9.000000000000002,0.5,False,0.0,0.0,0.07,1155043.7297997407,ST,0.061535704339276964
orbit_p0.08.bin,1.0,9.000000000000002,0.5,False,0.0,0.0,0.08,15596.280066123802,CA,
