file,m_A (Msun),m_B (Msun),e,apapse,m_P (Msun),l (rad),a (AU),t_stop (day),stability,delta_r
orbit_a0.2800.bin,1.0,0.6666666666666667,0.0,True,0.000954594233969325,0.0,0.28,2829267.7686104896,ST,0.045879339462409054
orbit_a0.2900.bin,1.0,0.6666666666666667,0.0,True,0.000954594233969325,0.0,0.29,2829267.7686104896,ST,0.05130871977590082
orbit_a0.3000.bin,1.0,0.6666666666666667,0.0,True,0.000954594233969325,0.0,0.3,2829267.7686104896,ST,0.05746912546492028
orbit_a0.3100.bin,1.0,0.6666666666666667,0.0,True,0.000954594233969325,0.0,0.31,2829267.7686104896,ST,0.06343700615127694
orbit_a0.3200.bin,1.0,0.6666666666666667,0.0,True,0.000954594233969325,0.0,0.32,2829267.7686104896,ST,0.0743496989592617
