file,m_A (Msun),m_B (Msun),e,apapse,m_P (Msun),l (rad),a (AU),t_stop (day),stability,delta_r
orbit_p0.1900.bin,1.0,0.4285714285714286,0.3,False,0.028637827019079756,4.712388980384691,0.19,3055958.462454599,ST,0.04581326346601156
orbit_p0.2000.bin,1.0,0.4285714285714286,0.3,False,0.028637827019079756,4.712388980384691,0.2,3055958.462454599,ST,0.05761485052540363
orbit_p0.2100.bin,1.0,0.4285714285714286,0.3,False,0.028637827019079756,4.712388980384691,0.21,3055958.462454599,ST,0.06297621051644278
orbit_p0.2200.bin,1.0,0.4285714285714286,0.3,False,0.028637827019079756,4.712388980384691,0.22,620212.3723672539,CA,
orbit_p0.2300.bin,1.0,0.4285714285714286,0.3,False,0.028637827019079756,4.712388980384691,0.23,44350.001104995215,CA,
