file,m_A (Msun),m_B (Msun),e,apapse,m_P (Msun),l (rad),a (AU),t_stop (day),stability,delta_r
orbit_a0.1900.bin,1.0,0.4285714285714286,0.3,True,0.028637827019079756,4.712388980384691,0.19,3055958.462454599,ST,0.04415154954577088
orbit_a0.2000.bin,1.0,0.4285714285714286,0.3,True,0.028637827019079756,4.712388980384691,0.2,3055958.462454599,ST,0.04195009966330402
orbit_a0.2100.bin,1.0,0.4285714285714286,0.3,True,0.028637827019079756,4.712388980384691,0.21,3055958.462454599,ST,0.04420436553016574
orbit_a0.2200.bin,1.0,0.4285714285714286,0.3,True,0.028637827019079756,4.712388980384691,0.22,3055958.462454599,ST,0.0497735978738912
orbit_a0.2300.bin,1.0,0.4285714285714286,0.3,True,0.028637827019079756,4.712388980384691,0.23,3055958.462454599,ST,0.03989839615987956
