file,m_A (Msun),m_B (Msun),e,apapse,m_P (Msun),l (rad),a (AU),t_stop (day),stability,delta_r
orbit_a0.0500.bin,1.0,0.6666666666666667,0.7,True,0.028637827019079756,0.0,0.05,2829267.7686104896,ST,0.05714502798329046
orbit_a0.0600.bin,1.0,0.6666666666666667,0.7,True,0.028637827019079756,0.0,0.06000000000000001,2829267.7686104896,ST,0.06115766003977247
orbit_a0.0700.bin,1.0,0.6666666666666667,0.7,True,0.028637827019079756,0.0,0.07,2829267.7686104896,ST,0.11337880359717618
orbit_a0.0800.bin,1.0,0.6666666666666667,0.7,True,0.028637827019079756,0.0,0.08,338641.2411903448,CA,
orbit_a0.0900.bin,1.0,0.6666666666666667,0.7,True,0.028637827019079756,0.0,0.09000000000000001,22960.13678816292,EJ,
