file,m_A (Msun),m_B (Msun),e,apapse,m_P (Msun),l (rad),a (AU),t_stop (day),stability,delta_r
orbit_p0.0500.bin,1.0,0.6666666666666667,0.7,False,0.028637827019079756,0.0,0.05,2829267.7686104896,ST,0.057772529347901565
orbit_p0.0600.bin,1.0,0.6666666666666667,0.7,False,0.028637827019079756,0.0,0.06000000000000001,2829267.7686104896,ST,0.06940532463004831
orbit_p0.0700.bin,1.0,0.6666666666666667,0.7,False,0.028637827019079756,0.0,0.07,2829267.7686104896,ST,0.07599592132791624
orbit_p0.0800.bin,1.0,0.6666666666666667,0.7,False,0.028637827019079756,0.0,0.08,2829267.7686104896,ST,0.20585998286263726
orbit_p0.0900.bin,1.0,0.6666666666666667,0.7,False,0.028637827019079756,0.0,0.09000000000000001,134410.88825575775,CA,
