file,m_A (Msun),m_B (Msun),e,apapse,m_P (Msun),l (rad),a (AU),t_stop (day),stability,delta_r
orbit_a0.0400.bin,1.0,1.4999999999999998,0.7,True,0.0,1.5707963267948966,0.04,2310087.4595994814,ST,0.040675087157413324
orbit_a0.0500.bin,1.0,1.4999999999999998,0.7,True,0.0,1.5707963267948966,0.05,2310087.4595994814,ST,0.04944523787359672
orbit_a0.0600.bin,1.0,1.4999999999999998,0.7,True,0.0,1.5707963267948966,0.06,2310087.4595994814,ST,0.051859470503497845
orbit_a0.0700.bin,1.0,1.4999999999999998,0.7,True,0.0,1.5707963267948966,0.07,1729906.580261327,CA,
