file,m_A (Msun),m_B (Msun),e,apapse,m_P (Msun),l (rad),a (AU),t_stop (day),stability,delta_r
orbit_p0.2200.bin,1.0,0.25,0.3,False,0.000954594233969325,4.712388980384691,0.22,3266957.015633596,ST,0.054656040164622534
orbit_p0.2300.bin,1.0,0.25,0.3,False,0.000954594233969325,4.712388980384691,0.23,3266957.015633596,ST,0.08125880749060774
orbit_p0.2400.bin,1.0,0.25,0.3,False,0.000954594233969325,4.712388980384691,0.24,3266957.015633596,ST,0.0640449372824629
orbit_p0.2500.bin,1.0,0.25,0.3,False,0.000954594233969325,4.712388980384691,0.25,503212.9547778978,CA,
orbit_p0.2600.bin,1.0,0.25,0.3,False,0.000954594233969325,4.712388980384691,0.26,585523.7288379886,CA,
