file,m_A (Msun),m_B (Msun),e,apapse,m_P (Msun),l (rad),a (AU),t_stop (day),stability,delta_r
orbit_a0.3500.bin,1.0,0.11111111111111112,0.1,True,0.000954594233969325,1.5707963267948966,0.35,3465131.189399222,ST,0.026886398476539577
orbit_a0.3600.bin,1.0,0.11111111111111112,0.1,True,0.000954594233969325,1.5707963267948966,0.36,3465131.189399222,ST,0.026370667438316862
orbit_a0.3700.bin,1.0,0.11111111111111112,0.1,True,0.000954594233969325,1.5707963267948966,0.37,3465131.189399222,ST,0.0350530615580713
orbit_a0.3800.bin,1.0,0.11111111111111112,0.1,True,0.000954594233969325,1.5707963267948966,0.38,70021.79922234452,EJ,
orbit_a0.3900.bin,1.0,0.11111111111111112,0.1,True,0.000954594233969325,1.5707963267948966,0.39,10840.509848843483,CA,
