file,m_A (Msun),m_B (Msun),e,apapse,m_P (Msun),l (rad),a (AU),t_stop (day),stability,delta_r
orbit_p0.17.bin,1.0,0.4285714285714286,0.4,False,0.0,4.712388980384691,0.17,3055958.462454599,ST,0.061200313858139906
orbit_p0.18.bin,1.0,0.4285714285714286,0.4,False,0.0,4.712388980384691,0.18,3055958.462454599,ST,0.06491003838450651
orbit_p0.19.bin,1.0,0.4285714285714286,0.4,False,0.0,4.712388980384691,0.19,208160.03775882235,CA,
orbit_p0.20.bin,1.0,0.4285714285714286,0.4,False,0.0,4.712388980384691,0.2,6412.039361096041,CA,
