file,m_A (Msun),m_B (Msun),e,apapse,m_P (Msun),l (rad),a (AU),t_stop (day),stability,delta_r
orbit_a0.1400.bin,1.0,4.0,0.0,True,0.000954594233969325,4.712388980384691,0.14,1633478.507816798,ST,0.048537091777557426
orbit_a0.1500.bin,1.0,4.0,0.0,True,0.000954594233969325,4.712388980384691,0.15,1633478.507816798,ST,0.06875830427358866
orbit_a0.1600.bin,1.0,4.0,0.0,True,0.000954594233969325,4.712388980384691,0.16,1633478.507816798,ST,0.10341493940845663
orbit_a0.1700.bin,1.0,4.0,0.0,True,0.000954594233969325,4.712388980384691,0.17,4161.348633765489,CA,
orbit_a0.1800.bin,1.0,4.0,0.0,True,0.000954594233969325,4.712388980384691,0.18,718.085970887665,CA,
