file,m_A (Msun),m_B (Msun),e,apapse,m_P (Msun),l (rad),a (AU),t_stop (day),stability,delta_r
orbit_a0.0800.bin,1.0,0.6666666666666667,0.6,True,0.028637827019079756,4.712388980384691,0.08,2829267.7686104896,ST,0.05715996717659862
orbit_a0.0900.bin,1.0,0.6666666666666667,0.6,True,0.028637827019079756,4.712388980384691,0.09000000000000001,2829267.7686104896,ST,0.05855537941886467
orbit_a0.1000.bin,1.0,0.6666666666666667,0.6,True,0.028637827019079756,4.712388980384691,0.1,2829267.7686104896,ST,0.05110205130524933
orbit_a0.1100.bin,1.0,0.6666666666666667,0.6,True,0.028637827019079756,4.712388980384691,0.11,525803.0473359189,CA,
orbit_a0.1200.bin,1.0,0.6666666666666667,0.6,True,0.028637827019079756,4.712388980384691,0.12,159562.21448540548,CA,
