file,m_A (Msun),m_B (Msun),e,apapse,m_P (Msun),l (rad),a (AU),t_stop (day),stability,delta_r
orbit_p0.0800.bin,1.0,0.6666666666666667,0.6,False,0.028637827019079756,4.712388980384691,0.08,2829267.7686104896,ST,0.05765228780541025
orbit_p0.0900.bin,1.0,0.6666666666666667,0.6,False,0.028637827019079756,4.712388980384691,0.09000000000000001,2829267.7686104896,ST,0.05992292030348466
orbit_p0.1000.bin,1.0,0.6666666666666667,0.6,False,0.028637827019079756,4.712388980384691,0.1,1186922.328642095,CA,
orbit_p0.1100.bin,1.0,0.6666666666666667,0.6,False,0.028637827019079756,4.712388980384691,0.11,89194.62252499473,CA,
orbit_p0.1200.bin,1.0,0.6666666666666667,0.6,False,0.028637827019079756,4.712388980384691,0.12,25156.872904371427,CA,
