file,m_A (Msun),m_B (Msun),e,apapse,m_P (Msun),l (rad),a (AU),t_stop (day),stability,delta_r
orbit_a0.0350.bin,1.0,9.0,0.6,True,0.028637827019079756,0.0,0.035,1155043.7297997407,ST,0.026843770410962742
orbit_a0.0400.bin,1.0,9.0,0.6,True,0.028637827019079756,0.0,0.04,1155043.7297997407,ST,0.024727706691025118
orbit_a0.0450.bin,1.0,9.0,0.6,True,0.028637827019079756,0.0,0.045,1155043.7297997407,ST,0.025277836238439433
orbit_a0.0500.bin,1.0,9.0,0.6,True,0.028637827019079756,0.0,0.05,1155043.7297997407,ST,0.02838775950493639
orbit_a0.0550.bin,1.0,9.0,0.6,True,0.028637827019079756,0.0,0.055,502349.987319551,CA,
