file,m_A (Msun),m_B (Msun),e,apapse,m_P (Msun),l (rad),a (AU),t_stop (day),stability,delta_r
orbit_p0.3600.bin,1.0,0.25,0.0,False,0.028637827019079756,1.5707963267948966,0.36,3266957.015633596,ST,0.05925203113823272
orbit_p0.3700.bin,1.0,0.25,0.0,False,0.028637827019079756,1.5707963267948966,0.37,28026.412373290084,CA,
orbit_p0.3800.bin,1.0,0.25,0.0,False,0.028637827019079756,1.5707963267948966,0.38,13308.090002452356,CA,
orbit_p0.3900.bin,1.0,0.25,0.0,False,0.028637827019079756,1.5707963267948966,0.39,3084.723054179558,CA,
orbit_p0.4000.bin,1.0,0.25,0.0,False,0.028637827019079756,1.5707963267948966,0.4,103778.10796678037,CA,
