file,m_A (Msun),m_B (Msun),e,apapse,m_P (Msun),l (rad),a (AU),t_stop (day),stability,delta_r
orbit_a0.0200.bin,1.0,0.4285714285714286,0.8,True,0.000954594233969325,1.5707963267948966,0.02,3055958.462454599,ST,0.04301229710809439
orbit_a0.0300.bin,1.0,0.4285714285714286,0.8,True,0.000954594233969325,1.5707963267948966,0.03,3055958.462454599,ST,0.060741882820954336
orbit_a0.0400.bin,1.0,0.4285714285714286,0.8,True,0.000954594233969325,1.5707963267948966,0.04,3055958.462454599,ST,0.0749871244496486
orbit_a0.0500.bin,1.0,0.4285714285714286,0.8,True,0.000954594233969325,1.5707963267948966,0.05,3055958.462454599,ST,0.1976216619251414
orbit_a0.0600.bin,1.0,0.4285714285714286,0.8,True,0.000954594233969325,1.5707963267948966,0.06,75918.39985807643,CA,
