file,m_A (Msun),m_B (Msun),e,apapse,m_P (Msun),l (rad),a (AU),t_stop (day),stability,delta_r
orbit_p0.0200.bin,1.0,0.4285714285714286,0.8,False,0.000954594233969325,1.5707963267948966,0.02,3055958.462454599,ST,0.04274788487891735
orbit_p0.0300.bin,1.0,0.4285714285714286,0.8,False,0.000954594233969325,1.5707963267948966,0.03,3055958.462454599,ST,0.060304330053810105
orbit_p0.0400.bin,1.0,0.4285714285714286,0.8,False,0.000954594233969325,1.5707963267948966,0.04,3055958.462454599,ST,0.07465475839005684
orbit_p0.0500.bin,1.0,0.4285714285714286,0.8,False,0.000954594233969325,1.5707963267948966,0.05,1687375.8462233706,CA,
orbit_p0.0600.bin,1.0,0.4285714285714286,0.8,False,0.000954594233969325,1.5707963267948966,0.06,174365.94154099337,CA,
