file,m_A (Msun),m_B (Msun),e,apapse,m_P (Msun),l (rad),a (AU),t_stop (day),stability,delta_r
orbit_p0.1200.bin,1.0,0.4285714285714286,0.5,False,0.000954594233969325,3.1415926535897927,0.12,3055958.462454599,ST,0.05350990321070217
orbit_p0.1300.bin,1.0,0.4285714285714286,0.5,False,0.000954594233969325,3.1415926535897927,0.13,3055958.462454599,ST,0.046589284796299
orbit_p0.1400.bin,1.0,0.4285714285714286,0.5,False,0.000954594233969325,3.1415926535897927,0.14,3055958.462454599,ST,0.04337075979646477
orbit_p0.1500.bin,1.0,0.4285714285714286,0.5,False,0.000954594233969325,3.1415926535897927,0.15000000000000002,3055958.462454599,ST,0.045179890316942355
orbit_p0.1600.bin,1.0,0.4285714285714286,0.5,False,0.000954594233969325,3.1415926535897927,0.16,3055958.462454599,ST,0.035684175510798076
