file,m_A (Msun),m_B (Msun),e,apapse,m_P (Msun),l (rad),a (AU),t_stop (day),stability,delta_r
orbit_p0.0150.bin,1.0,4.0,0.8,False,0.028637827019079756,3.1415926535897927,0.015,1633478.507816798,ST,0.025831988790368007
orbit_p0.0200.bin,1.0,4.0,0.8,False,0.028637827019079756,3.1415926535897927,0.02,1633478.507816798,ST,0.02938655214268237
orbit_p0.0250.bin,1.0,4.0,0.8,False,0.028637827019079756,3.1415926535897927,0.025,1633478.507816798,ST,0.029318335057658067
orbit_p0.0300.bin,1.0,4.0,0.8,False,0.028637827019079756,3.1415926535897927,0.03,1633478.507816798,ST,0.027850148650244145
orbit_p0.0350.bin,1.0,4.0,0.8,False,0.028637827019079756,3.1415926535897927,0.035,97544.03852521547,EJ,
