file,m_A (Msun),m_B (Msun),e,apapse,m_P (Msun),l (rad),a (AU),t_stop (day),stability,delta_r
orbit_a0.0150.bin,1.0,4.0,0.8,True,0.028637827019079756,3.1415926535897927,0.015,1633478.507816798,ST,0.02769922305232642
orbit_a0.0200.bin,1.0,4.0,0.8,True,0.028637827019079756,3.1415926535897927,0.02,1633478.507816798,ST,0.035330068022575045
orbit_a0.0250.bin,1.0,4.0,0.8,True,0.028637827019079756,3.1415926535897927,0.025,1633478.507816798,ST,0.03685823620208365
orbit_a0.0300.bin,1.0,4.0,0.8,True,0.028637827019079756,3.1415926535897927,0.03,1633478.507816798,ST,0.05801948123841102
orbit_a0.0350.bin,1.0,4.0,0.8,True,0.028637827019079756,3.1415926535897927,0.035,63804.49240320992,CA,
