file,m_A (Msun),m_B (Msun),e,apapse,m_P (Msun),l (rad),a (AU),t_stop (day),stability,delta_r
orbit_a0.1600.bin,1.0,2.333333333333333,0.1,True,0.000954594233969325,1.5707963267948966,0.16,2000594.4249770087,ST,0.037558225950749445
orbit_a0.1700.bin,1.0,2.333333333333333,0.1,True,0.000954594233969325,1.5707963267948966,0.16999999999999998,2000594.4249770087,ST,0.04568721189908016
orbit_a0.1800.bin,1.0,2.333333333333333,0.1,True,0.000954594233969325,1.5707963267948966,0.18,2000594.4249770087,ST,0.05916072707011246
orbit_a0.1900.bin,1.0,2.333333333333333,0.1,True,0.000954594233969325,1.5707963267948966,0.19,2000594.4249770087,ST,0.08994121464584814
orbit_a0.2000.bin,1.0,2.333333333333333,0.1,True,0.000954594233969325,1.5707963267948966,0.2,1691.5005870421292,CA,
