file,m_A (Msun),m_B (Msun),e,apapse,m_P (Msun),l (rad),a (AU),t_stop (day),stability,delta_r
orbit_a0.2100.bin,1.0,0.11111111111111112,0.4,True,0.028637827019079756,4.712388980384691,0.21,3465131.189399222,ST,0.09702261280194197
orbit_a0.2200.bin,1.0,0.11111111111111112,0.4,True,0.028637827019079756,4.712388980384691,0.22,3465131.189399222,ST,0.04050846165055792
orbit_a0.2300.bin,1.0,0.11111111111111112,0.4,True,0.028637827019079756,4.712388980384691,0.23,845324.428233858,CA,
orbit_a0.2400.bin,1.0,0.11111111111111112,0.4,True,0.028637827019079756,4.712388980384691,0.24,400596.3386455661,CA,
orbit_a0.2500.bin,1.0,0.11111111111111112,0.4,True,0.028637827019079756,4.712388980384691,0.25,146883.4923526476,CA,
