file,m_A (Msun),m_B (Msun),e,apapse,m_P (Msun),l (rad),a (AU),t_stop (day),stability,delta_r
orbit_a0.0200.bin,1.0,1.0,0.8,True,0.028637827019079756,0.0,0.02,2582756.29681712,ST,0.03901859134527788
orbit_a0.0300.bin,1.0,1.0,0.8,True,0.028637827019079756,0.0,0.03,2582756.29681712,ST,0.05236105954444314
orbit_a0.0400.bin,1.0,1.0,0.8,True,0.028637827019079756,0.0,0.04,2582756.29681712,ST,0.0546278280843927
orbit_a0.0500.bin,1.0,1.0,0.8,True,0.028637827019079756,0.0,0.05,414181.9955672357,EJ,
orbit_a0.0600.bin,1.0,1.0,0.8,True,0.028637827019079756,0.0,0.06,5308.68647124891,CA,
