file,m_A (Msun),m_B (Msun),e,apapse,m_P (Msun),l (rad),a (AU),t_stop (day),stability,delta_r
orbit_a0.1200.bin,1.0,2.333333333333333,0.3,True,0.028637827019079756,0.0,0.12,2000594.4249770087,ST,0.027888172870872967
orbit_a0.1300.bin,1.0,2.333333333333333,0.3,True,0.028637827019079756,0.0,0.13,2000594.4249770087,ST,0.0329537368154362
orbit_a0.1400.bin,1.0,2.333333333333333,0.3,True,0.028637827019079756,0.0,0.14,2000594.4249770087,ST,0.038939566375002344
orbit_a0.1500.bin,1.0,2.333333333333333,0.3,True,0.028637827019079756,0.0,0.15000000000000002,2000594.4249770087,ST,0.03402675896341588
orbit_a0.1600.bin,1.0,2.333333333333333,0.3,True,0.028637827019079756,0.0,0.16,133836.55726256946,CA,
