file,m_A (Msun),m_B (Msun),e,apapse,m_P (Msun),l (rad),a (AU),t_stop (day),stability,delta_r
orbit_p0.1200.bin,1.0,2.333333333333333,0.3,False,0.028637827019079756,0.0,0.12,2000594.4249770087,ST,0.03941730608087008
orbit_p0.1300.bin,1.0,2.333333333333333,0.3,False,0.028637827019079756,0.0,0.13,2000594.4249770087,ST,0.046727592804207824
orbit_p0.1400.bin,1.0,2.333333333333333,0.3,False,0.028637827019079756,0.0,0.14,2000594.4249770087,ST,0.05579292059153158
orbit_p0.1500.bin,1.0,2.333333333333333,0.3,False,0.028637827019079756,0.0,0.15000000000000002,2000594.4249770087,ST,0.0626280257552442
orbit_p0.1600.bin,1.0,2.333333333333333,0.3,False,0.028637827019079756,0.0,0.16,1072633.5170390564,CA,
