file,m_A (Msun),m_B (Msun),e,apapse,m_P (Msun),l (rad),a (AU),t_stop (day),stability,delta_r
orbit_a0.1100.bin,1.0,1.4999999999999998,0.4,True,0.028637827019079756,1.5707963267948966,0.11,2310087.4595994814,ST,0.03768427200914983
orbit_a0.1200.bin,1.0,1.4999999999999998,0.4,True,0.028637827019079756,1.5707963267948966,0.12,2310087.4595994814,ST,0.040868828075281353
orbit_a0.1300.bin,1.0,1.4999999999999998,0.4,True,0.028637827019079756,1.5707963267948966,0.13,2310087.4595994814,ST,0.037572370848501124
orbit_a0.1400.bin,1.0,1.4999999999999998,0.4,True,0.028637827019079756,1.5707963267948966,0.14,2310087.4595994814,ST,0.049620570091860314
orbit_a0.1500.bin,1.0,1.4999999999999998,0.4,True,0.028637827019079756,1.5707963267948966,0.15,2310087.4595994814,ST,0.05034250653326516
