file,m_A (Msun),m_B (Msun),e,apapse,m_P (Msun),l (rad),a (AU),t_stop (day),stability,delta_r
orbit_p0.0900.bin,1.0,0.4285714285714286,0.6,False,0.000954594233969325,0.0,0.09,3055958.462454599,ST,0.07341176036601742
orbit_p0.1000.bin,1.0,0.4285714285714286,0.6,False,0.000954594233969325,0.0,0.1,3055958.462454599,ST,0.08109475040815249
orbit_p0.1100.bin,1.0,0.4285714285714286,0.6,False,0.000954594233969325,0.0,0.11,3055958.462454599,ST,0.0864784648128249
orbit_p0.1200.bin,1.0,0.4285714285714286,0.6,False,0.000954594233969325,0.0,0.12,1336179.4417798957,CA,
orbit_p0.1300.bin,1.0,0.4285714285714286,0.6,False,0.000954594233969325,0.0,0.13,26579.3324466322,CA,
