file,m_A (Msun),m_B (Msun),e,apapse,m_P (Msun),l (rad),a (AU),t_stop (day),stability,delta_r
orbit_p0.1000.bin,1.0,1.0,0.5,False,0.028637827019079756,1.5707963267948966,0.1,2582756.29681712,ST,0.04982456197111245
orbit_p0.1100.bin,1.0,1.0,0.5,False,0.028637827019079756,1.5707963267948966,0.11,2582756.29681712,ST,0.06870127773391564
orbit_p0.1200.bin,1.0,1.0,0.5,False,0.028637827019079756,1.5707963267948966,0.12,2582756.29681712,ST,0.0707892925981588
orbit_p0.1300.bin,1.0,1.0,0.5,False,0.028637827019079756,1.5707963267948966,0.13,39220.682389952664,CA,
orbit_p0.1400.bin,1.0,1.0,0.5,False,0.028637827019079756,1.5707963267948966,0.14,4163.677508132349,CA,
