file,m_A (Msun),m_B (Msun),e,apapse,m_P (Msun),l (rad),a (AU),t_stop (day),stability,delta_r
orbit_a0.0800.bin,1.0,9.0,0.2,True,0.000954594233969325,1.5707963267948966,0.08,1155043.7297997407,ST,0.018576707512230155
orbit_a0.0900.bin,1.0,9.0,0.2,True,0.000954594233969325,1.5707963267948966,0.09000000000000001,1155043.7297997407,ST,0.024066090166575883
orbit_a0.1000.bin,1.0,9.0,0.2,True,0.000954594233969325,1.5707963267948966,0.1,1155043.7297997407,ST,0.03571362360450921
orbit_a0.1100.bin,1.0,9.0,0.2,True,0.000954594233969325,1.5707963267948966,0.11,137542.39836616995,CB,
orbit_a0.1200.bin,1.0,9.0,0.2,True,0.000954594233969325,1.5707963267948966,0.12,15320.493049502556,CA,
