file,m_A (Msun),m_B (Msun),e,apapse,m_P (Msun),l (rad),a (AU),t_stop (day),stability,delta_r
orbit_p0.0250.bin,1.0,1.5,0.8,False,0.000954594233969325,0.0,0.025,2310087.4595994814,ST,0.04931098544540479
orbit_p0.0300.bin,1.0,1.5,0.8,False,0.000954594233969325,0.0,0.03,2310087.4595994814,ST,0.055457951977750504
orbit_p0.0350.bin,1.0,1.5,0.8,False,0.000954594233969325,0.0,0.035,2310087.4595994814,ST,0.083024519814285
orbit_p0.0400.bin,1.0,1.5,0.8,False,0.000954594233969325,0.0,0.04,582909.0206814975,EJ,
orbit_p0.0450.bin,1.0,1.5,0.8,False,0.000954594233969325,0.0,0.045000000000000005,646562.2483846401,CA,
