file,m_A (Msun),m_B (Msun),e,apapse,m_P (Msun),l (rad),a (AU),t_stop (day),stability,delta_r
orbit_p0.29.bin,1.0,0.4285714285714286,0.1,False,0.0,3.1415926535897927,0.29,3055958.462454599,ST,0.03676628240180287
orbit_p0.30.bin,1.0,0.4285714285714286,0.1,False,0.0,3.1415926535897927,0.3,3055958.462454599,ST,0.041434443806832665
orbit_p0.31.bin,1.0,0.4285714285714286,0.1,False,0.0,3.1415926535897927,0.31,3055958.462454599,ST,0.056575312615475604
orbit_p0.32.bin,1.0,0.4285714285714286,0.1,False,0.0,3.1415926535897927,0.32,3055958.462454599,ST,0.04392115449520107
