file,m_A (Msun),m_B (Msun),e,apapse,m_P (Msun),l (rad),a (AU),t_stop (day),stability,delta_r
orbit_a0.4300.bin,1.0,0.11111111111111112,0.0,True,0.000954594233969325,1.5707963267948966,0.43,3465131.189399222,ST,0.05387551889930872
orbit_a0.4400.bin,1.0,0.11111111111111112,0.0,True,0.000954594233969325,1.5707963267948966,0.44,3465131.189399222,ST,0.06370515859456323
orbit_a0.4500.bin,1.0,0.11111111111111112,0.0,True,0.000954594233969325,1.5707963267948966,0.45,3465131.189399222,ST,0.07466529857263439
orbit_a0.4600.bin,1.0,0.11111111111111112,0.0,True,0.000954594233969325,1.5707963267948966,0.46,754441.4575928205,CA,
orbit_a0.4700.bin,1.0,0.11111111111111112,0.0,True,0.000954594233969325,1.5707963267948966,0.47,1817.0157631132085,CA,
