file,m_A (Msun),m_B (Msun),e,apapse,m_P (Msun),l (rad),a (AU),t_stop (day),stability,delta_r
orbit_a0.0700.bin,1.0,9.0,0.3,True,0.000954594233969325,0.0,0.06999999999999999,1155043.7297997407,ST,0.01969582666389679
orbit_a0.0800.bin,1.0,9.0,0.3,True,0.000954594233969325,0.0,0.08,1155043.7297997407,ST,0.023729859419065278
orbit_a0.0900.bin,1.0,9.0,0.3,True,0.000954594233969325,0.0,0.09,1155043.7297997407,ST,0.027460887299603713
orbit_a0.1000.bin,1.0,9.0,0.3,True,0.000954594233969325,0.0,0.1,1155043.7297997407,ST,0.04434671833308529
orbit_a0.1100.bin,1.0,9.0,0.3,True,0.000954594233969325,0.0,0.11,2390.386202309331,CA,
