file,m_A (Msun),m_B (Msun),e,apapse,m_P (Msun),l (rad),a (AU),t_stop (day),stability,delta_r
orbit_p0.0900.bin,1.0,9.0,0.1,False,0.028637827019079756,4.712388980384691,0.09,1155043.7297997407,ST,0.03195590631780108
orbit_p0.1000.bin,1.0,9.0,0.1,False,0.028637827019079756,4.712388980384691,0.1,1155043.7297997407,ST,0.0501168970448732
orbit_p0.1100.bin,1.0,9.0,0.1,False,0.028637827019079756,4.712388980384691,0.11,1155043.7297997407,ST,0.08322103916556287
orbit_p0.1200.bin,1.0,9.0,0.1,False,0.028637827019079756,4.712388980384691,0.12,9602.338505868736,CA,
orbit_p0.1300.bin,1.0,9.0,0.1,False,0.028637827019079756,4.712388980384691,0.13,4762.9995517549705,CA,
