file,m_A (Msun),m_B (Msun),e,apapse,m_P (Msun),l (rad),a (AU),t_stop (day),stability,delta_r
orbit_p0.1100.bin,1.0,1.4999999999999998,0.4,False,0.028637827019079756,3.1415926535897927,0.11,2310087.4595994814,ST,0.028015420224618358
orbit_p0.1200.bin,1.0,1.4999999999999998,0.4,False,0.028637827019079756,3.1415926535897927,0.12,2310087.4595994814,ST,0.028553791397476744
orbit_p0.1300.bin,1.0,1.4999999999999998,0.4,False,0.028637827019079756,3.1415926535897927,0.13,2310087.4595994814,ST,0.029716288177935424
orbit_p0.1400.bin,1.0,1.4999999999999998,0.4,False,0.028637827019079756,3.1415926535897927,0.14,2310087.4595994814,ST,0.03374738701750909
orbit_p0.1500.bin,1.0,1.4999999999999998,0.4,False,0.028637827019079756,3.1415926535897927,0.15,2310087.4595994814,ST,0.04767395066227661
