file,m_A (Msun),m_B (Msun),e,apapse,m_P (Msun),l (rad),a (AU),t_stop (day),stability,delta_r
orbit_a0.1100.bin,1.0,1.4999999999999998,0.4,True,0.028637827019079756,3.1415926535897927,0.11,2310087.4595994814,ST,0.03649695053565164
orbit_a0.1200.bin,1.0,1.4999999999999998,0.4,True,0.028637827019079756,3.1415926535897927,0.12,2310087.4595994814,ST,0.03700369706534977
orbit_a0.1300.bin,1.0,1.4999999999999998,0.4,True,0.028637827019079756,3.1415926535897927,0.13,2310087.4595994814,ST,0.04141518478866648
orbit_a0.1400.bin,1.0,1.4999999999999998,0.4,True,0.028637827019079756,3.1415926535897927,0.14,2310087.4595994814,ST,0.03003762252633365
orbit_a0.1500.bin,1.0,1.4999999999999998,0.4,True,0.028637827019079756,3.1415926535897927,0.15,2310087.4595994814,ST,0.050573453667055575
