file,m_A (Msun),m_B (Msun),e,apapse,m_P (Msun),l (rad),a (AU),t_stop (day),stability,delta_r
orbit_a0.0900.bin,1.0,0.6666666666666667,0.6,True,0.0,0.0,0.09,2829267.7686104896,ST,0.061139590026122154
orbit_a0.1000.bin,1.0,0.6666666666666667,0.6,True,0.0,0.0,0.1,2829267.7686104896,ST,0.057222457981687506
orbit_a0.1100.bin,1.0,0.6666666666666667,0.6,True,0.0,0.0,0.11,2829267.7686104896,ST,0.03151570284223508
orbit_a0.1200.bin,1.0,0.6666666666666667,0.6,True,0.0,0.0,0.12,11452.315936105892,CA,
