file,m_A (Msun),m_B (Msun),e,apapse,m_P (Msun),l (rad),a (AU),t_stop (day),stability,delta_r
orbit_p0.0900.bin,1.0,0.6666666666666667,0.6,False,0.0,0.0,0.09,2829267.7686104896,ST,0.07018287821452805
orbit_p0.1000.bin,1.0,0.6666666666666667,0.6,False,0.0,0.0,0.1,2829267.7686104896,ST,0.07447927021534202
orbit_p0.1100.bin,1.0,0.6666666666666667,0.6,False,0.0,0.0,0.11,1576465.333526133,CA,
orbit_p0.1200.bin,1.0,0.6666666666666667,0.6,False,0.0,0.0,0.12,86279.59411209973,CA,
