file,m_A (Msun),m_B (Msun),e,apapse,m_P (Msun),l (rad),a (AU),t_stop (day),stability,delta_r
orbit_a0.0500.bin,1.0,0.6666666666666667,0.7,True,0.028637827019079756,3.1415926535897927,0.05,2829267.7686104896,ST,0.05662644860710013
orbit_a0.0600.bin,1.0,0.6666666666666667,0.7,True,0.028637827019079756,3.1415926535897927,0.06000000000000001,2829267.7686104896,ST,0.06396835700083409
orbit_a0.0700.bin,1.0,0.6666666666666667,0.7,True,0.028637827019079756,3.1415926535897927,0.07,2829267.7686104896,ST,0.16067977583752205
orbit_a0.0800.bin,1.0,0.6666666666666667,0.7,True,0.028637827019079756,3.1415926535897927,0.08,1646931.5291926858,CA,
orbit_a0.0900.bin,1.0,0.6666666666666667,0.7,True,0.028637827019079756,3.1415926535897927,0.09000000000000001,28983.442306676217,CA,
