file,m_A (Msun),m_B (Msun),e,apapse,m_P (Msun),l (rad),a (AU),t_stop (day),stability,delta_r
orbit_p0.0500.bin,1.0,0.6666666666666667,0.7,False,0.028637827019079756,3.1415926535897927,0.05,2829267.7686104896,ST,0.05154519620594029
orbit_p0.0600.bin,1.0,0.6666666666666667,0.7,False,0.028637827019079756,3.1415926535897927,0.06000000000000001,2829267.7686104896,ST,0.0557390143317101
orbit_p0.0700.bin,1.0,0.6666666666666667,0.7,False,0.028637827019079756,3.1415926535897927,0.07,2829267.7686104896,ST,0.10790191100814746
orbit_p0.0800.bin,1.0,0.6666666666666667,0.7,False,0.028637827019079756,3.1415926535897927,0.08,1403429.5641100523,CA,
orbit_p0.0900.bin,1.0,0.6666666666666667,0.7,False,0.028637827019079756,3.1415926535897927,0.09000000000000001,45930.631205301914,CA,
