file,m_A (Msun),m_B (Msun),e,apapse,m_P (Msun),l (rad),a (AU),t_stop (day),stability,delta_r
orbit_a0.1600.bin,1.0,1.0,0.3,True,0.000954594233969325,4.712388980384691,0.16,2582756.29681712,ST,0.0421520345533136
orbit_a0.1700.bin,1.0,1.0,0.3,True,0.000954594233969325,4.712388980384691,0.16999999999999998,2582756.29681712,ST,0.04266614193373996
orbit_a0.1800.bin,1.0,1.0,0.3,True,0.000954594233969325,4.712388980384691,0.18,2582756.29681712,ST,0.03784079160091089
orbit_a0.1900.bin,1.0,1.0,0.3,True,0.000954594233969325,4.712388980384691,0.19,2582756.29681712,ST,0.045431028688484615
orbit_a0.2000.bin,1.0,1.0,0.3,True,0.000954594233969325,4.712388980384691,0.2,75126.38810724331,CA,
