file,m_A (Msun),m_B (Msun),e,apapse,m_P (Msun),l (rad),a (AU),t_stop (day),stability,delta_r
orbit_p0.1600.bin,1.0,1.0,0.3,False,0.000954594233969325,4.712388980384691,0.16,2582756.29681712,ST,0.05606566752884434
orbit_p0.1700.bin,1.0,1.0,0.3,False,0.000954594233969325,4.712388980384691,0.16999999999999998,2582756.29681712,ST,0.12730433219739956
orbit_p0.1800.bin,1.0,1.0,0.3,False,0.000954594233969325,4.712388980384691,0.18,2582756.29681712,ST,0.1083278609847474
orbit_p0.1900.bin,1.0,1.0,0.3,False,0.000954594233969325,4.712388980384691,0.19,11421.3511670053,CA,
orbit_p0.2000.bin,1.0,1.0,0.3,False,0.000954594233969325,4.712388980384691,0.2,3874.424292296272,CA,
