file,m_A (Msun),m_B (Msun),e,apapse,m_P (Msun),l (rad),a (AU),t_stop (day),stability,delta_r
orbit_p0.0100.bin,1.0,2.333333333333333,0.8,False,0.028637827019079756,0.0,0.009999999999999998,2000594.4249770087,ST,0.02022251017812309
orbit_p0.0200.bin,1.0,2.333333333333333,0.8,False,0.028637827019079756,0.0,0.02,2000594.4249770087,ST,0.03755923447764077
orbit_p0.0300.bin,1.0,2.333333333333333,0.8,False,0.028637827019079756,0.0,0.03,2000594.4249770087,ST,0.0543122339568696
orbit_p0.0400.bin,1.0,2.333333333333333,0.8,False,0.028637827019079756,0.0,0.04,837606.4823814189,CA,
orbit_p0.0500.bin,1.0,2.333333333333333,0.8,False,0.028637827019079756,0.0,0.05,23054.959937778047,CA,
