file,m_A (Msun),m_B (Msun),e,apapse,m_P (Msun),l (rad),a (AU),t_stop (day),stability,delta_r
orbit_a0.0100.bin,1.0,2.333333333333333,0.8,True,0.028637827019079756,0.0,0.009999999999999998,2000594.4249770087,ST,0.020103701119580892
orbit_a0.0200.bin,1.0,2.333333333333333,0.8,True,0.028637827019079756,0.0,0.02,2000594.4249770087,ST,0.03620409410600456
orbit_a0.0300.bin,1.0,2.333333333333333,0.8,True,0.028637827019079756,0.0,0.03,2000594.4249770087,ST,0.04444283436458889
orbit_a0.0400.bin,1.0,2.333333333333333,0.8,True,0.028637827019079756,0.0,0.04,432551.9563543,CA,
orbit_a0.0500.bin,1.0,2.333333333333333,0.8,True,0.028637827019079756,0.0,0.05,925.9948148022933,CA,
