file,m_A (Msun),m_B (Msun),e,apapse,m_P (Msun),l (rad),a (AU),t_stop (day),stability,delta_r
orbit_a0.3200.bin,1.0,0.11111111111111112,0.2,True,0.028637827019079756,4.712388980384691,0.32,3465131.189399222,ST,0.025473120651826164
orbit_a0.3300.bin,1.0,0.11111111111111112,0.2,True,0.028637827019079756,4.712388980384691,0.33,2077819.9354943668,CA,
orbit_a0.3400.bin,1.0,0.11111111111111112,0.2,True,0.028637827019079756,4.712388980384691,0.34,46287.202407689314,CA,
orbit_a0.3500.bin,1.0,0.11111111111111112,0.2,True,0.028637827019079756,4.712388980384691,0.35,460133.54576440685,CA,
orbit_a0.3600.bin,1.0,0.11111111111111112,0.2,True,0.028637827019079756,4.712388980384691,0.36,148827.95139072245,CA,
