file,m_A (Msun),m_B (Msun),e,apapse,m_P (Msun),l (rad),a (AU),t_stop (day),stability,delta_r
orbit_a0.25.bin,1.0,1.0,0.0,True,0.0,0.7853981633974483,0.25,2582756.29681712,ST,0.05810622263017681
orbit_a0.26.bin,1.0,1.0,0.0,True,0.0,0.7853981633974483,0.26,2582756.29681712,ST,0.0688885923765999
orbit_a0.27.bin,1.0,1.0,0.0,True,0.0,0.7853981633974483,0.27,2582756.29681712,ST,0.08650781363432763
orbit_a0.28.bin,1.0,1.0,0.0,True,0.0,0.7853981633974483,0.28,2582756.29681712,ST,0.1430915794019515
