file,m_A (Msun),m_B (Msun),e,apapse,m_P (Msun),l (rad),a (AU),t_stop (day),stability,delta_r
orbit_a0.25.bin,1.0,1.0,0.0,True,0.0,5.497787143782138,0.25,2582756.29681712,ST,0.05719249017282532
orbit_a0.26.bin,1.0,1.0,0.0,True,0.0,5.497787143782138,0.26,2582756.29681712,ST,0.06816369246247048
orbit_a0.27.bin,1.0,1.0,0.0,True,0.0,5.497787143782138,0.27,2582756.29681712,ST,0.08569985121241538
orbit_a0.28.bin,1.0,1.0,0.0,True,0.0,5.497787143782138,0.28,2582756.29681712,ST,0.14199600311104255
