file,m_A (Msun),m_B (Msun),e,apapse,m_P (Msun),l (rad),a (AU),t_stop (day),stability,delta_r
orbit_a0.1100.bin,1.0,0.6666666666666667,0.5,True,0.000954594233969325,1.5707963267948966,0.11,2829267.7686104896,ST,0.05528129049359219
orbit_a0.1200.bin,1.0,0.6666666666666667,0.5,True,0.000954594233969325,1.5707963267948966,0.12,2829267.7686104896,ST,0.05548439879899913
orbit_a0.1300.bin,1.0,0.6666666666666667,0.5,True,0.000954594233969325,1.5707963267948966,0.13,2829267.7686104896,ST,0.052288127389307076
orbit_a0.1400.bin,1.0,0.6666666666666667,0.5,True,0.000954594233969325,1.5707963267948966,0.14,282679.9833912195,CA,
orbit_a0.1500.bin,1.0,0.6666666666666667,0.5,True,0.000954594233969325,1.5707963267948966,0.15,68959.1509756119,CA,
