file,m_A (Msun),m_B (Msun),e,apapse,m_P (Msun),l (rad),a (AU),t_stop (day),stability,delta_r
orbit_p0.1100.bin,1.0,0.6666666666666667,0.5,False,0.000954594233969325,1.5707963267948966,0.11,2829267.7686104896,ST,0.05682521688533409
orbit_p0.1200.bin,1.0,0.6666666666666667,0.5,False,0.000954594233969325,1.5707963267948966,0.12,2829267.7686104896,ST,0.06379025342065196
orbit_p0.1300.bin,1.0,0.6666666666666667,0.5,False,0.000954594233969325,1.5707963267948966,0.13,2829267.7686104896,ST,0.07473702457398516
orbit_p0.1400.bin,1.0,0.6666666666666667,0.5,False,0.000954594233969325,1.5707963267948966,0.14,485013.5364150063,CA,
orbit_p0.1500.bin,1.0,0.6666666666666667,0.5,False,0.000954594233969325,1.5707963267948966,0.15,28903.852833204433,CA,
