file,m_A (Msun),m_B (Msun),e,apapse,m_P (Msun),l (rad),a (AU),t_stop (day),stability,delta_r
orbit_a0.0700.bin,1.0,9.0,0.3,True,0.028637827019079756,1.5707963267948966,0.06999999999999999,1155043.7297997407,ST,0.019156323668227615
orbit_a0.0800.bin,1.0,9.0,0.3,True,0.028637827019079756,1.5707963267948966,0.08,1155043.7297997407,ST,0.023390115326375846
orbit_a0.0900.bin,1.0,9.0,0.3,True,0.028637827019079756,1.5707963267948966,0.09,1155043.7297997407,ST,0.027768443353446515
orbit_a0.1000.bin,1.0,9.0,0.3,True,0.028637827019079756,1.5707963267948966,0.1,1155043.7297997407,ST,0.03721640175209642
orbit_a0.1100.bin,1.0,9.0,0.3,True,0.028637827019079756,1.5707963267948966,0.11,2636.792332668961,EJ,
