file,m_A (Msun),m_B (Msun),e,apapse,m_P (Msun),l (rad),a (AU),t_stop (day),stability,delta_r
orbit_a0.36.bin,1.0,0.4285714285714286,0.0,True,0.0,3.1415926535897927,0.36,3055958.462454599,ST,0.0689844829042249
orbit_a0.37.bin,1.0,0.4285714285714286,0.0,True,0.0,3.1415926535897927,0.37,3055958.462454599,ST,0.07699996413847442
orbit_a0.38.bin,1.0,0.4285714285714286,0.0,True,0.0,3.1415926535897927,0.38,3055958.462454599,ST,0.08236632296650319
orbit_a0.39.bin,1.0,0.4285714285714286,0.0,True,0.0,3.1415926535897927,0.39,3055958.462454599,ST,0.09318564373124628
