file,m_A (Msun),m_B (Msun),e,apapse,m_P (Msun),l (rad),a (AU),t_stop (day),stability,delta_r
orbit_p0.0250.bin,1.0,1.5,0.8,False,0.000954594233969325,3.1415926535897927,0.025,2310087.4595994814,ST,0.04291545774637591
orbit_p0.0300.bin,1.0,1.5,0.8,False,0.000954594233969325,3.1415926535897927,0.03,2310087.4595994814,ST,0.04474613556347513
orbit_p0.0350.bin,1.0,1.5,0.8,False,0.000954594233969325,3.1415926535897927,0.035,2310087.4595994814,ST,0.04228370522655749
orbit_p0.0400.bin,1.0,1.5,0.8,False,0.000954594233969325,3.1415926535897927,0.04,2310087.4595994814,ST,0.03577958561525813
orbit_p0.0450.bin,1.0,1.5,0.8,False,0.000954594233969325,3.1415926535897927,0.045000000000000005,305899.4930057939,CA,
