file,m_A (Msun),m_B (Msun),e,apapse,m_P (Msun),l (rad),a (AU),t_stop (day),stability,delta_r
orbit_a0.0250.bin,1.0,1.5,0.8,True,0.000954594233969325,3.1415926535897927,0.025,2310087.4595994814,ST,0.04675566127151893
orbit_a0.0300.bin,1.0,1.5,0.8,True,0.000954594233969325,3.1415926535897927,0.03,2310087.4595994814,ST,0.05127542782632412
orbit_a0.0350.bin,1.0,1.5,0.8,True,0.000954594233969325,3.1415926535897927,0.035,2310087.4595994814,ST,0.052953782179396156
orbit_a0.0400.bin,1.0,1.5,0.8,True,0.000954594233969325,3.1415926535897927,0.04,466186.0207275154,CA,
orbit_a0.0450.bin,1.0,1.5,0.8,True,0.000954594233969325,3.1415926535897927,0.045000000000000005,126701.09456800124,CA,
