file,m_A (Msun),m_B (Msun),e,apapse,m_P (Msun),l (rad),a (AU),t_stop (day),stability,delta_r
orbit_a0.1600.bin,1.0,0.4285714285714286,0.4,True,0.000954594233969325,0.0,0.16,3055958.462454599,ST,0.05224508699133698
orbit_a0.1700.bin,1.0,0.4285714285714286,0.4,True,0.000954594233969325,0.0,0.16999999999999998,3055958.462454599,ST,0.06354785365602776
orbit_a0.1800.bin,1.0,0.4285714285714286,0.4,True,0.000954594233969325,0.0,0.18,3055958.462454599,ST,0.06710289610745045
orbit_a0.1900.bin,1.0,0.4285714285714286,0.4,True,0.000954594233969325,0.0,0.19,3055958.462454599,ST,0.050397757237736984
orbit_a0.2000.bin,1.0,0.4285714285714286,0.4,True,0.000954594233969325,0.0,0.2,3055958.462454599,ST,0.02802865641332902
