file,m_A (Msun),m_B (Msun),e,apapse,m_P (Msun),l (rad),a (AU),t_stop (day),stability,delta_r
orbit_a0.1400.bin,1.0,2.333333333333333,0.2,True,0.028637827019079756,1.5707963267948966,0.14,2000594.4249770087,ST,0.028889825902394455
orbit_a0.1500.bin,1.0,2.333333333333333,0.2,True,0.028637827019079756,1.5707963267948966,0.15,2000594.4249770087,ST,0.03264796850345696
orbit_a0.1600.bin,1.0,2.333333333333333,0.2,True,0.028637827019079756,1.5707963267948966,0.16,2000594.4249770087,ST,0.04009720647426362
orbit_a0.1700.bin,1.0,2.333333333333333,0.2,True,0.028637827019079756,1.5707963267948966,0.17,2000594.4249770087,ST,0.046940057533138076
orbit_a0.1800.bin,1.0,2.333333333333333,0.2,True,0.028637827019079756,1.5707963267948966,0.18,9496.881088349466,CA,
