file,m_A (Msun),m_B (Msun),e,apapse,m_P (Msun),l (rad),a (AU),t_stop (day),stability,delta_r
orbit_p0.1400.bin,1.0,2.333333333333333,0.2,False,0.028637827019079756,1.5707963267948966,0.14,2000594.4249770087,ST,0.05109805886346738
orbit_p0.1500.bin,1.0,2.333333333333333,0.2,False,0.028637827019079756,1.5707963267948966,0.15,2000594.4249770087,ST,0.0689282240338824
orbit_p0.1600.bin,1.0,2.333333333333333,0.2,False,0.028637827019079756,1.5707963267948966,0.16,2000594.4249770087,ST,0.09605636943485948
orbit_p0.1700.bin,1.0,2.333333333333333,0.2,False,0.028637827019079756,1.5707963267948966,0.17,5804.547089660296,CA,
orbit_p0.1800.bin,1.0,2.333333333333333,0.2,False,0.028637827019079756,1.5707963267948966,0.18,8288.265925551697,CA,
