file,m_A (Msun),m_B (Msun),e,apapse,m_P (Msun),l (rad),a (AU),t_stop (day),stability,delta_r
orbit_a0.3600.bin,1.0,0.25,0.0,True,0.000954594233969325,0.0,0.36,3266957.015633596,ST,0.03885358438603766
orbit_a0.3700.bin,1.0,0.25,0.0,True,0.000954594233969325,0.0,0.37,3266957.015633596,ST,0.041934123345797575
orbit_a0.3800.bin,1.0,0.25,0.0,True,0.000954594233969325,0.0,0.38,3266957.015633596,ST,0.04637201917183494
orbit_a0.3900.bin,1.0,0.25,0.0,True,0.000954594233969325,0.0,0.39,3266957.015633596,ST,0.05228230932255022
orbit_a0.4000.bin,1.0,0.25,0.0,True,0.000954594233969325,0.0,0.4,52690.770448807794,CA,
