file,m_A (Msun),m_B (Msun),e,apapse,m_P (Msun),l (rad),a (AU),t_stop (day),stability,delta_r
orbit_p0.3600.bin,1.0,0.25,0.0,False,0.000954594233969325,0.0,0.36,3266957.015633596,ST,0.042808218344928956
orbit_p0.3700.bin,1.0,0.25,0.0,False,0.000954594233969325,0.0,0.37,3266957.015633596,ST,0.046187522781993354
orbit_p0.3800.bin,1.0,0.25,0.0,False,0.000954594233969325,0.0,0.38,3266957.015633596,ST,0.051749208601381116
orbit_p0.3900.bin,1.0,0.25,0.0,False,0.000954594233969325,0.0,0.39,3266957.015633596,ST,0.058486822429309526
orbit_p0.4000.bin,1.0,0.25,0.0,False,0.000954594233969325,0.0,0.4,3266957.015633596,ST,0.06681381777772251
