file,m_A (Msun),m_B (Msun),e,apapse,m_P (Msun),l (rad),a (AU),t_stop (day),stability,delta_r
orbit_a0.3700.bin,1.0,0.25,0.0,True,0.0,0.0,0.37,3266957.015633596,ST,0.04192064743582509
orbit_a0.3800.bin,1.0,0.25,0.0,True,0.0,0.0,0.38,3266957.015633596,ST,0.0461108091609914
orbit_a0.3900.bin,1.0,0.25,0.0,True,0.0,0.0,0.39,3266957.015633596,ST,0.05173308702755622
orbit_a0.4000.bin,1.0,0.25,0.0,True,0.0,0.0,0.4,3266957.015633596,ST,0.10317421528810947
