file,m_A (Msun),m_B (Msun),e,apapse,m_P (Msun),l (rad),a (AU),t_stop (day),stability,delta_r
orbit_p0.2500.bin,1.0,0.25,0.2,False,0.000954594233969325,0.0,0.25,3266957.015633596,ST,0.04869512669524051
orbit_p0.2600.bin,1.0,0.25,0.2,False,0.000954594233969325,0.0,0.26,3266957.015633596,ST,0.05886469045092101
orbit_p0.2700.bin,1.0,0.25,0.2,False,0.000954594233969325,0.0,0.27,3266957.015633596,ST,0.05259803921677479
orbit_p0.2800.bin,1.0,0.25,0.2,False,0.000954594233969325,0.0,0.28,3266957.015633596,ST,0.05904942383045972
orbit_p0.2900.bin,1.0,0.25,0.2,False,0.000954594233969325,0.0,0.29000000000000004,3266957.015633596,ST,0.0678432508545174
