file,m_A (Msun),m_B (Msun),e,apapse,m_P (Msun),l (rad),a (AU),t_stop (day),stability,delta_r
orbit_a0.0200.bin,1.0,4.0,0.8,True,0.0,4.712388980384691,0.02,1633478.507816798,ST,0.03546148431716253
orbit_a0.0250.bin,1.0,4.0,0.8,True,0.0,4.712388980384691,0.025,1633478.507816798,ST,0.0378985017434605
orbit_a0.0300.bin,1.0,4.0,0.8,True,0.0,4.712388980384691,0.03,1633478.507816798,ST,0.11724769736360711
orbit_a0.0350.bin,1.0,4.0,0.8,True,0.0,4.712388980384691,0.035,131903.59196351064,CA,
