file,m_A (Msun),m_B (Msun),e,apapse,m_P (Msun),l (rad),a (AU),t_stop (day),stability,delta_r
orbit_p0.0200.bin,1.0,4.0,0.8,False,0.0,4.712388980384691,0.02,1633478.507816798,ST,0.03581319788958945
orbit_p0.0250.bin,1.0,4.0,0.8,False,0.0,4.712388980384691,0.025,1633478.507816798,ST,0.04312083524726299
orbit_p0.0300.bin,1.0,4.0,0.8,False,0.0,4.712388980384691,0.03,300133.07505893,CA,
orbit_p0.0350.bin,1.0,4.0,0.8,False,0.0,4.712388980384691,0.035,49169.803803547366,CA,
