file,m_A (Msun),m_B (Msun),e,apapse,m_P (Msun),l (rad),a (AU),t_stop (day),stability,delta_r
orbit_p0.0400.bin,1.0,9.0,0.5,False,0.000954594233969325,0.0,0.04,1155043.7297997407,ST,0.025002603456397703
orbit_p0.0500.bin,1.0,9.0,0.5,False,0.000954594233969325,0.0,0.05,1155043.7297997407,ST,0.03179085292753601
orbit_p0.0600.bin,1.0,9.0,0.5,False,0.000954594233969325,0.0,0.06,1155043.7297997407,ST,0.0475312265161104
orbit_p0.0700.bin,1.0,9.0,0.5,False,0.000954594233969325,0.0,0.06999999999999999,1155043.7297997407,ST,0.06465144072060822
orbit_p0.0800.bin,1.0,9.0,0.5,False,0.000954594233969325,0.0,0.08,36015.32316635477,EJ,
