file,m_A (Msun),m_B (Msun),e,apapse,m_P (Msun),l (rad),a (AU),t_stop (day),stability,delta_r
orbit_a0.0400.bin,1.0,9.0,0.5,True,0.000954594233969325,0.0,0.04,1155043.7297997407,ST,0.02222992010830156
orbit_a0.0500.bin,1.0,9.0,0.5,True,0.000954594233969325,0.0,0.05,1155043.7297997407,ST,0.02481533456682555
orbit_a0.0600.bin,1.0,9.0,0.5,True,0.000954594233969325,0.0,0.06,1155043.7297997407,ST,0.025953375326478224
orbit_a0.0700.bin,1.0,9.0,0.5,True,0.000954594233969325,0.0,0.06999999999999999,1155043.7297997407,ST,0.019751554373667275
orbit_a0.0800.bin,1.0,9.0,0.5,True,0.000954594233969325,0.0,0.08,3094.9631716933623,EJ,
