file,m_A (Msun),m_B (Msun),e,apapse,m_P (Msun),l (rad),a (AU),t_stop (day),stability,delta_r
orbit_p0.0700.bin,1.0,9.0,0.3,False,0.000954594233969325,4.712388980384691,0.06999999999999999,1155043.7297997407,ST,0.0345541153052143
orbit_p0.0800.bin,1.0,9.0,0.3,False,0.000954594233969325,4.712388980384691,0.08,1155043.7297997407,ST,0.05688246843424823
orbit_p0.0900.bin,1.0,9.0,0.3,False,0.000954594233969325,4.712388980384691,0.09,1155043.7297997407,ST,0.10728121515754217
orbit_p0.1000.bin,1.0,9.0,0.3,False,0.000954594233969325,4.712388980384691,0.1,10213.010853888836,EJ,
orbit_p0.1100.bin,1.0,9.0,0.3,False,0.000954594233969325,4.712388980384691,0.11,1024.1290020869576,CA,
