file,m_A (Msun),m_B (Msun),e,apapse,m_P (Msun),l (rad),a (AU),t_stop (day),stability,delta_r
orbit_p0.1000.bin,1.0,0.25,0.6,False,0.000954594233969325,1.5707963267948966,0.1,3266957.015633596,ST,0.08571636534470471
orbit_p0.1100.bin,1.0,0.25,0.6,False,0.000954594233969325,1.5707963267948966,0.11,3266957.015633596,ST,0.07369729287021615
orbit_p0.1200.bin,1.0,0.25,0.6,False,0.000954594233969325,1.5707963267948966,0.12,2425544.4763715733,CA,
orbit_p0.1300.bin,1.0,0.25,0.6,False,0.000954594233969325,1.5707963267948966,0.13,2135763.416376225,CA,
orbit_p0.1400.bin,1.0,0.25,0.6,False,0.000954594233969325,1.5707963267948966,0.14,123112.48169941796,CA,
