file,m_A (Msun),m_B (Msun),e,apapse,m_P (Msun),l (rad),a (AU),t_stop (day),stability,delta_r
orbit_p0.0700.bin,1.0,2.333333333333333,0.5,False,0.000954594233969325,0.0,0.06999999999999999,2000594.4249770087,ST,0.04095792453846275
orbit_p0.0800.bin,1.0,2.333333333333333,0.5,False,0.000954594233969325,0.0,0.08,2000594.4249770087,ST,0.04761540224999426
orbit_p0.0900.bin,1.0,2.333333333333333,0.5,False,0.000954594233969325,0.0,0.09,2000594.4249770087,ST,0.05723334106946782
orbit_p0.1000.bin,1.0,2.333333333333333,0.5,False,0.000954594233969325,0.0,0.1,2000594.4249770087,ST,0.059980597070617744
orbit_p0.1100.bin,1.0,2.333333333333333,0.5,False,0.000954594233969325,0.0,0.11,206435.66571568468,CA,
