file,m_A (Msun),m_B (Msun),e,apapse,m_P (Msun),l (rad),a (AU),t_stop (day),stability,delta_r
orbit_a0.0250.bin,1.0,9.0,0.7,True,0.000954594233969325,4.712388980384691,0.025,1155043.7297997407,ST,0.027344703876845417
orbit_a0.0300.bin,1.0,9.0,0.7,True,0.000954594233969325,4.712388980384691,0.03,1155043.7297997407,ST,0.02884625167242683
orbit_a0.0350.bin,1.0,9.0,0.7,True,0.000954594233969325,4.712388980384691,0.035,1155043.7297997407,ST,0.025645047306604937
orbit_a0.0400.bin,1.0,9.0,0.7,True,0.000954594233969325,4.712388980384691,0.04,216005.54517852023,CA,
orbit_a0.0450.bin,1.0,9.0,0.7,True,0.000954594233969325,4.712388980384691,0.045000000000000005,6177.0753985831125,CA,
