file,m_A (Msun),m_B (Msun),e,apapse,m_P (Msun),l (rad),a (AU),t_stop (day),stability,delta_r
orbit_a0.10.bin,1.0,2.333333333333333,0.4,True,0.0,3.1415926535897927,0.1,2000594.4249770087,ST,0.03438537283562916
orbit_a0.11.bin,1.0,2.333333333333333,0.4,True,0.0,3.1415926535897927,0.11,2000594.4249770087,ST,0.03922477406790675
orbit_a0.12.bin,1.0,2.333333333333333,0.4,True,0.0,3.1415926535897927,0.12,2000594.4249770087,ST,0.03737403587638566
orbit_a0.13.bin,1.0,2.333333333333333,0.4,True,0.0,3.1415926535897927,0.13,418662.3886052667,CA,
