file,m_A (Msun),m_B (Msun),e,apapse,m_P (Msun),l (rad),a (AU),t_stop (day),stability,delta_r
orbit_a0.1100.bin,1.0,1.4999999999999998,0.4,True,0.028637827019079756,4.712388980384691,0.11,2310087.4595994814,ST,0.03711190523854161
orbit_a0.1200.bin,1.0,1.4999999999999998,0.4,True,0.028637827019079756,4.712388980384691,0.12,2310087.4595994814,ST,0.036250671717651554
orbit_a0.1300.bin,1.0,1.4999999999999998,0.4,True,0.028637827019079756,4.712388980384691,0.13,2310087.4595994814,ST,0.03810871047527953
orbit_a0.1400.bin,1.0,1.4999999999999998,0.4,True,0.028637827019079756,4.712388980384691,0.14,2310087.4595994814,ST,0.04751100247781773
orbit_a0.1500.bin,1.0,1.4999999999999998,0.4,True,0.028637827019079756,4.712388980384691,0.15,1756876.5122245192,CA,
