file,m_A (Msun),m_B (Msun),e,apapse,m_P (Msun),l (rad),a (AU),t_stop (day),stability,delta_r
orbit_a0.2400.bin,1.0,1.0,0.0,True,0.028637827019079756,0.0,0.24,2582756.29681712,ST,0.03888880237768128
orbit_a0.2500.bin,1.0,1.0,0.0,True,0.028637827019079756,0.0,0.25,2582756.29681712,ST,0.04309409751124517
orbit_a0.2600.bin,1.0,1.0,0.0,True,0.028637827019079756,0.0,0.26,2582756.29681712,ST,0.0504176555075134
orbit_a0.2700.bin,1.0,1.0,0.0,True,0.028637827019079756,0.0,0.27,2582756.29681712,ST,0.06110713569053174
orbit_a0.2800.bin,1.0,1.0,0.0,True,0.028637827019079756,0.0,0.28,2582756.29681712,ST,0.07108725620447232
