file,m_A (Msun),m_B (Msun),e,apapse,m_P (Msun),l (rad),a (AU),t_stop (day),stability,delta_r
orbit_p0.2300.bin,1.0,0.4285714285714286,0.2,False,0.000954594233969325,3.1415926535897927,0.23,3055958.462454599,ST,0.024849415521735946
orbit_p0.2400.bin,1.0,0.4285714285714286,0.2,False,0.000954594233969325,3.1415926535897927,0.24,3055958.462454599,ST,0.02670538271576119
orbit_p0.2500.bin,1.0,0.4285714285714286,0.2,False,0.000954594233969325,3.1415926535897927,0.25,3055958.462454599,ST,0.07647493257789076
orbit_p0.2600.bin,1.0,0.4285714285714286,0.2,False,0.000954594233969325,3.1415926535897927,0.26,3055958.462454599,ST,0.033085688049379745
orbit_p0.2700.bin,1.0,0.4285714285714286,0.2,False,0.000954594233969325,3.1415926535897927,0.27,3055958.462454599,ST,0.04391974410610371
