file,m_A (Msun),m_B (Msun),e,apapse,m_P (Msun),l (rad),a (AU),t_stop (day),stability,delta_r
orbit_a0.20.bin,1.0,0.4285714285714286,0.3,True,0.0,3.1415926535897927,0.2,3055958.462454599,ST,0.0441664694545354
orbit_a0.21.bin,1.0,0.4285714285714286,0.3,True,0.0,3.1415926535897927,0.21,3055958.462454599,ST,0.036345724208346836
orbit_a0.22.bin,1.0,0.4285714285714286,0.3,True,0.0,3.1415926535897927,0.22,3055958.462454599,ST,0.02752901750001747
orbit_a0.23.bin,1.0,0.4285714285714286,0.3,True,0.0,3.1415926535897927,0.23,98901.18460684463,CA,
