file,m_A (Msun),m_B (Msun),e,apapse,m_P (Msun),l (rad),a (AU),t_stop (day),stability,delta_r
orbit_p0.0200.bin,1.0,0.4285714285714286,0.8,False,0.028637827019079756,1.5707963267948966,0.02,3055958.462454599,ST,0.04103632774045632
orbit_p0.0300.bin,1.0,0.4285714285714286,0.8,False,0.028637827019079756,1.5707963267948966,0.03,3055958.462454599,ST,0.05878693117909481
orbit_p0.0400.bin,1.0,0.4285714285714286,0.8,False,0.028637827019079756,1.5707963267948966,0.04,3055958.462454599,ST,0.07239043452755654
orbit_p0.0500.bin,1.0,0.4285714285714286,0.8,False,0.028637827019079756,1.5707963267948966,0.05,2556157.913502776,CA,
orbit_p0.0600.bin,1.0,0.4285714285714286,0.8,False,0.028637827019079756,1.5707963267948966,0.06,43018.05439805796,CA,
