file,m_A (Msun),m_B (Msun),e,apapse,m_P (Msun),l (rad),a (AU),t_stop (day),stability,delta_r
orbit_a0.0350.bin,1.0,9.0,0.6,True,0.000954594233969325,4.712388980384691,0.035,1155043.7297997407,ST,0.024872839740595343
orbit_a0.0400.bin,1.0,9.0,0.6,True,0.000954594233969325,4.712388980384691,0.04,1155043.7297997407,ST,0.02599387804268305
orbit_a0.0450.bin,1.0,9.0,0.6,True,0.000954594233969325,4.712388980384691,0.045,1155043.7297997407,ST,0.026516852040821715
orbit_a0.0500.bin,1.0,9.0,0.6,True,0.000954594233969325,4.712388980384691,0.05,1155043.7297997407,ST,0.02846283198024642
orbit_a0.0550.bin,1.0,9.0,0.6,True,0.000954594233969325,4.712388980384691,0.055,115062.45381938078,EJ,
