file,m_A (Msun),m_B (Msun),e,apapse,m_P (Msun),l (rad),a (AU),t_stop (day),stability,delta_r
orbit_a0.05.bin,1.0,9.000000000000002,0.5,True,0.0,4.712388980384691,0.05,1155043.7297997407,ST,0.018939997059734447
orbit_a0.06.bin,1.0,9.000000000000002,0.5,True,0.0,4.712388980384691,0.06,1155043.7297997407,ST,0.01631861987246774
orbit_a0.07.bin,1.0,9.000000000000002,0.5,True,0.0,4.712388980384691,0.07,1155043.7297997407,ST,0.03332509359268472
orbit_a0.08.bin,1.0,9.000000000000002,0.5,True,0.0,4.712388980384691,0.08,4904.811131811678,EJ,
