file,m_A (Msun),m_B (Msun),e,apapse,m_P (Msun),l (rad),a (AU),t_stop (day),stability,delta_r
orbit_p0.1800.bin,1.0,1.0,0.2,False,0.000954594233969325,4.712388980384691,0.18000000000000002,2582756.29681712,ST,0.05317452584932281
orbit_p0.1900.bin,1.0,1.0,0.2,False,0.000954594233969325,4.712388980384691,0.19,2582756.29681712,ST,0.063912897756432
orbit_p0.2000.bin,1.0,1.0,0.2,False,0.000954594233969325,4.712388980384691,0.2,2582756.29681712,ST,0.1465453687750913
orbit_p0.2100.bin,1.0,1.0,0.2,False,0.000954594233969325,4.712388980384691,0.21,2582756.29681712,ST,0.09493587180433449
orbit_p0.2200.bin,1.0,1.0,0.2,False,0.000954594233969325,4.712388980384691,0.22,34344.450071008985,EJ,
