file,m_A (Msun),m_B (Msun),e,apapse,m_P (Msun),l (rad),a (AU),t_stop (day),stability,delta_r
orbit_p0.0600.bin,1.0,0.6666666666666667,0.7,False,0.0,4.712388980384691,0.06,2829267.7686104896,ST,0.0692724565841501
orbit_p0.0700.bin,1.0,0.6666666666666667,0.7,False,0.0,4.712388980384691,0.07,2209083.6688452912,CA,
orbit_p0.0800.bin,1.0,0.6666666666666667,0.7,False,0.0,4.712388980384691,0.08,804073.5820554224,CA,
orbit_p0.0900.bin,1.0,0.6666666666666667,0.7,False,0.0,4.712388980384691,0.09,26606.796368329055,CA,
