file,m_A (Msun),m_B (Msun),e,apapse,m_P (Msun),l (rad),a (AU),t_stop (day),stability,delta_r
orbit_a0.0600.bin,1.0,0.6666666666666667,0.7,True,0.0,4.712388980384691,0.06,2829267.7686104896,ST,0.06386300100974804
orbit_a0.0700.bin,1.0,0.6666666666666667,0.7,True,0.0,4.712388980384691,0.07,2829267.7686104896,ST,0.08409631054051732
orbit_a0.0800.bin,1.0,0.6666666666666667,0.7,True,0.0,4.712388980384691,0.08,100009.20725566172,CA,
orbit_a0.0900.bin,1.0,0.6666666666666667,0.7,True,0.0,4.712388980384691,0.09,54463.106227796736,CA,
