file,m_A (Msun),m_B (Msun),e,apapse,m_P (Msun),l (rad),a (AU),t_stop (day),stability,delta_r
orbit_p0.1700.bin,1.0,1.4999999999999998,0.2,False,0.0,3.1415926535897927,0.17,2310087.4595994814,ST,0.027929029868549515
orbit_p0.1800.bin,1.0,1.4999999999999998,0.2,False,0.0,3.1415926535897927,0.18,2310087.4595994814,ST,0.03246052405808102
orbit_p0.1900.bin,1.0,1.4999999999999998,0.2,False,0.0,3.1415926535897927,0.19,2310087.4595994814,ST,0.040987607090885954
orbit_p0.2000.bin,1.0,1.4999999999999998,0.2,False,0.0,3.1415926535897927,0.2,2310087.4595994814,ST,0.052805420758307624
