file,m_A (Msun),m_B (Msun),e,apapse,m_P (Msun),l (rad),a (AU),t_stop (day),stability,delta_r
orbit_a0.1700.bin,1.0,1.4999999999999998,0.2,True,0.0,3.1415926535897927,0.17,2310087.4595994814,ST,0.027493178887764983
orbit_a0.1800.bin,1.0,1.4999999999999998,0.2,True,0.0,3.1415926535897927,0.18,2310087.4595994814,ST,0.028587772433901718
orbit_a0.1900.bin,1.0,1.4999999999999998,0.2,True,0.0,3.1415926535897927,0.19,2310087.4595994814,ST,0.03360939456078105
orbit_a0.2000.bin,1.0,1.4999999999999998,0.2,True,0.0,3.1415926535897927,0.2,2310087.4595994814,ST,0.036360997049906967
