file,m_A (Msun),m_B (Msun),e,apapse,m_P (Msun),l (rad),a (AU),t_stop (day),stability,delta_r
orbit_a0.24.bin,1.0,0.4285714285714286,0.2,True,0.0,3.1415926535897927,0.24,3055958.462454599,ST,0.03107925478809184
orbit_a0.25.bin,1.0,0.4285714285714286,0.2,True,0.0,3.1415926535897927,0.25,3055958.462454599,ST,0.025345296342424824
orbit_a0.26.bin,1.0,0.4285714285714286,0.2,True,0.0,3.1415926535897927,0.26,3055958.462454599,ST,0.02418281965169768
orbit_a0.27.bin,1.0,0.4285714285714286,0.2,True,0.0,3.1415926535897927,0.27,3055958.462454599,ST,0.031235391036884136
