file,m_A (Msun),m_B (Msun),e,apapse,m_P (Msun),l (rad),a (AU),t_stop (day),stability,delta_r
orbit_p0.24.bin,1.0,0.4285714285714286,0.2,False,0.0,3.1415926535897927,0.24,3055958.462454599,ST,0.026879973833477313
orbit_p0.25.bin,1.0,0.4285714285714286,0.2,False,0.0,3.1415926535897927,0.25,3055958.462454599,ST,0.07291314107161381
orbit_p0.26.bin,1.0,0.4285714285714286,0.2,False,0.0,3.1415926535897927,0.26,3055958.462454599,ST,0.03377624280389598
orbit_p0.27.bin,1.0,0.4285714285714286,0.2,False,0.0,3.1415926535897927,0.27,3055958.462454599,ST,0.04474608409890509
