file,m_A (Msun),m_B (Msun),e,apapse,m_P (Msun),l (rad),a (AU),t_stop (day),stability,delta_r
orbit_a0.0250.bin,1.0,9.0,0.7,True,0.028637827019079756,3.1415926535897927,0.025,1155043.7297997407,ST,0.02454837730217107
orbit_a0.0300.bin,1.0,9.0,0.7,True,0.028637827019079756,3.1415926535897927,0.03,1155043.7297997407,ST,0.026791257804600184
orbit_a0.0350.bin,1.0,9.0,0.7,True,0.028637827019079756,3.1415926535897927,0.035,1155043.7297997407,ST,0.032560501133320485
orbit_a0.0400.bin,1.0,9.0,0.7,True,0.028637827019079756,3.1415926535897927,0.04,531261.304450979,CA,
orbit_a0.0450.bin,1.0,9.0,0.7,True,0.028637827019079756,3.1415926535897927,0.045000000000000005,21324.790627916045,EJ,
