file,m_A (Msun),m_B (Msun),e,apapse,m_P (Msun),l (rad),a (AU),t_stop (day),stability,delta_r
orbit_a0.03.bin,1.0,1.0,0.8,True,0.0,4.712388980384691,0.03,2582756.29681712,ST,0.05614185818089526
orbit_a0.04.bin,1.0,1.0,0.8,True,0.0,4.712388980384691,0.04,2582756.29681712,ST,0.05886836138739661
orbit_a0.05.bin,1.0,1.0,0.8,True,0.0,4.712388980384691,0.05,52306.067480156285,CA,
orbit_a0.50.bin,1.0,1.0,0.8,True,0.0,4.712388980384691,0.5,5103.117320866671,EJ,
