file,m_A (Msun),m_B (Msun),e,apapse,m_P (Msun),l (rad),a (AU),t_stop (day),stability,delta_r
orbit_p0.03.bin,1.0,1.0,0.8,False,0.0,4.712388980384691,0.03,2582756.29681712,ST,0.05533785711066852
orbit_p0.04.bin,1.0,1.0,0.8,False,0.0,4.712388980384691,0.04,2582756.29681712,ST,0.06440877016511694
orbit_p0.05.bin,1.0,1.0,0.8,False,0.0,4.712388980384691,0.05,61995.45626715082,CA,
orbit_p0.50.bin,1.0,1.0,0.8,False,0.0,4.712388980384691,0.5,13814.559939364435,EJ,
