file,m_A (Msun),m_B (Msun),e,apapse,m_P (Msun),l (rad),a (AU),t_stop (day),stability,delta_r
orbit_a0.0500.bin,1.0,2.333333333333333,0.6,True,0.000954594233969325,0.0,0.05,2000594.4249770087,ST,0.03836397429493889
orbit_a0.0600.bin,1.0,2.333333333333333,0.6,True,0.000954594233969325,0.0,0.06000000000000001,2000594.4249770087,ST,0.040386610329325265
orbit_a0.0700.bin,1.0,2.333333333333333,0.6,True,0.000954594233969325,0.0,0.07,2000594.4249770087,ST,0.03929379893426519
orbit_a0.0800.bin,1.0,2.333333333333333,0.6,True,0.000954594233969325,0.0,0.08,1706281.722532269,CA,
orbit_a0.0900.bin,1.0,2.333333333333333,0.6,True,0.000954594233969325,0.0,0.09000000000000001,57366.93476077814,CA,
