file,m_A (Msun),m_B (Msun),e,apapse,m_P (Msun),l (rad),a (AU),t_stop (day),stability,delta_r
orbit_a0.0300.bin,1.0,0.11111111111111112,0.8,True,0.028637827019079756,1.5707963267948966,0.03,3465131.189399222,ST,0.0669789611022011
orbit_a0.0400.bin,1.0,0.11111111111111112,0.8,True,0.028637827019079756,1.5707963267948966,0.04,3465131.189399222,ST,0.08859176390813046
orbit_a0.0500.bin,1.0,0.11111111111111112,0.8,True,0.028637827019079756,1.5707963267948966,0.05,3465131.189399222,ST,0.1119244872228374
orbit_a0.0600.bin,1.0,0.11111111111111112,0.8,True,0.028637827019079756,1.5707963267948966,0.06,3465131.189399222,ST,0.14526098842177237
orbit_a0.0700.bin,1.0,0.11111111111111112,0.8,True,0.028637827019079756,1.5707963267948966,0.07,565034.0818026465,CA,
