file,m_A (Msun),m_B (Msun),e,apapse,m_P (Msun),l (rad),a (AU),t_stop (day),stability,delta_r
orbit_a0.2600.bin,1.0,0.6666666666666667,0.1,True,0.0,3.1415926535897927,0.26,2829267.7686104896,ST,0.023851155224027774
orbit_a0.2700.bin,1.0,0.6666666666666667,0.1,True,0.0,3.1415926535897927,0.27,2829267.7686104896,ST,0.0266354798580503
orbit_a0.2800.bin,1.0,0.6666666666666667,0.1,True,0.0,3.1415926535897927,0.28,2829267.7686104896,ST,0.03022963364037157
orbit_a0.2900.bin,1.0,0.6666666666666667,0.1,True,0.0,3.1415926535897927,0.29,2829267.7686104896,ST,0.03390758096152915
