file,m_A (Msun),m_B (Msun),e,apapse,m_P (Msun),l (rad),a (AU),t_stop (day),stability,delta_r
orbit_p0.0200.bin,1.0,0.4285714285714286,0.8,False,0.028637827019079756,4.712388980384691,0.02,3055958.462454599,ST,0.041208018703354284
orbit_p0.0300.bin,1.0,0.4285714285714286,0.8,False,0.028637827019079756,4.712388980384691,0.03,3055958.462454599,ST,0.05919540663253578
orbit_p0.0400.bin,1.0,0.4285714285714286,0.8,False,0.028637827019079756,4.712388980384691,0.04,3055958.462454599,ST,0.07269258226868115
orbit_p0.0500.bin,1.0,0.4285714285714286,0.8,False,0.028637827019079756,4.712388980384691,0.05,3055958.462454599,ST,0.16630642508514668
orbit_p0.0600.bin,1.0,0.4285714285714286,0.8,False,0.028637827019079756,4.712388980384691,0.06,168036.58633813562,CA,
