file,m_A (Msun),m_B (Msun),e,apapse,m_P (Msun),l (rad),a (AU),t_stop (day),stability,delta_r
orbit_a0.1400.bin,1.0,2.333333333333333,0.2,True,0.028637827019079756,0.0,0.14,2000594.4249770087,ST,0.018567044504220497
orbit_a0.1500.bin,1.0,2.333333333333333,0.2,True,0.028637827019079756,0.0,0.15,2000594.4249770087,ST,0.03319591910705554
orbit_a0.1600.bin,1.0,2.333333333333333,0.2,True,0.028637827019079756,0.0,0.16,2000594.4249770087,ST,0.037986032751579225
orbit_a0.1700.bin,1.0,2.333333333333333,0.2,True,0.028637827019079756,0.0,0.17,2000594.4249770087,ST,0.04799524191151281
orbit_a0.1800.bin,1.0,2.333333333333333,0.2,True,0.028637827019079756,0.0,0.18,2000594.4249770087,ST,0.0498489615811275
