file,m_A (Msun),m_B (Msun),e,apapse,m_P (Msun),l (rad),a (AU),t_stop (day),stability,delta_r
orbit_a0.06.bin,1.0,0.4285714285714286,0.7,True,0.0,1.5707963267948966,0.06,3055958.462454599,ST,0.07044773841347719
orbit_a0.07.bin,1.0,0.4285714285714286,0.7,True,0.0,1.5707963267948966,0.07,3055958.462454599,ST,0.072848043905467
orbit_a0.08.bin,1.0,0.4285714285714286,0.7,True,0.0,1.5707963267948966,0.08,1718562.3648005952,CA,
orbit_a0.09.bin,1.0,0.4285714285714286,0.7,True,0.0,1.5707963267948966,0.09,122681.71576918475,CA,
