file,m_A (Msun),m_B (Msun),e,apapse,m_P (Msun),l (rad),a (AU),t_stop (day),stability,delta_r
orbit_p0.06.bin,1.0,0.4285714285714286,0.7,False,0.0,1.5707963267948966,0.06,3055958.462454599,ST,0.06954059155806769
orbit_p0.07.bin,1.0,0.4285714285714286,0.7,False,0.0,1.5707963267948966,0.07,3055958.462454599,ST,0.07629894089049799
orbit_p0.08.bin,1.0,0.4285714285714286,0.7,False,0.0,1.5707963267948966,0.08,782008.7085738226,CA,
orbit_p0.09.bin,1.0,0.4285714285714286,0.7,False,0.0,1.5707963267948966,0.09,39141.12252240368,CA,
