file,m_A (Msun),m_B (Msun),e,apapse,m_P (Msun),l (rad),a (AU),t_stop (day),stability,delta_r
orbit_a0.06.bin,1.0,9.000000000000002,0.4,True,0.0,1.5707963267948966,0.06,1155043.7297997407,ST,0.022880418724230425
orbit_a0.07.bin,1.0,9.000000000000002,0.4,True,0.0,1.5707963267948966,0.07,1155043.7297997407,ST,0.02339758361958584
orbit_a0.08.bin,1.0,9.000000000000002,0.4,True,0.0,1.5707963267948966,0.08,1155043.7297997407,ST,0.04547033338257585
orbit_a0.09.bin,1.0,9.000000000000002,0.4,True,0.0,1.5707963267948966,0.09,15425.546504635357,EJ,
