file,m_A (Msun),m_B (Msun),e,apapse,m_P (Msun),l (rad),a (AU),t_stop (day),stability,delta_r
orbit_p0.06.bin,1.0,9.000000000000002,0.4,False,0.0,1.5707963267948966,0.06,1155043.7297997407,ST,0.03290339010043426
orbit_p0.07.bin,1.0,9.000000000000002,0.4,False,0.0,1.5707963267948966,0.07,1155043.7297997407,ST,0.06397708404137725
orbit_p0.08.bin,1.0,9.000000000000002,0.4,False,0.0,1.5707963267948966,0.08,365917.28152213705,CA,
orbit_p0.09.bin,1.0,9.000000000000002,0.4,False,0.0,1.5707963267948966,0.09,7795.302857467394,EJ,
