file,m_A (Msun),m_B (Msun),e,apapse,m_P (Msun),l (rad),a (AU),t_stop (day),stability,delta_r
orbit_a0.08.bin,1.0,2.333333333333333,0.5,True,0.0,3.1415926535897927,0.08,2000594.4249770087,ST,0.03864668205487339
orbit_a0.09.bin,1.0,2.333333333333333,0.5,True,0.0,3.1415926535897927,0.09,2000594.4249770087,ST,0.034939597240876176
orbit_a0.10.bin,1.0,2.333333333333333,0.5,True,0.0,3.1415926535897927,0.1,2000594.4249770087,ST,0.039626954699605865
orbit_a0.11.bin,1.0,2.333333333333333,0.5,True,0.0,3.1415926535897927,0.11,66324.02029383113,CA,
