file,m_A (Msun),m_B (Msun),e,apapse,m_P (Msun),l (rad),a (AU),t_stop (day),stability,delta_r
orbit_p0.08.bin,1.0,2.333333333333333,0.5,False,0.0,3.1415926535897927,0.08,2000594.4249770087,ST,0.03156046922518444
orbit_p0.09.bin,1.0,2.333333333333333,0.5,False,0.0,3.1415926535897927,0.09,2000594.4249770087,ST,0.04003057507149359
orbit_p0.10.bin,1.0,2.333333333333333,0.5,False,0.0,3.1415926535897927,0.1,2000594.4249770087,ST,0.036732608333303225
orbit_p0.11.bin,1.0,2.333333333333333,0.5,False,0.0,3.1415926535897927,0.11,155875.51229581935,EJ,
