file,m_A (Msun),m_B (Msun),e,apapse,m_P (Msun),l (rad),a (AU),t_stop (day),stability,delta_r
orbit_a0.1200.bin,1.0,2.333333333333333,0.3,True,0.000954594233969325,0.0,0.12,2000594.4249770087,ST,0.03310142659252653
orbit_a0.1300.bin,1.0,2.333333333333333,0.3,True,0.000954594233969325,0.0,0.13,2000594.4249770087,ST,0.03329991049333659
orbit_a0.1400.bin,1.0,2.333333333333333,0.3,True,0.000954594233969325,0.0,0.14,2000594.4249770087,ST,0.04097846270986232
orbit_a0.1500.bin,1.0,2.333333333333333,0.3,True,0.000954594233969325,0.0,0.15000000000000002,2000594.4249770087,ST,0.03897321610036343
orbit_a0.1600.bin,1.0,2.333333333333333,0.3,True,0.000954594233969325,0.0,0.16,16751.11626747167,CA,
