file,m_A (Msun),m_B (Msun),e,apapse,m_P (Msun),l (rad),a (AU),t_stop (day),stability,delta_r
orbit_p0.3000.bin,1.0,0.25,0.1,False,0.000954594233969325,1.5707963267948966,0.3,3266957.015633596,ST,0.04438691648154535
orbit_p0.3100.bin,1.0,0.25,0.1,False,0.000954594233969325,1.5707963267948966,0.31,3266957.015633596,ST,0.057848843357908075
orbit_p0.3200.bin,1.0,0.25,0.1,False,0.000954594233969325,1.5707963267948966,0.32,3266957.015633596,ST,0.13891511599723738
orbit_p0.3300.bin,1.0,0.25,0.1,False,0.000954594233969325,1.5707963267948966,0.33,3266957.015633596,ST,0.07344003213153942
orbit_p0.3400.bin,1.0,0.25,0.1,False,0.000954594233969325,1.5707963267948966,0.34,3266957.015633596,ST,0.08497039975207257
