file,m_A (Msun),m_B (Msun),e,apapse,m_P (Msun),l (rad),a (AU),t_stop (day),stability,delta_r
orbit_p0.0500.bin,1.0,0.4285714285714286,0.7,False,0.028637827019079756,0.0,0.05,3055958.462454599,ST,0.06087653396816336
orbit_p0.0600.bin,1.0,0.4285714285714286,0.7,False,0.028637827019079756,0.0,0.06000000000000001,3055958.462454599,ST,0.07044605442317126
orbit_p0.0700.bin,1.0,0.4285714285714286,0.7,False,0.028637827019079756,0.0,0.07,3055958.462454599,ST,0.07603840126022295
orbit_p0.0800.bin,1.0,0.4285714285714286,0.7,False,0.028637827019079756,0.0,0.08,3055958.462454599,ST,0.12079007648954088
orbit_p0.0900.bin,1.0,0.4285714285714286,0.7,False,0.028637827019079756,0.0,0.09000000000000001,41267.24540207906,CA,
