file,m_A (Msun),m_B (Msun),e,apapse,m_P (Msun),l (rad),a (AU),t_stop (day),stability,delta_r
orbit_a0.0500.bin,1.0,0.4285714285714286,0.7,True,0.028637827019079756,0.0,0.05,3055958.462454599,ST,0.05960948209542228
orbit_a0.0600.bin,1.0,0.4285714285714286,0.7,True,0.028637827019079756,0.0,0.06000000000000001,3055958.462454599,ST,0.0678471016437292
orbit_a0.0700.bin,1.0,0.4285714285714286,0.7,True,0.028637827019079756,0.0,0.07,3055958.462454599,ST,0.06935543790139569
orbit_a0.0800.bin,1.0,0.4285714285714286,0.7,True,0.028637827019079756,0.0,0.08,987704.4668681214,CA,
orbit_a0.0900.bin,1.0,0.4285714285714286,0.7,True,0.028637827019079756,0.0,0.09000000000000001,176760.22655017988,CA,
