file,m_A (Msun),m_B (Msun),e,apapse,m_P (Msun),l (rad),a (AU),t_stop (day),stability,delta_r
orbit_a0.0900.bin,1.0,0.4285714285714286,0.6,True,0.028637827019079756,0.0,0.09,3055958.462454599,ST,0.06353343243266488
orbit_a0.1000.bin,1.0,0.4285714285714286,0.6,True,0.028637827019079756,0.0,0.1,3055958.462454599,ST,0.06814918248161204
orbit_a0.1100.bin,1.0,0.4285714285714286,0.6,True,0.028637827019079756,0.0,0.11,3055958.462454599,ST,0.15754145913774867
orbit_a0.1200.bin,1.0,0.4285714285714286,0.6,True,0.028637827019079756,0.0,0.12,487299.47073268396,CA,
orbit_a0.1300.bin,1.0,0.4285714285714286,0.6,True,0.028637827019079756,0.0,0.13,34069.42071964845,CA,
