file,m_A (Msun),m_B (Msun),e,apapse,m_P (Msun),l (rad),a (AU),t_stop (day),stability,delta_r
orbit_p0.17.bin,1.0,1.0,0.3,False,0.0,0.0,0.17,2582756.29681712,ST,0.055370223696111526
orbit_p0.18.bin,1.0,1.0,0.3,False,0.0,0.0,0.18,2582756.29681712,ST,0.07257730266673214
orbit_p0.19.bin,1.0,1.0,0.3,False,0.0,0.0,0.19,2582756.29681712,ST,0.07226180554246264
orbit_p0.20.bin,1.0,1.0,0.3,False,0.0,0.0,0.2,2582756.29681712,ST,0.10759804903065552
