file,m_A (Msun),m_B (Msun),e,apapse,m_P (Msun),l (rad),a (AU),t_stop (day),stability,delta_r
orbit_p0.0900.bin,1.0,1.4999999999999998,0.5,False,0.0,1.5707963267948966,0.09,2310087.4595994814,ST,0.048575962919792416
orbit_p0.1000.bin,1.0,1.4999999999999998,0.5,False,0.0,1.5707963267948966,0.1,2310087.4595994814,ST,0.06360106402981976
orbit_p0.1100.bin,1.0,1.4999999999999998,0.5,False,0.0,1.5707963267948966,0.11,656778.6229820094,CA,
orbit_p0.1200.bin,1.0,1.4999999999999998,0.5,False,0.0,1.5707963267948966,0.12,11072.074371727776,EJ,
