file,m_A (Msun),m_B (Msun),e,apapse,m_P (Msun),l (rad),a (AU),t_stop (day),stability,delta_r
orbit_a0.0900.bin,1.0,1.4999999999999998,0.5,True,0.0,1.5707963267948966,0.09,2310087.4595994814,ST,0.04330644070866011
orbit_a0.1000.bin,1.0,1.4999999999999998,0.5,True,0.0,1.5707963267948966,0.1,2310087.4595994814,ST,0.047064833521608035
orbit_a0.1100.bin,1.0,1.4999999999999998,0.5,True,0.0,1.5707963267948966,0.11,2310087.4595994814,ST,0.04030547193030474
orbit_a0.1200.bin,1.0,1.4999999999999998,0.5,True,0.0,1.5707963267948966,0.12,166018.09756374866,CA,
