file,m_A (Msun),m_B (Msun),e,apapse,m_P (Msun),l (rad),a (AU),t_stop (day),stability,delta_r
orbit_p0.0600.bin,1.0,0.25,0.7,False,0.028637827019079756,3.1415926535897927,0.06,3266957.015633596,ST,0.07074474266696872
orbit_p0.0700.bin,1.0,0.25,0.7,False,0.028637827019079756,3.1415926535897927,0.07,3266957.015633596,ST,0.07565736357918618
orbit_p0.0800.bin,1.0,0.25,0.7,False,0.028637827019079756,3.1415926535897927,0.08,3266957.015633596,ST,0.07888818992964464
orbit_p0.0900.bin,1.0,0.25,0.7,False,0.028637827019079756,3.1415926535897927,0.09,3266957.015633596,ST,0.22677388880505478
orbit_p0.1000.bin,1.0,0.25,0.7,False,0.028637827019079756,3.1415926535897927,0.1,368966.1765695203,CA,
