file,m_A (Msun),m_B (Msun),e,apapse,m_P (Msun),l (rad),a (AU),t_stop (day),stability,delta_r
orbit_a0.0700.bin,1.0,4.0,0.5,True,0.0,4.712388980384691,0.07,1633478.507816798,ST,0.0326817286513674
orbit_a0.0800.bin,1.0,4.0,0.5,True,0.0,4.712388980384691,0.08,1633478.507816798,ST,0.03582100993996845
orbit_a0.0900.bin,1.0,4.0,0.5,True,0.0,4.712388980384691,0.09,283344.11021824746,CA,
orbit_a0.1000.bin,1.0,4.0,0.5,True,0.0,4.712388980384691,0.1,10549.101289767426,CA,
