file,m_A (Msun),m_B (Msun),e,apapse,m_P (Msun),l (rad),a (AU),t_stop (day),stability,delta_r
orbit_a0.1100.bin,1.0,4.0,0.3,True,0.0,3.1415926535897927,0.11,1633478.507816798,ST,0.026132812497250486
orbit_a0.1200.bin,1.0,4.0,0.3,True,0.0,3.1415926535897927,0.12,1633478.507816798,ST,0.027799257903008242
orbit_a0.1300.bin,1.0,4.0,0.3,True,0.0,3.1415926535897927,0.13,1633478.507816798,ST,0.041313668093085704
orbit_a0.1400.bin,1.0,4.0,0.3,True,0.0,3.1415926535897927,0.14,3877.5274515578553,CA,
