file,m_A (Msun),m_B (Msun),e,apapse,m_P (Msun),l (rad),a (AU),t_stop (day),stability,delta_r
orbit_p0.1100.bin,1.0,4.0,0.3,False,0.0,3.1415926535897927,0.11,1633478.507816798,ST,0.026676687067858442
orbit_p0.1200.bin,1.0,4.0,0.3,False,0.0,3.1415926535897927,0.12,1633478.507816798,ST,0.03534883337961599
orbit_p0.1300.bin,1.0,4.0,0.3,False,0.0,3.1415926535897927,0.13,1633478.507816798,ST,0.04860140104663303
orbit_p0.1400.bin,1.0,4.0,0.3,False,0.0,3.1415926535897927,0.14,1633478.507816798,ST,0.06767317910435029
