file,m_A (Msun),m_B (Msun),e,apapse,m_P (Msun),l (rad),a (AU),t_stop (day),stability,delta_r
orbit_p0.1600.bin,1.0,0.4285714285714286,0.4,False,0.028637827019079756,1.5707963267948966,0.16,3055958.462454599,ST,0.05463667157762021
orbit_p0.1700.bin,1.0,0.4285714285714286,0.4,False,0.028637827019079756,1.5707963267948966,0.16999999999999998,3055958.462454599,ST,0.05811211439926406
orbit_p0.1800.bin,1.0,0.4285714285714286,0.4,False,0.028637827019079756,1.5707963267948966,0.18,3055958.462454599,ST,0.06236918530677811
orbit_p0.1900.bin,1.0,0.4285714285714286,0.4,False,0.028637827019079756,1.5707963267948966,0.19,47153.12474987536,CA,
orbit_p0.2000.bin,1.0,0.4285714285714286,0.4,False,0.028637827019079756,1.5707963267948966,0.2,105874.49860932583,CA,
