file,m_A (Msun),m_B (Msun),e,apapse,m_P (Msun),l (rad),a (AU),t_stop (day),stability,delta_r
orbit_a0.1600.bin,1.0,0.4285714285714286,0.4,True,0.028637827019079756,1.5707963267948966,0.16,3055958.462454599,ST,0.06096486211211816
orbit_a0.1700.bin,1.0,0.4285714285714286,0.4,True,0.028637827019079756,1.5707963267948966,0.16999999999999998,3055958.462454599,ST,0.05709416063188434
orbit_a0.1800.bin,1.0,0.4285714285714286,0.4,True,0.028637827019079756,1.5707963267948966,0.18,3055958.462454599,ST,0.05861087709128977
orbit_a0.1900.bin,1.0,0.4285714285714286,0.4,True,0.028637827019079756,1.5707963267948966,0.19,1212907.3521385293,CA,
orbit_a0.2000.bin,1.0,0.4285714285714286,0.4,True,0.028637827019079756,1.5707963267948966,0.2,166044.704001144,CA,
