file,m_A (Msun),m_B (Msun),e,apapse,m_P (Msun),l (rad),a (AU),t_stop (day),stability,delta_r
orbit_p0.0300.bin,1.0,1.5,0.7,False,0.000954594233969325,4.712388980384691,0.03,2310087.4595994814,ST,0.03610438840826609
orbit_p0.0400.bin,1.0,1.5,0.7,False,0.000954594233969325,4.712388980384691,0.04,2310087.4595994814,ST,0.045112779609240344
orbit_p0.0500.bin,1.0,1.5,0.7,False,0.000954594233969325,4.712388980384691,0.05,2310087.4595994814,ST,0.053181480664562124
orbit_p0.0600.bin,1.0,1.5,0.7,False,0.000954594233969325,4.712388980384691,0.06000000000000001,2310087.4595994814,ST,0.12490883911700575
orbit_p0.0700.bin,1.0,1.5,0.7,False,0.000954594233969325,4.712388980384691,0.07,69700.8306161185,CA,
