file,m_A (Msun),m_B (Msun),e,apapse,m_P (Msun),l (rad),a (AU),t_stop (day),stability,delta_r
orbit_a0.0300.bin,1.0,1.5,0.7,True,0.000954594233969325,4.712388980384691,0.03,2310087.4595994814,ST,0.03664244714572863
orbit_a0.0400.bin,1.0,1.5,0.7,True,0.000954594233969325,4.712388980384691,0.04,2310087.4595994814,ST,0.04598811610645563
orbit_a0.0500.bin,1.0,1.5,0.7,True,0.000954594233969325,4.712388980384691,0.05,2310087.4595994814,ST,0.05040788342640096
orbit_a0.0600.bin,1.0,1.5,0.7,True,0.000954594233969325,4.712388980384691,0.06000000000000001,2310087.4595994814,ST,0.049603132067732376
orbit_a0.0700.bin,1.0,1.5,0.7,True,0.000954594233969325,4.712388980384691,0.07,33574.2036442539,EJ,
