file,m_A (Msun),m_B (Msun),e,apapse,m_P (Msun),l (rad),a (AU),t_stop (day),stability,delta_r
orbit_p0.1500.bin,1.0,1.4999999999999998,0.3,False,0.0,3.1415926535897927,0.15,2310087.4595994814,ST,0.033150072878775666
orbit_p0.1600.bin,1.0,1.4999999999999998,0.3,False,0.0,3.1415926535897927,0.16,2310087.4595994814,ST,0.034654423343664975
orbit_p0.1700.bin,1.0,1.4999999999999998,0.3,False,0.0,3.1415926535897927,0.17,2310087.4595994814,ST,0.04149985480992147
orbit_p0.1800.bin,1.0,1.4999999999999998,0.3,False,0.0,3.1415926535897927,0.18,2310087.4595994814,ST,0.0794403615704186
