file,m_A (Msun),m_B (Msun),e,apapse,m_P (Msun),l (rad),a (AU),t_stop (day),stability,delta_r
orbit_p0.2800.bin,1.0,0.4285714285714286,0.1,False,0.028637827019079756,4.712388980384691,0.28,3055958.462454599,ST,0.05981941996709599
orbit_p0.2900.bin,1.0,0.4285714285714286,0.1,False,0.028637827019079756,4.712388980384691,0.29,3055958.462454599,ST,0.07771294034942908
orbit_p0.3000.bin,1.0,0.4285714285714286,0.1,False,0.028637827019079756,4.712388980384691,0.3,3055958.462454599,ST,0.11359480869136496
orbit_p0.3100.bin,1.0,0.4285714285714286,0.1,False,0.028637827019079756,4.712388980384691,0.31,11123.593592080017,CA,
orbit_p0.3200.bin,1.0,0.4285714285714286,0.1,False,0.028637827019079756,4.712388980384691,0.32,6122.002917777765,CA,
