file,m_A (Msun),m_B (Msun),e,apapse,m_P (Msun),l (rad),a (AU),t_stop (day),stability,delta_r
orbit_a0.2800.bin,1.0,0.4285714285714286,0.1,True,0.028637827019079756,4.712388980384691,0.28,3055958.462454599,ST,0.034266506406570696
orbit_a0.2900.bin,1.0,0.4285714285714286,0.1,True,0.028637827019079756,4.712388980384691,0.29,3055958.462454599,ST,0.03650535227351993
orbit_a0.3000.bin,1.0,0.4285714285714286,0.1,True,0.028637827019079756,4.712388980384691,0.3,3055958.462454599,ST,0.03891751742332537
orbit_a0.3100.bin,1.0,0.4285714285714286,0.1,True,0.028637827019079756,4.712388980384691,0.31,398983.6425055053,CA,
orbit_a0.3200.bin,1.0,0.4285714285714286,0.1,True,0.028637827019079756,4.712388980384691,0.32,21869.822679947032,CA,
