file,m_A (Msun),m_B (Msun),e,apapse,m_P (Msun),l (rad),a (AU),t_stop (day),stability,delta_r
orbit_a0.1600.bin,1.0,2.333333333333333,0.1,True,0.028637827019079756,4.712388980384691,0.16,2000594.4249770087,ST,0.03536824671368586
orbit_a0.1700.bin,1.0,2.333333333333333,0.1,True,0.028637827019079756,4.712388980384691,0.16999999999999998,2000594.4249770087,ST,0.040856197527986
orbit_a0.1800.bin,1.0,2.333333333333333,0.1,True,0.028637827019079756,4.712388980384691,0.18,2000594.4249770087,ST,0.05584778387854856
orbit_a0.1900.bin,1.0,2.333333333333333,0.1,True,0.028637827019079756,4.712388980384691,0.19,2000594.4249770087,ST,0.08022917467124172
orbit_a0.2000.bin,1.0,2.333333333333333,0.1,True,0.028637827019079756,4.712388980384691,0.2,12080.554956932883,CA,
