file,m_A (Msun),m_B (Msun),e,apapse,m_P (Msun),l (rad),a (AU),t_stop (day),stability,delta_r
orbit_p0.0300.bin,1.0,1.4999999999999998,0.7,False,0.028637827019079756,1.5707963267948966,0.03,2310087.4595994814,ST,0.03480719354015059
orbit_p0.0400.bin,1.0,1.4999999999999998,0.7,False,0.028637827019079756,1.5707963267948966,0.04,2310087.4595994814,ST,0.04260711628750634
orbit_p0.0500.bin,1.0,1.4999999999999998,0.7,False,0.028637827019079756,1.5707963267948966,0.05,2310087.4595994814,ST,0.04760053574745753
orbit_p0.0600.bin,1.0,1.4999999999999998,0.7,False,0.028637827019079756,1.5707963267948966,0.06000000000000001,2310087.4595994814,ST,0.06937561780940837
orbit_p0.0700.bin,1.0,1.4999999999999998,0.7,False,0.028637827019079756,1.5707963267948966,0.07,540814.7925358728,CA,
