file,m_A (Msun),m_B (Msun),e,apapse,m_P (Msun),l (rad),a (AU),t_stop (day),stability,delta_r
orbit_a0.0300.bin,1.0,1.4999999999999998,0.7,True,0.028637827019079756,1.5707963267948966,0.03,2310087.4595994814,ST,0.035398685513691186
orbit_a0.0400.bin,1.0,1.4999999999999998,0.7,True,0.028637827019079756,1.5707963267948966,0.04,2310087.4595994814,ST,0.04322498915099928
orbit_a0.0500.bin,1.0,1.4999999999999998,0.7,True,0.028637827019079756,1.5707963267948966,0.05,2310087.4595994814,ST,0.04840023150953666
orbit_a0.0600.bin,1.0,1.4999999999999998,0.7,True,0.028637827019079756,1.5707963267948966,0.06000000000000001,2310087.4595994814,ST,0.05570808994528699
orbit_a0.0700.bin,1.0,1.4999999999999998,0.7,True,0.028637827019079756,1.5707963267948966,0.07,394637.42593161826,CA,
