file,m_A (Msun),m_B (Msun),e,apapse,m_P (Msun),l (rad),a (AU),t_stop (day),stability,delta_r
orbit_p0.2100.bin,1.0,1.4999999999999998,0.0,False,0.028637827019079756,4.712388980384691,0.21,2310087.4595994814,ST,0.06899923814140171
orbit_p0.2200.bin,1.0,1.4999999999999998,0.0,False,0.028637827019079756,4.712388980384691,0.22,2310087.4595994814,ST,0.0885119246716444
orbit_p0.2300.bin,1.0,1.4999999999999998,0.0,False,0.028637827019079756,4.712388980384691,0.23,2310087.4595994814,ST,0.12333146896096676
orbit_p0.2400.bin,1.0,1.4999999999999998,0.0,False,0.028637827019079756,4.712388980384691,0.24,4474.827059919603,CA,
orbit_p0.2500.bin,1.0,1.4999999999999998,0.0,False,0.028637827019079756,4.712388980384691,0.25,6475.609335418718,CA,
