file,m_A (Msun),m_B (Msun),e,apapse,m_P (Msun),l (rad),a (AU),t_stop (day),stability,delta_r
orbit_a0.2100.bin,1.0,1.4999999999999998,0.0,True,0.028637827019079756,4.712388980384691,0.21,2310087.4595994814,ST,0.06711053632045731
orbit_a0.2200.bin,1.0,1.4999999999999998,0.0,True,0.028637827019079756,4.712388980384691,0.22,2310087.4595994814,ST,0.0890241893343122
orbit_a0.2300.bin,1.0,1.4999999999999998,0.0,True,0.028637827019079756,4.712388980384691,0.23,2310087.4595994814,ST,0.12404167749169502
orbit_a0.2400.bin,1.0,1.4999999999999998,0.0,True,0.028637827019079756,4.712388980384691,0.24,9691.99252353812,CA,
orbit_a0.2500.bin,1.0,1.4999999999999998,0.0,True,0.028637827019079756,4.712388980384691,0.25,784.4777951317116,CA,
