file,m_A (Msun),m_B (Msun),e,apapse,m_P (Msun),l (rad),a (AU),t_stop (day),stability,delta_r
orbit_p0.1100.bin,1.0,0.11111111111111112,0.6,False,0.000954594233969325,1.5707963267948966,0.11,3465131.189399222,ST,0.09327347739745688
orbit_p0.1200.bin,1.0,0.11111111111111112,0.6,False,0.000954594233969325,1.5707963267948966,0.12,3465131.189399222,ST,0.09801891720257642
orbit_p0.1300.bin,1.0,0.11111111111111112,0.6,False,0.000954594233969325,1.5707963267948966,0.13,3465131.189399222,ST,0.13530046343013946
orbit_p0.1400.bin,1.0,0.11111111111111112,0.6,False,0.000954594233969325,1.5707963267948966,0.14,3465131.189399222,ST,0.10909435759653885
orbit_p0.1500.bin,1.0,0.11111111111111112,0.6,False,0.000954594233969325,1.5707963267948966,0.15,950709.11585164,CA,
