file,m_A (Msun),m_B (Msun),e,apapse,m_P (Msun),l (rad),a (AU),t_stop (day),stability,delta_r
orbit_a0.1100.bin,1.0,0.11111111111111112,0.6,True,0.000954594233969325,1.5707963267948966,0.11,3465131.189399222,ST,0.09246134687711195
orbit_a0.1200.bin,1.0,0.11111111111111112,0.6,True,0.000954594233969325,1.5707963267948966,0.12,3465131.189399222,ST,0.09592245102230598
orbit_a0.1300.bin,1.0,0.11111111111111112,0.6,True,0.000954594233969325,1.5707963267948966,0.13,3465131.189399222,ST,0.08573585804908074
orbit_a0.1400.bin,1.0,0.11111111111111112,0.6,True,0.000954594233969325,1.5707963267948966,0.14,3225440.9196686167,CA,
orbit_a0.1500.bin,1.0,0.11111111111111112,0.6,True,0.000954594233969325,1.5707963267948966,0.15,2476250.688154083,CA,
