file,m_A (Msun),m_B (Msun),e,apapse,m_P (Msun),l (rad),a (AU),t_stop (day),stability,delta_r
orbit_p0.0700.bin,1.0,0.11111111111111112,0.7,False,0.000954594233969325,0.0,0.06999999999999999,3465131.189399222,ST,0.09140995112956998
orbit_p0.0800.bin,1.0,0.11111111111111112,0.7,False,0.000954594233969325,0.0,0.08,3465131.189399222,ST,0.10245470270274087
orbit_p0.0900.bin,1.0,0.11111111111111112,0.7,False,0.000954594233969325,0.0,0.09,3465131.189399222,ST,0.10523396557303541
orbit_p0.1000.bin,1.0,0.11111111111111112,0.7,False,0.000954594233969325,0.0,0.1,3465131.189399222,ST,0.1425392263658921
orbit_p0.1100.bin,1.0,0.11111111111111112,0.7,False,0.000954594233969325,0.0,0.11,1018399.8051167207,CA,
