file,m_A (Msun),m_B (Msun),e,apapse,m_P (Msun),l (rad),a (AU),t_stop (day),stability,delta_r
orbit_p0.0400.bin,1.0,1.0,0.7,False,0.000954594233969325,3.1415926535897927,0.04,2582756.29681712,ST,0.044714926874385594
orbit_p0.0500.bin,1.0,1.0,0.7,False,0.000954594233969325,3.1415926535897927,0.05,2582756.29681712,ST,0.049377194340281996
orbit_p0.0600.bin,1.0,1.0,0.7,False,0.000954594233969325,3.1415926535897927,0.06,2582756.29681712,ST,0.04915125503422371
orbit_p0.0700.bin,1.0,1.0,0.7,False,0.000954594233969325,3.1415926535897927,0.06999999999999999,2582756.29681712,ST,0.03717735481948211
orbit_p0.0800.bin,1.0,1.0,0.7,False,0.000954594233969325,3.1415926535897927,0.08,595460.4380558394,CA,
