file,m_A (Msun),m_B (Msun),e,apapse,m_P (Msun),l (rad),a (AU),t_stop (day),stability,delta_r
orbit_a0.0200.bin,1.0,0.6666666666666667,0.8,True,0.028637827019079756,0.0,0.02,2829267.7686104896,ST,0.039927693160639786
orbit_a0.0300.bin,1.0,0.6666666666666667,0.8,True,0.028637827019079756,0.0,0.03,2829267.7686104896,ST,0.05602390738097426
orbit_a0.0400.bin,1.0,0.6666666666666667,0.8,True,0.028637827019079756,0.0,0.04,2829267.7686104896,ST,0.06416211393404922
orbit_a0.0500.bin,1.0,0.6666666666666667,0.8,True,0.028637827019079756,0.0,0.05,590528.5278767488,CA,
orbit_a0.0600.bin,1.0,0.6666666666666667,0.8,True,0.028637827019079756,0.0,0.06,51014.389024662196,CA,
