file,m_A (Msun),m_B (Msun),e,apapse,m_P (Msun),l (rad),a (AU),t_stop (day),stability,delta_r
orbit_a0.1700.bin,1.0,0.6666666666666667,0.3,True,0.000954594233969325,3.1415926535897927,0.17,2829267.7686104896,ST,0.04043061859471168
orbit_a0.1800.bin,1.0,0.6666666666666667,0.3,True,0.000954594233969325,3.1415926535897927,0.18,2829267.7686104896,ST,0.036582542759701416
orbit_a0.1900.bin,1.0,0.6666666666666667,0.3,True,0.000954594233969325,3.1415926535897927,0.19,2829267.7686104896,ST,0.0403826133578441
orbit_a0.2000.bin,1.0,0.6666666666666667,0.3,True,0.000954594233969325,3.1415926535897927,0.2,2829267.7686104896,ST,0.030149817256995563
orbit_a0.2100.bin,1.0,0.6666666666666667,0.3,True,0.000954594233969325,3.1415926535897927,0.21,2829267.7686104896,ST,0.026795547556924437
