file,m_A (Msun),m_B (Msun),e,apapse,m_P (Msun),l (rad),a (AU),t_stop (day),stability,delta_r
orbit_a0.0800.bin,1.0,1.4999999999999998,0.5,True,0.028637827019079756,1.5707963267948966,0.08,2310087.4595994814,ST,0.03980755756039768
orbit_a0.0900.bin,1.0,1.4999999999999998,0.5,True,0.028637827019079756,1.5707963267948966,0.09000000000000001,2310087.4595994814,ST,0.04241416635674295
orbit_a0.1000.bin,1.0,1.4999999999999998,0.5,True,0.028637827019079756,1.5707963267948966,0.1,2310087.4595994814,ST,0.0413580422009632
orbit_a0.1100.bin,1.0,1.4999999999999998,0.5,True,0.028637827019079756,1.5707963267948966,0.11,2310087.4595994814,ST,0.03916040827100091
orbit_a0.1200.bin,1.0,1.4999999999999998,0.5,True,0.028637827019079756,1.5707963267948966,0.12,192857.2029218436,CA,
