file,m_A (Msun),m_B (Msun),e,apapse,m_P (Msun),l (rad),a (AU),t_stop (day),stability,delta_r
orbit_p0.0215.bin,1.0,9.0,0.8,False,0.028637827019079756,1.5707963267948966,0.0215,1155043.7297997407,ST,0.04620627812891535
orbit_p0.0220.bin,1.0,9.0,0.8,False,0.028637827019079756,1.5707963267948966,0.022000000000000002,1155043.7297997407,ST,0.05302939086944706
orbit_p0.0225.bin,1.0,9.0,0.8,False,0.028637827019079756,1.5707963267948966,0.0225,1155043.7297997407,ST,0.08158536651447462
orbit_p0.0230.bin,1.0,9.0,0.8,False,0.028637827019079756,1.5707963267948966,0.023,1155043.7297997407,ST,0.1261593559701395
orbit_p0.0235.bin,1.0,9.0,0.8,False,0.028637827019079756,1.5707963267948966,0.0235,1155043.7297997407,ST,0.07216208401612259
