file,m_A (Msun),m_B (Msun),e,apapse,m_P (Msun),l (rad),a (AU),t_stop (day),stability,delta_r
orbit_a0.1800.bin,1.0,0.25,0.4,True,0.000954594233969325,0.0,0.18000000000000002,3266957.015633596,ST,0.05833986937265376
orbit_a0.1900.bin,1.0,0.25,0.4,True,0.000954594233969325,0.0,0.19,3266957.015633596,ST,0.10897452051911935
orbit_a0.2000.bin,1.0,0.25,0.4,True,0.000954594233969325,0.0,0.2,3266957.015633596,ST,0.07276162144401942
orbit_a0.2100.bin,1.0,0.25,0.4,True,0.000954594233969325,0.0,0.21,3266957.015633596,ST,0.03358996097470365
orbit_a0.2200.bin,1.0,0.25,0.4,True,0.000954594233969325,0.0,0.22,60037.072854985214,CA,
