file,m_A (Msun),m_B (Msun),e,apapse,m_P (Msun),l (rad),a (AU),t_stop (day),stability,delta_r
orbit_a0.0800.bin,1.0,0.6666666666666667,0.6,True,0.028637827019079756,3.1415926535897927,0.08,2829267.7686104896,ST,0.05676986250836808
orbit_a0.0900.bin,1.0,0.6666666666666667,0.6,True,0.028637827019079756,3.1415926535897927,0.09000000000000001,2829267.7686104896,ST,0.055950394815724
orbit_a0.1000.bin,1.0,0.6666666666666667,0.6,True,0.028637827019079756,3.1415926535897927,0.1,2829267.7686104896,ST,0.051112460035298936
orbit_a0.1100.bin,1.0,0.6666666666666667,0.6,True,0.028637827019079756,3.1415926535897927,0.11,103737.67744414254,EJ,
orbit_a0.1200.bin,1.0,0.6666666666666667,0.6,True,0.028637827019079756,3.1415926535897927,0.12,83314.05163979532,CA,
