file,m_A (Msun),m_B (Msun),e,apapse,m_P (Msun),l (rad),a (AU),t_stop (day),stability,delta_r
orbit_p0.0800.bin,1.0,0.6666666666666667,0.6,False,0.028637827019079756,3.1415926535897927,0.08,2829267.7686104896,ST,0.04999839012340256
orbit_p0.0900.bin,1.0,0.6666666666666667,0.6,False,0.028637827019079756,3.1415926535897927,0.09000000000000001,2829267.7686104896,ST,0.04755463553030674
orbit_p0.1000.bin,1.0,0.6666666666666667,0.6,False,0.028637827019079756,3.1415926535897927,0.1,2829267.7686104896,ST,0.03857680641261189
orbit_p0.1100.bin,1.0,0.6666666666666667,0.6,False,0.028637827019079756,3.1415926535897927,0.11,1960608.4126891738,CA,
orbit_p0.1200.bin,1.0,0.6666666666666667,0.6,False,0.028637827019079756,3.1415926535897927,0.12,118794.61544582105,CA,
