file,m_A (Msun),m_B (Msun),e,apapse,m_P (Msun),l (rad),a (AU),t_stop (day),stability,delta_r
orbit_a0.0400.bin,1.0,1.0,0.7,True,0.028637827019079756,0.0,0.04,2582756.29681712,ST,0.04651399756119894
orbit_a0.0500.bin,1.0,1.0,0.7,True,0.028637827019079756,0.0,0.05,2582756.29681712,ST,0.05267606329097369
orbit_a0.0600.bin,1.0,1.0,0.7,True,0.028637827019079756,0.0,0.06,2582756.29681712,ST,0.0558521040780914
orbit_a0.0700.bin,1.0,1.0,0.7,True,0.028637827019079756,0.0,0.06999999999999999,618177.2288369372,CA,
orbit_a0.0800.bin,1.0,1.0,0.7,True,0.028637827019079756,0.0,0.08,96924.842963301,CA,
