file,m_A (Msun),m_B (Msun),e,apapse,m_P (Msun),l (rad),a (AU),t_stop (day),stability,delta_r
orbit_p0.0500.bin,1.0,2.333333333333333,0.6,False,0.028637827019079756,4.712388980384691,0.05,2000594.4249770087,ST,0.03682101987124198
orbit_p0.0600.bin,1.0,2.333333333333333,0.6,False,0.028637827019079756,4.712388980384691,0.06000000000000001,2000594.4249770087,ST,0.04340618268938474
orbit_p0.0700.bin,1.0,2.333333333333333,0.6,False,0.028637827019079756,4.712388980384691,0.07,2000594.4249770087,ST,0.08642543962876827
orbit_p0.0800.bin,1.0,2.333333333333333,0.6,False,0.028637827019079756,4.712388980384691,0.08,61596.28287670962,CA,
orbit_p0.0900.bin,1.0,2.333333333333333,0.6,False,0.028637827019079756,4.712388980384691,0.09000000000000001,5437.334187387241,EJ,
