file,m_A (Msun),m_B (Msun),e,apapse,m_P (Msun),l (rad),a (AU),t_stop (day),stability,delta_r
orbit_p0.1900.bin,1.0,0.4285714285714286,0.3,False,0.028637827019079756,0.0,0.19,3055958.462454599,ST,0.05482634268127182
orbit_p0.2000.bin,1.0,0.4285714285714286,0.3,False,0.028637827019079756,0.0,0.2,3055958.462454599,ST,0.05428082548909722
orbit_p0.2100.bin,1.0,0.4285714285714286,0.3,False,0.028637827019079756,0.0,0.21,3055958.462454599,ST,0.06410069855074245
orbit_p0.2200.bin,1.0,0.4285714285714286,0.3,False,0.028637827019079756,0.0,0.22,3055958.462454599,ST,0.06442520745679671
orbit_p0.2300.bin,1.0,0.4285714285714286,0.3,False,0.028637827019079756,0.0,0.23,3055958.462454599,ST,0.07618075584110517
