file,m_A (Msun),m_B (Msun),e,apapse,m_P (Msun),l (rad),a (AU),t_stop (day),stability,delta_r
orbit_a0.0400.bin,1.0,9.0,0.5,True,0.000954594233969325,4.712388980384691,0.04,1155043.7297997407,ST,0.02186712961304128
orbit_a0.0500.bin,1.0,9.0,0.5,True,0.000954594233969325,4.712388980384691,0.05,1155043.7297997407,ST,0.025753978900200255
orbit_a0.0600.bin,1.0,9.0,0.5,True,0.000954594233969325,4.712388980384691,0.06,1155043.7297997407,ST,0.02005372022330607
orbit_a0.0700.bin,1.0,9.0,0.5,True,0.000954594233969325,4.712388980384691,0.06999999999999999,1155043.7297997407,ST,0.03195557548434776
orbit_a0.0800.bin,1.0,9.0,0.5,True,0.000954594233969325,4.712388980384691,0.08,3999.752335292297,CA,
