file,m_A (Msun),m_B (Msun),e,apapse,m_P (Msun),l (rad),a (AU),t_stop (day),stability,delta_r
orbit_p0.0400.bin,1.0,9.0,0.5,False,0.000954594233969325,4.712388980384691,0.04,1155043.7297997407,ST,0.023001444631942102
orbit_p0.0500.bin,1.0,9.0,0.5,False,0.000954594233969325,4.712388980384691,0.05,1155043.7297997407,ST,0.037248940735676535
orbit_p0.0600.bin,1.0,9.0,0.5,False,0.000954594233969325,4.712388980384691,0.06,1155043.7297997407,ST,0.06719496548282232
orbit_p0.0700.bin,1.0,9.0,0.5,False,0.000954594233969325,4.712388980384691,0.06999999999999999,6255.131197613654,CA,
orbit_p0.0800.bin,1.0,9.0,0.5,False,0.000954594233969325,4.712388980384691,0.08,11099.978039114992,EJ,
