file,m_A (Msun),m_B (Msun),e,apapse,m_P (Msun),l (rad),a (AU),t_stop (day),stability,delta_r
orbit_p0.1400.bin,1.0,0.25,0.5,False,0.028637827019079756,1.5707963267948966,0.14,3266957.015633596,ST,0.0704912123493071
orbit_p0.1500.bin,1.0,0.25,0.5,False,0.028637827019079756,1.5707963267948966,0.15,3266957.015633596,ST,0.08726017876900131
orbit_p0.1600.bin,1.0,0.25,0.5,False,0.028637827019079756,1.5707963267948966,0.16,3266957.015633596,ST,0.06954101163952969
orbit_p0.1700.bin,1.0,0.25,0.5,False,0.028637827019079756,1.5707963267948966,0.17,384350.6676816435,CA,
orbit_p0.1800.bin,1.0,0.25,0.5,False,0.028637827019079756,1.5707963267948966,0.18,46639.928208723795,CA,
