file,m_A (Msun),m_B (Msun),e,apapse,m_P (Msun),l (rad),a (AU),t_stop (day),stability,delta_r
orbit_p0.0500.bin,1.0,2.333333333333333,0.6,False,0.028637827019079756,1.5707963267948966,0.05,2000594.4249770087,ST,0.03651545422002584
orbit_p0.0600.bin,1.0,2.333333333333333,0.6,False,0.028637827019079756,1.5707963267948966,0.06000000000000001,2000594.4249770087,ST,0.044032806306788574
orbit_p0.0700.bin,1.0,2.333333333333333,0.6,False,0.028637827019079756,1.5707963267948966,0.07,2000594.4249770087,ST,0.0740994410567816
orbit_p0.0800.bin,1.0,2.333333333333333,0.6,False,0.028637827019079756,1.5707963267948966,0.08,622480.4003198154,CA,
orbit_p0.0900.bin,1.0,2.333333333333333,0.6,False,0.028637827019079756,1.5707963267948966,0.09000000000000001,5746.949509084559,CA,
