file,m_A (Msun),m_B (Msun),e,apapse,m_P (Msun),l (rad),a (AU),t_stop (day),stability,delta_r
orbit_a0.0500.bin,1.0,2.333333333333333,0.6,True,0.028637827019079756,1.5707963267948966,0.05,2000594.4249770087,ST,0.03582758046936417
orbit_a0.0600.bin,1.0,2.333333333333333,0.6,True,0.028637827019079756,1.5707963267948966,0.06000000000000001,2000594.4249770087,ST,0.039318772425062584
orbit_a0.0700.bin,1.0,2.333333333333333,0.6,True,0.028637827019079756,1.5707963267948966,0.07,2000594.4249770087,ST,0.05628076009879528
orbit_a0.0800.bin,1.0,2.333333333333333,0.6,True,0.028637827019079756,1.5707963267948966,0.08,708096.5162387722,CA,
orbit_a0.0900.bin,1.0,2.333333333333333,0.6,True,0.028637827019079756,1.5707963267948966,0.09000000000000001,15069.256693449726,CA,
