file,m_A (Msun),m_B (Msun),e,apapse,m_P (Msun),l (rad),a (AU),t_stop (day),stability,delta_r
orbit_a0.0250.bin,1.0,9.0,0.7,True,0.028637827019079756,0.0,0.025,1155043.7297997407,ST,0.024279050383469055
orbit_a0.0300.bin,1.0,9.0,0.7,True,0.028637827019079756,0.0,0.03,1155043.7297997407,ST,0.027288758012555727
orbit_a0.0350.bin,1.0,9.0,0.7,True,0.028637827019079756,0.0,0.035,1155043.7297997407,ST,0.03100531794967106
orbit_a0.0400.bin,1.0,9.0,0.7,True,0.028637827019079756,0.0,0.04,1155043.7297997407,ST,0.2694379060868131
orbit_a0.0450.bin,1.0,9.0,0.7,True,0.028637827019079756,0.0,0.045000000000000005,12311.291032280506,EJ,
