file,m_A (Msun),m_B (Msun),e,apapse,m_P (Msun),l (rad),a (AU),t_stop (day),stability,delta_r
orbit_p0.0250.bin,1.0,9.0,0.7,False,0.028637827019079756,0.0,0.025,1155043.7297997407,ST,0.029932182954929467
orbit_p0.0300.bin,1.0,9.0,0.7,False,0.028637827019079756,0.0,0.03,1155043.7297997407,ST,0.037572777160104834
orbit_p0.0350.bin,1.0,9.0,0.7,False,0.028637827019079756,0.0,0.035,1155043.7297997407,ST,0.0495971601666242
orbit_p0.0400.bin,1.0,9.0,0.7,False,0.028637827019079756,0.0,0.04,1155043.7297997407,ST,0.16105875636613906
orbit_p0.0450.bin,1.0,9.0,0.7,False,0.028637827019079756,0.0,0.045000000000000005,370452.3516725167,EJ,
