file,m_A (Msun),m_B (Msun),e,apapse,m_P (Msun),l (rad),a (AU),t_stop (day),stability,delta_r
orbit_a0.0800.bin,1.0,1.5,0.5,True,0.000954594233969325,1.5707963267948966,0.08,2310087.4595994814,ST,0.042256032579266245
orbit_a0.0900.bin,1.0,1.5,0.5,True,0.000954594233969325,1.5707963267948966,0.09000000000000001,2310087.4595994814,ST,0.04392649725889698
orbit_a0.1000.bin,1.0,1.5,0.5,True,0.000954594233969325,1.5707963267948966,0.1,2310087.4595994814,ST,0.047053891751204203
orbit_a0.1100.bin,1.0,1.5,0.5,True,0.000954594233969325,1.5707963267948966,0.11,2310087.4595994814,ST,0.04028350889633832
orbit_a0.1200.bin,1.0,1.5,0.5,True,0.000954594233969325,1.5707963267948966,0.12,358759.0593425901,CA,
