file,m_A (Msun),m_B (Msun),e,apapse,m_P (Msun),l (rad),a (AU),t_stop (day),stability,delta_r
orbit_p0.0800.bin,1.0,1.5,0.5,False,0.000954594233969325,1.5707963267948966,0.08,2310087.4595994814,ST,0.04252424882100063
orbit_p0.0900.bin,1.0,1.5,0.5,False,0.000954594233969325,1.5707963267948966,0.09000000000000001,2310087.4595994814,ST,0.049205279677421075
orbit_p0.1000.bin,1.0,1.5,0.5,False,0.000954594233969325,1.5707963267948966,0.1,2310087.4595994814,ST,0.0609027728089457
orbit_p0.1100.bin,1.0,1.5,0.5,False,0.000954594233969325,1.5707963267948966,0.11,852642.181732768,CA,
orbit_p0.1200.bin,1.0,1.5,0.5,False,0.000954594233969325,1.5707963267948966,0.12,9707.015635393036,CA,
