file,m_A (Msun),m_B (Msun),e,apapse,m_P (Msun),l (rad),a (AU),t_stop (day),stability,delta_r
orbit_a0.0300.bin,1.0,1.4999999999999998,0.7,True,0.028637827019079756,3.1415926535897927,0.03,2310087.4595994814,ST,0.03522875896321523
orbit_a0.0400.bin,1.0,1.4999999999999998,0.7,True,0.028637827019079756,3.1415926535897927,0.04,2310087.4595994814,ST,0.042288177276701984
orbit_a0.0500.bin,1.0,1.4999999999999998,0.7,True,0.028637827019079756,3.1415926535897927,0.05,2310087.4595994814,ST,0.04912760516746378
orbit_a0.0600.bin,1.0,1.4999999999999998,0.7,True,0.028637827019079756,3.1415926535897927,0.06000000000000001,2310087.4595994814,ST,0.05675511252729638
orbit_a0.0700.bin,1.0,1.4999999999999998,0.7,True,0.028637827019079756,3.1415926535897927,0.07,2265438.481268526,CA,
