file,m_A (Msun),m_B (Msun),e,apapse,m_P (Msun),l (rad),a (AU),t_stop (day),stability,delta_r
orbit_p0.1300.bin,1.0,4.0,0.1,False,0.028637827019079756,1.5707963267948966,0.13,1633478.507816798,ST,0.04678329890114098
orbit_p0.1400.bin,1.0,4.0,0.1,False,0.028637827019079756,1.5707963267948966,0.14,1633478.507816798,ST,0.06916100323685956
orbit_p0.1500.bin,1.0,4.0,0.1,False,0.028637827019079756,1.5707963267948966,0.15,1633478.507816798,ST,0.10213674618539323
orbit_p0.1600.bin,1.0,4.0,0.1,False,0.028637827019079756,1.5707963267948966,0.16,5109.203694030855,CA,
orbit_p0.1700.bin,1.0,4.0,0.1,False,0.028637827019079756,1.5707963267948966,0.16999999999999998,1602.5344545524317,CA,
