file,m_A (Msun),m_B (Msun),e,apapse,m_P (Msun),l (rad),a (AU),t_stop (day),stability,delta_r
orbit_p0.1800.bin,1.0,0.25,0.4,False,0.000954594233969325,1.5707963267948966,0.18000000000000002,3266957.015633596,ST,0.06401977482372362
orbit_p0.1900.bin,1.0,0.25,0.4,False,0.000954594233969325,1.5707963267948966,0.19,3266957.015633596,ST,0.06416231536313056
orbit_p0.2000.bin,1.0,0.25,0.4,False,0.000954594233969325,1.5707963267948966,0.2,3266957.015633596,ST,0.06090541914143295
orbit_p0.2100.bin,1.0,0.25,0.4,False,0.000954594233969325,1.5707963267948966,0.21,217626.899013626,CA,
orbit_p0.2200.bin,1.0,0.25,0.4,False,0.000954594233969325,1.5707963267948966,0.22,172796.33096487823,CA,
