file,m_A (Msun),m_B (Msun),e,apapse,m_P (Msun),l (rad),a (AU),t_stop (day),stability,delta_r
orbit_a0.1300.bin,1.0,1.0,0.4,True,0.000954594233969325,4.712388980384691,0.13,2582756.29681712,ST,0.04020920092641587
orbit_a0.1400.bin,1.0,1.0,0.4,True,0.000954594233969325,4.712388980384691,0.14,2582756.29681712,ST,0.04341184362034535
orbit_a0.1500.bin,1.0,1.0,0.4,True,0.000954594233969325,4.712388980384691,0.15,2582756.29681712,ST,0.04993313734262372
orbit_a0.1600.bin,1.0,1.0,0.4,True,0.000954594233969325,4.712388980384691,0.16,2582756.29681712,ST,0.04525881716487202
orbit_a0.1700.bin,1.0,1.0,0.4,True,0.000954594233969325,4.712388980384691,0.16999999999999998,132893.934165157,CA,
