file,m_A (Msun),m_B (Msun),e,apapse,m_P (Msun),l (rad),a (AU),t_stop (day),stability,delta_r
orbit_a0.1700.bin,1.0,0.6666666666666667,0.3,True,0.028637827019079756,3.1415926535897927,0.17,2829267.7686104896,ST,0.038419034381723824
orbit_a0.1800.bin,1.0,0.6666666666666667,0.3,True,0.028637827019079756,3.1415926535897927,0.18,2829267.7686104896,ST,0.035167830211172514
orbit_a0.1900.bin,1.0,0.6666666666666667,0.3,True,0.028637827019079756,3.1415926535897927,0.19,2829267.7686104896,ST,0.03876167100172586
orbit_a0.2000.bin,1.0,0.6666666666666667,0.3,True,0.028637827019079756,3.1415926535897927,0.2,2829267.7686104896,ST,0.03241628016412196
orbit_a0.2100.bin,1.0,0.6666666666666667,0.3,True,0.028637827019079756,3.1415926535897927,0.21,2829267.7686104896,ST,0.032399180437250555
