file,m_A (Msun),m_B (Msun),e,apapse,m_P (Msun),l (rad),a (AU),t_stop (day),stability,delta_r
orbit_p0.1700.bin,1.0,0.6666666666666667,0.3,False,0.028637827019079756,3.1415926535897927,0.17,2829267.7686104896,ST,0.028772809944962827
orbit_p0.1800.bin,1.0,0.6666666666666667,0.3,False,0.028637827019079756,3.1415926535897927,0.18,2829267.7686104896,ST,0.02866785801245954
orbit_p0.1900.bin,1.0,0.6666666666666667,0.3,False,0.028637827019079756,3.1415926535897927,0.19,2829267.7686104896,ST,0.03313309528452628
orbit_p0.2000.bin,1.0,0.6666666666666667,0.3,False,0.028637827019079756,3.1415926535897927,0.2,2829267.7686104896,ST,0.041840037370019206
orbit_p0.2100.bin,1.0,0.6666666666666667,0.3,False,0.028637827019079756,3.1415926535897927,0.21,2829267.7686104896,ST,0.03466238766089201
