file,m_A (Msun),m_B (Msun),e,apapse,m_P (Msun),l (rad),a (AU),t_stop (day),stability,delta_r
orbit_a0.1200.bin,1.0,0.4285714285714286,0.5,True,0.000954594233969325,4.712388980384691,0.12,3055958.462454599,ST,0.06172406078061057
orbit_a0.1300.bin,1.0,0.4285714285714286,0.5,True,0.000954594233969325,4.712388980384691,0.13,3055958.462454599,ST,0.06289085667500091
orbit_a0.1400.bin,1.0,0.4285714285714286,0.5,True,0.000954594233969325,4.712388980384691,0.14,3055958.462454599,ST,0.06677228433962332
orbit_a0.1500.bin,1.0,0.4285714285714286,0.5,True,0.000954594233969325,4.712388980384691,0.15000000000000002,3055958.462454599,ST,0.08555150749896934
orbit_a0.1600.bin,1.0,0.4285714285714286,0.5,True,0.000954594233969325,4.712388980384691,0.16,699109.5093873905,CA,
