file,m_A (Msun),m_B (Msun),e,apapse,m_P (Msun),l (rad),a (AU),t_stop (day),stability,delta_r
orbit_p0.0600.bin,1.0,4.0,0.5,False,0.000954594233969325,0.0,0.06,1633478.507816798,ST,0.029152996616444583
orbit_p0.0700.bin,1.0,4.0,0.5,False,0.000954594233969325,0.0,0.07,1633478.507816798,ST,0.04640760753804628
orbit_p0.0800.bin,1.0,4.0,0.5,False,0.000954594233969325,0.0,0.08,1633478.507816798,ST,0.06366096732089369
orbit_p0.0900.bin,1.0,4.0,0.5,False,0.000954594233969325,0.0,0.09,1633478.507816798,ST,0.07680391456345524
orbit_p0.1000.bin,1.0,4.0,0.5,False,0.000954594233969325,0.0,0.1,106952.06309565676,EJ,
