file,m_A (Msun),m_B (Msun),e,apapse,m_P (Msun),l (rad),a (AU),t_stop (day),stability,delta_r
orbit_a0.17.bin,1.0,1.0,0.3,True,0.0,2.3561944901923453,0.17,2582756.29681712,ST,0.035650937840720605
orbit_a0.18.bin,1.0,1.0,0.3,True,0.0,2.3561944901923453,0.18,2582756.29681712,ST,0.038495511813055876
orbit_a0.19.bin,1.0,1.0,0.3,True,0.0,2.3561944901923453,0.19,2582756.29681712,ST,0.03464372738792188
orbit_a0.20.bin,1.0,1.0,0.3,True,0.0,2.3561944901923453,0.2,2582756.29681712,ST,0.053480678277769096
