file,m_A (Msun),m_B (Msun),e,apapse,m_P (Msun),l (rad),a (AU),t_stop (day),stability,delta_r
orbit_p0.17.bin,1.0,1.0,0.3,False,0.0,2.3561944901923453,0.17,2582756.29681712,ST,0.03734864934279739
orbit_p0.18.bin,1.0,1.0,0.3,False,0.0,2.3561944901923453,0.18,2582756.29681712,ST,0.04878710565782334
orbit_p0.19.bin,1.0,1.0,0.3,False,0.0,2.3561944901923453,0.19,687604.1655663158,CA,
orbit_p0.20.bin,1.0,1.0,0.3,False,0.0,2.3561944901923453,0.2,164325.54209120545,CA,
