file,m_A (Msun),m_B (Msun),e,apapse,m_P (Msun),l (rad),a (AU),t_stop (day),stability,delta_r
orbit_p0.0250.bin,1.0,1.4999999999999998,0.8,False,0.028637827019079756,3.1415926535897927,0.025,2310087.4595994814,ST,0.040817457158123106
orbit_p0.0300.bin,1.0,1.4999999999999998,0.8,False,0.028637827019079756,3.1415926535897927,0.03,2310087.4595994814,ST,0.043194910081370684
orbit_p0.0350.bin,1.0,1.4999999999999998,0.8,False,0.028637827019079756,3.1415926535897927,0.035,2310087.4595994814,ST,0.04189325798381239
orbit_p0.0400.bin,1.0,1.4999999999999998,0.8,False,0.028637827019079756,3.1415926535897927,0.04,2310087.4595994814,ST,0.1900950433968376
orbit_p0.0450.bin,1.0,1.4999999999999998,0.8,False,0.028637827019079756,3.1415926535897927,0.045000000000000005,621948.8880126872,CA,
