file,m_A (Msun),m_B (Msun),e,apapse,m_P (Msun),l (rad),a (AU),t_stop (day),stability,delta_r
orbit_p0.0600.bin,1.0,1.5,0.6,False,0.000954594233969325,3.1415926535897927,0.06,2310087.4595994814,ST,0.03809016286150924
orbit_p0.0700.bin,1.0,1.5,0.6,False,0.000954594233969325,3.1415926535897927,0.07,2310087.4595994814,ST,0.03855381703139347
orbit_p0.0800.bin,1.0,1.5,0.6,False,0.000954594233969325,3.1415926535897927,0.08,2310087.4595994814,ST,0.0358766690013945
orbit_p0.0900.bin,1.0,1.5,0.6,False,0.000954594233969325,3.1415926535897927,0.09,2310087.4595994814,ST,0.039799214356783734
orbit_p0.1000.bin,1.0,1.5,0.6,False,0.000954594233969325,3.1415926535897927,0.1,45732.04042476229,CA,
