file,m_A (Msun),m_B (Msun),e,apapse,m_P (Msun),l (rad),a (AU),t_stop (day),stability,delta_r
orbit_a0.0600.bin,1.0,1.5,0.6,True,0.000954594233969325,3.1415926535897927,0.06,2310087.4595994814,ST,0.04565587975233334
orbit_a0.0700.bin,1.0,1.5,0.6,True,0.000954594233969325,3.1415926535897927,0.07,2310087.4595994814,ST,0.04667025346742756
orbit_a0.0800.bin,1.0,1.5,0.6,True,0.000954594233969325,3.1415926535897927,0.08,2310087.4595994814,ST,0.04447110387192317
orbit_a0.0900.bin,1.0,1.5,0.6,True,0.000954594233969325,3.1415926535897927,0.09,2310087.4595994814,ST,0.0406747024711748
orbit_a0.1000.bin,1.0,1.5,0.6,True,0.000954594233969325,3.1415926535897927,0.1,10741.06795772033,CA,
