file,m_A (Msun),m_B (Msun),e,apapse,m_P (Msun),l (rad),a (AU),t_stop (day),stability,delta_r
orbit_p0.0600.bin,1.0,4.0,0.5,False,0.028637827019079756,4.712388980384691,0.06,1633478.507816798,ST,0.03381217865004883
orbit_p0.0700.bin,1.0,4.0,0.5,False,0.028637827019079756,4.712388980384691,0.07,1633478.507816798,ST,0.04571300147054487
orbit_p0.0800.bin,1.0,4.0,0.5,False,0.028637827019079756,4.712388980384691,0.08,1633478.507816798,ST,0.07885222930010907
orbit_p0.0900.bin,1.0,4.0,0.5,False,0.028637827019079756,4.712388980384691,0.09,8532.270847692242,CA,
orbit_p0.1000.bin,1.0,4.0,0.5,False,0.028637827019079756,4.712388980384691,0.1,9102.422060886554,CA,
