file,m_A (Msun),m_B (Msun),e,apapse,m_P (Msun),l (rad),a (AU),t_stop (day),stability,delta_r
orbit_a0.1400.bin,1.0,2.333333333333333,0.2,True,0.000954594233969325,1.5707963267948966,0.14,2000594.4249770087,ST,0.031003325771060287
orbit_a0.1500.bin,1.0,2.333333333333333,0.2,True,0.000954594233969325,1.5707963267948966,0.15,2000594.4249770087,ST,0.0352794384965362
orbit_a0.1600.bin,1.0,2.333333333333333,0.2,True,0.000954594233969325,1.5707963267948966,0.16,2000594.4249770087,ST,0.04626349015868886
orbit_a0.1700.bin,1.0,2.333333333333333,0.2,True,0.000954594233969325,1.5707963267948966,0.17,2000594.4249770087,ST,0.04984416877509575
orbit_a0.1800.bin,1.0,2.333333333333333,0.2,True,0.000954594233969325,1.5707963267948966,0.18,11648.148250554956,CA,
