file,m_A (Msun),m_B (Msun),e,apapse,m_P (Msun),l (rad),a (AU),t_stop (day),stability,delta_r
orbit_p0.1800.bin,1.0,1.5,0.1,False,0.000954594233969325,0.0,0.18000000000000002,2310087.4595994814,ST,0.029857362693923153
orbit_p0.1900.bin,1.0,1.5,0.1,False,0.000954594233969325,0.0,0.19,2310087.4595994814,ST,0.03533960443624048
orbit_p0.2000.bin,1.0,1.5,0.1,False,0.000954594233969325,0.0,0.2,2310087.4595994814,ST,0.04046017313361708
orbit_p0.2100.bin,1.0,1.5,0.1,False,0.000954594233969325,0.0,0.21,2310087.4595994814,ST,0.04853817393226239
orbit_p0.2200.bin,1.0,1.5,0.1,False,0.000954594233969325,0.0,0.22,2310087.4595994814,ST,0.056069379059563225
