file,m_A (Msun),m_B (Msun),e,apapse,m_P (Msun),l (rad),a (AU),t_stop (day),stability,delta_r
orbit_a0.10.bin,1.0,0.4285714285714286,0.6,True,0.0,0.0,0.1,3055958.462454599,ST,0.06999869848923874
orbit_a0.11.bin,1.0,0.4285714285714286,0.6,True,0.0,0.0,0.11,3055958.462454599,ST,0.09271067845094941
orbit_a0.12.bin,1.0,0.4285714285714286,0.6,True,0.0,0.0,0.12,515385.82047655276,CA,
orbit_a0.13.bin,1.0,0.4285714285714286,0.6,True,0.0,0.0,0.13,24641.11809042001,CA,
