file,m_A (Msun),m_B (Msun),e,apapse,m_P (Msun),l (rad),a (AU),t_stop (day),stability,delta_r
orbit_p0.0350.bin,1.0,4.0,0.7,False,0.000954594233969325,3.1415926535897927,0.035,1633478.507816798,ST,0.028679873962856373
orbit_p0.0400.bin,1.0,4.0,0.7,False,0.000954594233969325,3.1415926535897927,0.04,1633478.507816798,ST,0.028786073467878998
orbit_p0.0450.bin,1.0,4.0,0.7,False,0.000954594233969325,3.1415926535897927,0.045,1633478.507816798,ST,0.03029843765621403
orbit_p0.0500.bin,1.0,4.0,0.7,False,0.000954594233969325,3.1415926535897927,0.05,1633478.507816798,ST,0.04922984937795858
orbit_p0.0550.bin,1.0,4.0,0.7,False,0.000954594233969325,3.1415926535897927,0.055,53578.81311315335,CA,
