file,m_A (Msun),m_B (Msun),e,apapse,m_P (Msun),l (rad),a (AU),t_stop (day),stability,delta_r
orbit_a0.0350.bin,1.0,4.0,0.7,True,0.000954594233969325,3.1415926535897927,0.035,1633478.507816798,ST,0.03568973798349721
orbit_a0.0400.bin,1.0,4.0,0.7,True,0.000954594233969325,3.1415926535897927,0.04,1633478.507816798,ST,0.039917657032471215
orbit_a0.0450.bin,1.0,4.0,0.7,True,0.000954594233969325,3.1415926535897927,0.045,1633478.507816798,ST,0.04394765602126807
orbit_a0.0500.bin,1.0,4.0,0.7,True,0.000954594233969325,3.1415926535897927,0.05,1633478.507816798,ST,0.04090863710586657
orbit_a0.0550.bin,1.0,4.0,0.7,True,0.000954594233969325,3.1415926535897927,0.055,36367.71717019155,CA,
