file,m_A (Msun),m_B (Msun),e,apapse,m_P (Msun),l (rad),a (AU),t_stop (day),stability,delta_r
orbit_a0.0500.bin,1.0,0.4285714285714286,0.7,True,0.028637827019079756,4.712388980384691,0.05,3055958.462454599,ST,0.05788335584145477
orbit_a0.0600.bin,1.0,0.4285714285714286,0.7,True,0.028637827019079756,4.712388980384691,0.06000000000000001,3055958.462454599,ST,0.06766350336609864
orbit_a0.0700.bin,1.0,0.4285714285714286,0.7,True,0.028637827019079756,4.712388980384691,0.07,3055958.462454599,ST,0.07122085689458327
orbit_a0.0800.bin,1.0,0.4285714285714286,0.7,True,0.028637827019079756,4.712388980384691,0.08,3055958.462454599,ST,0.21575676120013462
orbit_a0.0900.bin,1.0,0.4285714285714286,0.7,True,0.028637827019079756,4.712388980384691,0.09000000000000001,183841.622632344,CA,
