file,m_A (Msun),m_B (Msun),e,apapse,m_P (Msun),l (rad),a (AU),t_stop (day),stability,delta_r
orbit_p0.0500.bin,1.0,0.4285714285714286,0.7,False,0.028637827019079756,4.712388980384691,0.05,3055958.462454599,ST,0.05984795669783761
orbit_p0.0600.bin,1.0,0.4285714285714286,0.7,False,0.028637827019079756,4.712388980384691,0.06000000000000001,3055958.462454599,ST,0.06747984752632091
orbit_p0.0700.bin,1.0,0.4285714285714286,0.7,False,0.028637827019079756,4.712388980384691,0.07,3055958.462454599,ST,0.07283142808132335
orbit_p0.0800.bin,1.0,0.4285714285714286,0.7,False,0.028637827019079756,4.712388980384691,0.08,1501102.4571657053,CA,
orbit_p0.0900.bin,1.0,0.4285714285714286,0.7,False,0.028637827019079756,4.712388980384691,0.09000000000000001,883999.6471206638,CA,
