file,m_A (Msun),m_B (Msun),e,apapse,m_P (Msun),l (rad),a (AU),t_stop (day),stability,delta_r
orbit_p0.1100.bin,1.0,4.0,0.2,False,0.000954594233969325,0.0,0.11,1633478.507816798,ST,0.02866161531531843
orbit_p0.1200.bin,1.0,4.0,0.2,False,0.000954594233969325,0.0,0.12,1633478.507816798,ST,0.03464560414647477
orbit_p0.1300.bin,1.0,4.0,0.2,False,0.000954594233969325,0.0,0.13,1633478.507816798,ST,0.042587831023754165
orbit_p0.1400.bin,1.0,4.0,0.2,False,0.000954594233969325,0.0,0.14,1633478.507816798,ST,0.04963501065236635
orbit_p0.1500.bin,1.0,4.0,0.2,False,0.000954594233969325,0.0,0.15,1633478.507816798,ST,0.061476667083689394
