file,m_A (Msun),m_B (Msun),e,apapse,m_P (Msun),l (rad),a (AU),t_stop (day),stability,delta_r
orbit_a0.2400.bin,1.0,1.0,0.0,True,0.000954594233969325,3.1415926535897927,0.24,2582756.29681712,ST,0.03228347714329764
orbit_a0.2500.bin,1.0,1.0,0.0,True,0.000954594233969325,3.1415926535897927,0.25,2582756.29681712,ST,0.03680487056237404
orbit_a0.2600.bin,1.0,1.0,0.0,True,0.000954594233969325,3.1415926535897927,0.26,2582756.29681712,ST,0.04342136452160773
orbit_a0.2700.bin,1.0,1.0,0.0,True,0.000954594233969325,3.1415926535897927,0.27,2582756.29681712,ST,0.04985235946902223
orbit_a0.2800.bin,1.0,1.0,0.0,True,0.000954594233969325,3.1415926535897927,0.28,2582756.29681712,ST,0.05745501618170826
