file,m_A (Msun),m_B (Msun),e,apapse,m_P (Msun),l (rad),a (AU),t_stop (day),stability,delta_r
orbit_p0.2300.bin,1.0,0.25,0.3,False,0.0,3.1415926535897927,0.23,3266957.015633596,ST,0.031655121251164216
orbit_p0.2400.bin,1.0,0.25,0.3,False,0.0,3.1415926535897927,0.24,3266957.015633596,ST,0.03644006290179638
orbit_p0.2500.bin,1.0,0.25,0.3,False,0.0,3.1415926535897927,0.25,3266957.015633596,ST,0.03113602954100026
orbit_p0.2600.bin,1.0,0.25,0.3,False,0.0,3.1415926535897927,0.26,410721.25961648725,CA,
