file,m_A (Msun),m_B (Msun),e,apapse,m_P (Msun),l (rad),a (AU),t_stop (day),stability,delta_r
orbit_p0.2400.bin,1.0,1.0,0.0,False,0.000954594233969325,4.712388980384691,0.24,2582756.29681712,ST,0.0729103229452036
orbit_p0.2500.bin,1.0,1.0,0.0,False,0.000954594233969325,4.712388980384691,0.25,2582756.29681712,ST,0.09080108946963064
orbit_p0.2600.bin,1.0,1.0,0.0,False,0.000954594233969325,4.712388980384691,0.26,2582756.29681712,ST,0.11910930534133762
orbit_p0.2700.bin,1.0,1.0,0.0,False,0.000954594233969325,4.712388980384691,0.27,510.8057688215682,CA,
orbit_p0.2800.bin,1.0,1.0,0.0,False,0.000954594233969325,4.712388980384691,0.28,3683.42242597,CB,
