file,m_A (Msun),m_B (Msun),e,apapse,m_P (Msun),l (rad),a (AU),t_stop (day),stability,delta_r
orbit_a0.2400.bin,1.0,1.0,0.0,True,0.000954594233969325,4.712388980384691,0.24,2582756.29681712,ST,0.07142938192184024
orbit_a0.2500.bin,1.0,1.0,0.0,True,0.000954594233969325,4.712388980384691,0.25,2582756.29681712,ST,0.091154279575607
orbit_a0.2600.bin,1.0,1.0,0.0,True,0.000954594233969325,4.712388980384691,0.26,2582756.29681712,ST,0.1207100175821522
orbit_a0.2700.bin,1.0,1.0,0.0,True,0.000954594233969325,4.712388980384691,0.27,802.662988954704,CA,
orbit_a0.2800.bin,1.0,1.0,0.0,True,0.000954594233969325,4.712388980384691,0.28,3047.749284501627,CA,
