file,m_A (Msun),m_B (Msun),e,apapse,m_P (Msun),l (rad),a (AU),t_stop (day),stability,delta_r
orbit_p0.0350.bin,1.0,4.0,0.7,False,0.000954594233969325,0.0,0.035,1633478.507816798,ST,0.041966023435984344
orbit_p0.0400.bin,1.0,4.0,0.7,False,0.000954594233969325,0.0,0.04,1633478.507816798,ST,0.04785220274458766
orbit_p0.0450.bin,1.0,4.0,0.7,False,0.000954594233969325,0.0,0.045,1633478.507816798,ST,0.06308723344196474
orbit_p0.0500.bin,1.0,4.0,0.7,False,0.000954594233969325,0.0,0.05,298714.9342536643,EJ,
orbit_p0.0550.bin,1.0,4.0,0.7,False,0.000954594233969325,0.0,0.055,170219.52710799355,CA,
