file,m_A (Msun),m_B (Msun),e,apapse,m_P (Msun),l (rad),a (AU),t_stop (day),stability,delta_r
orbit_a0.0350.bin,1.0,4.0,0.7,True,0.000954594233969325,0.0,0.035,1633478.507816798,ST,0.0364029114398838
orbit_a0.0400.bin,1.0,4.0,0.7,True,0.000954594233969325,0.0,0.04,1633478.507816798,ST,0.03414532991033182
orbit_a0.0450.bin,1.0,4.0,0.7,True,0.000954594233969325,0.0,0.045,1633478.507816798,ST,0.04403770948754716
orbit_a0.0500.bin,1.0,4.0,0.7,True,0.000954594233969325,0.0,0.05,800065.1140787724,CA,
orbit_a0.0550.bin,1.0,4.0,0.7,True,0.000954594233969325,0.0,0.055,116344.58630872125,CA,
