file,m_A (Msun),m_B (Msun),e,apapse,m_P (Msun),l (rad),a (AU),t_stop (day),stability,delta_r
orbit_a0.2300.bin,1.0,0.4285714285714286,0.2,True,0.000954594233969325,4.712388980384691,0.23,3055958.462454599,ST,0.035416438412867894
orbit_a0.2400.bin,1.0,0.4285714285714286,0.2,True,0.000954594233969325,4.712388980384691,0.24,3055958.462454599,ST,0.03714632738596981
orbit_a0.2500.bin,1.0,0.4285714285714286,0.2,True,0.000954594233969325,4.712388980384691,0.25,3055958.462454599,ST,0.039880859322329015
orbit_a0.2600.bin,1.0,0.4285714285714286,0.2,True,0.000954594233969325,4.712388980384691,0.26,3055958.462454599,ST,0.0399236809536922
orbit_a0.2700.bin,1.0,0.4285714285714286,0.2,True,0.000954594233969325,4.712388980384691,0.27,2590740.272423353,CA,
