file,m_A (Msun),m_B (Msun),e,apapse,m_P (Msun),l (rad),a (AU),t_stop (day),stability,delta_r
orbit_p0.2300.bin,1.0,0.25,0.3,False,0.0,4.712388980384691,0.23,3266957.015633596,ST,0.08465067732434182
orbit_p0.2400.bin,1.0,0.25,0.3,False,0.0,4.712388980384691,0.24,3266957.015633596,ST,0.062959215499465
orbit_p0.2500.bin,1.0,0.25,0.3,False,0.0,4.712388980384691,0.25,784126.177767929,CA,
orbit_p0.2600.bin,1.0,0.25,0.3,False,0.0,4.712388980384691,0.26,2271003.3554313937,CA,
