file,m_A (Msun),m_B (Msun),e,apapse,m_P (Msun),l (rad),a (AU),t_stop (day),stability,delta_r
orbit_a0.1600.bin,1.0,1.0,0.3,True,0.028637827019079756,3.1415926535897927,0.16,2582756.29681712,ST,0.035567477070354306
orbit_a0.1700.bin,1.0,1.0,0.3,True,0.028637827019079756,3.1415926535897927,0.16999999999999998,2582756.29681712,ST,0.031016685730804343
orbit_a0.1800.bin,1.0,1.0,0.3,True,0.028637827019079756,3.1415926535897927,0.18,2582756.29681712,ST,0.03619373880842489
orbit_a0.1900.bin,1.0,1.0,0.3,True,0.028637827019079756,3.1415926535897927,0.19,2582756.29681712,ST,0.027410118005558728
orbit_a0.2000.bin,1.0,1.0,0.3,True,0.028637827019079756,3.1415926535897927,0.2,2582756.29681712,ST,0.03548436204716704
