file,m_A (Msun),m_B (Msun),e,apapse,m_P (Msun),l (rad),a (AU),t_stop (day),stability,delta_r
orbit_a0.0300.bin,1.0,0.11111111111111112,0.8,True,0.000954594233969325,3.1415926535897927,0.03,3465131.189399222,ST,0.06618643857322751
orbit_a0.0400.bin,1.0,0.11111111111111112,0.8,True,0.000954594233969325,3.1415926535897927,0.04,3465131.189399222,ST,0.08622461409080699
orbit_a0.0500.bin,1.0,0.11111111111111112,0.8,True,0.000954594233969325,3.1415926535897927,0.05,3465131.189399222,ST,0.09870656345299572
orbit_a0.0600.bin,1.0,0.11111111111111112,0.8,True,0.000954594233969325,3.1415926535897927,0.06000000000000001,3465131.189399222,ST,0.10463928793001845
orbit_a0.0700.bin,1.0,0.11111111111111112,0.8,True,0.000954594233969325,3.1415926535897927,0.07,203913.21029902305,EJ,
