file,m_A (Msun),m_B (Msun),e,apapse,m_P (Msun),l (rad),a (AU),t_stop (day),stability,delta_r
orbit_p0.1200.bin,1.0,0.4285714285714286,0.5,False,0.000954594233969325,0.0,0.12,3055958.462454599,ST,0.06881991254756399
orbit_p0.1300.bin,1.0,0.4285714285714286,0.5,False,0.000954594233969325,0.0,0.13,3055958.462454599,ST,0.07359334076886033
orbit_p0.1400.bin,1.0,0.4285714285714286,0.5,False,0.000954594233969325,0.0,0.14,3055958.462454599,ST,0.07511581229935614
orbit_p0.1500.bin,1.0,0.4285714285714286,0.5,False,0.000954594233969325,0.0,0.15000000000000002,3055958.462454599,ST,0.09213019733865088
orbit_p0.1600.bin,1.0,0.4285714285714286,0.5,False,0.000954594233969325,0.0,0.16,343274.98209353274,CA,
