file,m_A (Msun),m_B (Msun),e,apapse,m_P (Msun),l (rad),a (AU),t_stop (day),stability,delta_r
orbit_a0.1200.bin,1.0,0.4285714285714286,0.5,True,0.000954594233969325,0.0,0.12,3055958.462454599,ST,0.06361998428973661
orbit_a0.1300.bin,1.0,0.4285714285714286,0.5,True,0.000954594233969325,0.0,0.13,3055958.462454599,ST,0.058788124565881325
orbit_a0.1400.bin,1.0,0.4285714285714286,0.5,True,0.000954594233969325,0.0,0.14,3055958.462454599,ST,0.07313531779479908
orbit_a0.1500.bin,1.0,0.4285714285714286,0.5,True,0.000954594233969325,0.0,0.15000000000000002,3055958.462454599,ST,0.06574730139313381
orbit_a0.1600.bin,1.0,0.4285714285714286,0.5,True,0.000954594233969325,0.0,0.16,367441.7064204637,CA,
