file,m_A (Msun),m_B (Msun),e,apapse,m_P (Msun),l (rad),a (AU),t_stop (day),stability,delta_r
orbit_p0.19.bin,1.0,1.0,0.2,False,0.0,1.5707963267948966,0.19,2582756.29681712,ST,0.06387982984637909
orbit_p0.20.bin,1.0,1.0,0.2,False,0.0,1.5707963267948966,0.2,2582756.29681712,ST,0.14265300372354386
orbit_p0.21.bin,1.0,1.0,0.2,False,0.0,1.5707963267948966,0.21,2582756.29681712,ST,0.09589294072561036
orbit_p0.22.bin,1.0,1.0,0.2,False,0.0,1.5707963267948966,0.22,30544.801150946983,CA,
