file,m_A (Msun),m_B (Msun),e,apapse,m_P (Msun),l (rad),a (AU),t_stop (day),stability,delta_r
orbit_a0.19.bin,1.0,1.0,0.2,True,0.0,1.5707963267948966,0.19,2582756.29681712,ST,0.03603849877479211
orbit_a0.20.bin,1.0,1.0,0.2,True,0.0,1.5707963267948966,0.2,2582756.29681712,ST,0.03957957497213325
orbit_a0.21.bin,1.0,1.0,0.2,True,0.0,1.5707963267948966,0.21,2582756.29681712,ST,0.039647290836636234
orbit_a0.22.bin,1.0,1.0,0.2,True,0.0,1.5707963267948966,0.22,1106649.7760578329,CB,
