file,m_A (Msun),m_B (Msun),e,apapse,m_P (Msun),l (rad),a (AU),t_stop (day),stability,delta_r
orbit_a0.0400.bin,1.0,0.25,0.8,True,0.0,1.5707963267948966,0.04,3266957.015633596,ST,0.0814230189910838
orbit_a0.0500.bin,1.0,0.25,0.8,True,0.0,1.5707963267948966,0.05,3266957.015633596,ST,0.1015424377004059
orbit_a0.0600.bin,1.0,0.25,0.8,True,0.0,1.5707963267948966,0.06,1636581.195782843,CA,
orbit_a0.0700.bin,1.0,0.25,0.8,True,0.0,1.5707963267948966,0.07,121382.46532545672,CA,
