file,m_A (Msun),m_B (Msun),e,apapse,m_P (Msun),l (rad),a (AU),t_stop (day),stability,delta_r
orbit_p0.0400.bin,1.0,0.25,0.8,False,0.0,1.5707963267948966,0.04,3266957.015633596,ST,0.080750182369259
orbit_p0.0500.bin,1.0,0.25,0.8,False,0.0,1.5707963267948966,0.05,3266957.015633596,ST,0.09534150053638689
orbit_p0.0600.bin,1.0,0.25,0.8,False,0.0,1.5707963267948966,0.06,115647.72997900269,CA,
orbit_p0.0700.bin,1.0,0.25,0.8,False,0.0,1.5707963267948966,0.07,212033.2177890697,CA,
