file,m_A (Msun),m_B (Msun),e,apapse,m_P (Msun),l (rad),a (AU),t_stop (day),stability,delta_r
orbit_a0.2800.bin,1.0,0.4285714285714286,0.1,True,0.028637827019079756,1.5707963267948966,0.28,3055958.462454599,ST,0.03438326615283464
orbit_a0.2900.bin,1.0,0.4285714285714286,0.1,True,0.028637827019079756,1.5707963267948966,0.29,3055958.462454599,ST,0.037204489781847844
orbit_a0.3000.bin,1.0,0.4285714285714286,0.1,True,0.028637827019079756,1.5707963267948966,0.3,3055958.462454599,ST,0.03867535096208091
orbit_a0.3100.bin,1.0,0.4285714285714286,0.1,True,0.028637827019079756,1.5707963267948966,0.31,39198.757735592204,CA,
orbit_a0.3200.bin,1.0,0.4285714285714286,0.1,True,0.028637827019079756,1.5707963267948966,0.32,12576.493993639957,CA,
