file,m_A (Msun),m_B (Msun),e,apapse,m_P (Msun),l (rad),a (AU),t_stop (day),stability,delta_r
orbit_p0.2800.bin,1.0,0.4285714285714286,0.1,False,0.028637827019079756,1.5707963267948966,0.28,3055958.462454599,ST,0.06159509555273881
orbit_p0.2900.bin,1.0,0.4285714285714286,0.1,False,0.028637827019079756,1.5707963267948966,0.29,3055958.462454599,ST,0.0770278752974739
orbit_p0.3000.bin,1.0,0.4285714285714286,0.1,False,0.028637827019079756,1.5707963267948966,0.3,3055958.462454599,ST,0.10384363987597772
orbit_p0.3100.bin,1.0,0.4285714285714286,0.1,False,0.028637827019079756,1.5707963267948966,0.31,34844.42688891032,CA,
orbit_p0.3200.bin,1.0,0.4285714285714286,0.1,False,0.028637827019079756,1.5707963267948966,0.32,4830.250596456729,CA,
