file,m_A (Msun),m_B (Msun),e,apapse,m_P (Msun),l (rad),a (AU),t_stop (day),stability,delta_r
orbit_a0.3000.bin,1.0,0.25,0.1,True,0.028637827019079756,4.712388980384691,0.3,3266957.015633596,ST,0.0267514287139348
orbit_a0.3100.bin,1.0,0.25,0.1,True,0.028637827019079756,4.712388980384691,0.31,3266957.015633596,ST,0.027119392073804868
orbit_a0.3200.bin,1.0,0.25,0.1,True,0.028637827019079756,4.712388980384691,0.32,3266957.015633596,ST,0.07823750560869822
orbit_a0.3300.bin,1.0,0.25,0.1,True,0.028637827019079756,4.712388980384691,0.33,3266957.015633596,ST,0.04060075523090264
orbit_a0.3400.bin,1.0,0.25,0.1,True,0.028637827019079756,4.712388980384691,0.34,3266957.015633596,ST,0.0476026982460096
