file,m_A (Msun),m_B (Msun),e,apapse,m_P (Msun),l (rad),a (AU),t_stop (day),stability,delta_r
orbit_a0.0200.bin,1.0,0.4285714285714286,0.8,True,0.028637827019079756,3.1415926535897927,0.02,3055958.462454599,ST,0.040117525450895156
orbit_a0.0300.bin,1.0,0.4285714285714286,0.8,True,0.028637827019079756,3.1415926535897927,0.03,3055958.462454599,ST,0.0591387273775666
orbit_a0.0400.bin,1.0,0.4285714285714286,0.8,True,0.028637827019079756,3.1415926535897927,0.04,3055958.462454599,ST,0.07189351359930242
orbit_a0.0500.bin,1.0,0.4285714285714286,0.8,True,0.028637827019079756,3.1415926535897927,0.05,3055958.462454599,ST,0.14779207757626345
orbit_a0.0600.bin,1.0,0.4285714285714286,0.8,True,0.028637827019079756,3.1415926535897927,0.06,194876.53579624425,CA,
