file,m_A (Msun),m_B (Msun),e,apapse,m_P (Msun),l (rad),a (AU),t_stop (day),stability,delta_r
orbit_p0.1200.bin,1.0,2.333333333333333,0.3,False,0.000954594233969325,1.5707963267948966,0.12,2000594.4249770087,ST,0.05011804585713181
orbit_p0.1300.bin,1.0,2.333333333333333,0.3,False,0.000954594233969325,1.5707963267948966,0.13,2000594.4249770087,ST,0.0720056842703199
orbit_p0.1400.bin,1.0,2.333333333333333,0.3,False,0.000954594233969325,1.5707963267948966,0.14,2000594.4249770087,ST,0.09787418170623033
orbit_p0.1500.bin,1.0,2.333333333333333,0.3,False,0.000954594233969325,1.5707963267948966,0.15000000000000002,2397.840279496472,CA,
orbit_p0.1600.bin,1.0,2.333333333333333,0.3,False,0.000954594233969325,1.5707963267948966,0.16,2179.3216309642753,CA,
