file,m_A (Msun),m_B (Msun),e,apapse,m_P (Msun),l (rad),a (AU),t_stop (day),stability,delta_r
orbit_p0.1800.bin,1.0,1.4999999999999998,0.1,False,0.028637827019079756,4.712388980384691,0.18000000000000002,2310087.4595994814,ST,0.04992842229006516
orbit_p0.1900.bin,1.0,1.4999999999999998,0.1,False,0.028637827019079756,4.712388980384691,0.19,2310087.4595994814,ST,0.06458201096658499
orbit_p0.2000.bin,1.0,1.4999999999999998,0.1,False,0.028637827019079756,4.712388980384691,0.2,2310087.4595994814,ST,0.08004033862196062
orbit_p0.2100.bin,1.0,1.4999999999999998,0.1,False,0.028637827019079756,4.712388980384691,0.21,2310087.4595994814,ST,0.10680352276321882
orbit_p0.2200.bin,1.0,1.4999999999999998,0.1,False,0.028637827019079756,4.712388980384691,0.22,11288.628318434963,CA,
