file,m_A (Msun),m_B (Msun),e,apapse,m_P (Msun),l (rad),a (AU),t_stop (day),stability,delta_r
orbit_a0.4300.bin,1.0,0.11111111111111112,0.0,True,0.028637827019079756,0.0,0.43,3465131.189399222,ST,0.030786732121166432
orbit_a0.4400.bin,1.0,0.11111111111111112,0.0,True,0.028637827019079756,0.0,0.44,3465131.189399222,ST,0.032302135622166085
orbit_a0.4500.bin,1.0,0.11111111111111112,0.0,True,0.028637827019079756,0.0,0.45,3465131.189399222,ST,0.039287950109221585
orbit_a0.4600.bin,1.0,0.11111111111111112,0.0,True,0.028637827019079756,0.0,0.46,879892.3520221133,CA,
orbit_a0.4700.bin,1.0,0.11111111111111112,0.0,True,0.028637827019079756,0.0,0.47,9480.518034166182,CA,
