file,m_A (Msun),m_B (Msun),e,apapse,m_P (Msun),l (rad),a (AU),t_stop (day),stability,delta_r
orbit_p0.4300.bin,1.0,0.11111111111111112,0.0,False,0.028637827019079756,0.0,0.43,3465131.189399222,ST,0.04166249030365324
orbit_p0.4400.bin,1.0,0.11111111111111112,0.0,False,0.028637827019079756,0.0,0.44,3465131.189399222,ST,0.04530768140540987
orbit_p0.4500.bin,1.0,0.11111111111111112,0.0,False,0.028637827019079756,0.0,0.45,3465131.189399222,ST,0.052668855547076406
orbit_p0.4600.bin,1.0,0.11111111111111112,0.0,False,0.028637827019079756,0.0,0.46,3465131.189399222,ST,0.05999649927516386
orbit_p0.4700.bin,1.0,0.11111111111111112,0.0,False,0.028637827019079756,0.0,0.47,413020.81187265593,CA,
