file,m_A (Msun),m_B (Msun),e,apapse,m_P (Msun),l (rad),a (AU),t_stop (day),stability,delta_r
orbit_p0.3100.bin,1.0,0.25,0.1,False,0.0,4.712388980384691,0.31,3266957.015633596,ST,0.057458500693307366
orbit_p0.3200.bin,1.0,0.25,0.1,False,0.0,4.712388980384691,0.32,3266957.015633596,ST,0.13756321611658728
orbit_p0.3300.bin,1.0,0.25,0.1,False,0.0,4.712388980384691,0.33,3266957.015633596,ST,0.07176016347319529
orbit_p0.3400.bin,1.0,0.25,0.1,False,0.0,4.712388980384691,0.34,3266957.015633596,ST,0.08469144327816369
