file,m_A (Msun),m_B (Msun),e,apapse,m_P (Msun),l (rad),a (AU),t_stop (day),stability,delta_r
orbit_a0.1700.bin,1.0,1.4999999999999998,0.2,True,0.0,0.0,0.17,2310087.4595994814,ST,0.034846093177925246
orbit_a0.1800.bin,1.0,1.4999999999999998,0.2,True,0.0,0.0,0.18,2310087.4595994814,ST,0.04016963442561928
orbit_a0.1900.bin,1.0,1.4999999999999998,0.2,True,0.0,0.0,0.19,2310087.4595994814,ST,0.04394095233591851
orbit_a0.2000.bin,1.0,1.4999999999999998,0.2,True,0.0,0.0,0.2,2310087.4595994814,ST,0.04531332144503559
