file,m_A (Msun),m_B (Msun),e,apapse,m_P (Msun),l (rad),a (AU),t_stop (day),stability,delta_r
orbit_a0.23.bin,1.0,1.0,0.1,True,0.0,2.3561944901923453,0.23,2582756.29681712,ST,0.035085516999337235
orbit_a0.24.bin,1.0,1.0,0.1,True,0.0,2.3561944901923453,0.24,2582756.29681712,ST,0.041425348190568034
orbit_a0.25.bin,1.0,1.0,0.1,True,0.0,2.3561944901923453,0.25,2582756.29681712,ST,0.04920642181391439
orbit_a0.26.bin,1.0,1.0,0.1,True,0.0,2.3561944901923453,0.26,2460719.320242334,CA,
