file,m_A (Msun),m_B (Msun),e,apapse,m_P (Msun),l (rad),a (AU),t_stop (day),stability,delta_r
orbit_p0.0400.bin,1.0,4.0,0.6,False,0.000954594233969325,1.5707963267948966,0.04,1633478.507816798,ST,0.031007293494746502
orbit_p0.0500.bin,1.0,4.0,0.6,False,0.000954594233969325,1.5707963267948966,0.05,1633478.507816798,ST,0.0409877087490267
orbit_p0.0600.bin,1.0,4.0,0.6,False,0.000954594233969325,1.5707963267948966,0.06,1633478.507816798,ST,0.06643191867477737
orbit_p0.0700.bin,1.0,4.0,0.6,False,0.000954594233969325,1.5707963267948966,0.06999999999999999,159348.41509346775,EJ,
orbit_p0.0800.bin,1.0,4.0,0.6,False,0.000954594233969325,1.5707963267948966,0.08,4223.939517850486,EJ,
