file,m_A (Msun),m_B (Msun),e,apapse,m_P (Msun),l (rad),a (AU),t_stop (day),stability,delta_r
orbit_a0.0400.bin,1.0,4.0,0.6,True,0.000954594233969325,1.5707963267948966,0.04,1633478.507816798,ST,0.030069103492164073
orbit_a0.0500.bin,1.0,4.0,0.6,True,0.000954594233969325,1.5707963267948966,0.05,1633478.507816798,ST,0.03902577597190735
orbit_a0.0600.bin,1.0,4.0,0.6,True,0.000954594233969325,1.5707963267948966,0.06,1633478.507816798,ST,0.03450734250833683
orbit_a0.0700.bin,1.0,4.0,0.6,True,0.000954594233969325,1.5707963267948966,0.06999999999999999,1625538.187512319,CA,
orbit_a0.0800.bin,1.0,4.0,0.6,True,0.000954594233969325,1.5707963267948966,0.08,26836.45408410282,EJ,
