file,m_A (Msun),m_B (Msun),e,apapse,m_P (Msun),l (rad),a (AU),t_stop (day),stability,delta_r
orbit_p0.1400.bin,1.0,1.5,0.3,False,0.000954594233969325,4.712388980384691,0.14,2310087.4595994814,ST,0.05360602333581631
orbit_p0.1500.bin,1.0,1.5,0.3,False,0.000954594233969325,4.712388980384691,0.15,2310087.4595994814,ST,0.07033540373872856
orbit_p0.1600.bin,1.0,1.5,0.3,False,0.000954594233969325,4.712388980384691,0.16,2310087.4595994814,ST,0.10081934101226865
orbit_p0.1700.bin,1.0,1.5,0.3,False,0.000954594233969325,4.712388980384691,0.17,42980.85369400512,EJ,
orbit_p0.1800.bin,1.0,1.5,0.3,False,0.000954594233969325,4.712388980384691,0.18,3200.1812760030903,CA,
