file,m_A (Msun),m_B (Msun),e,apapse,m_P (Msun),l (rad),a (AU),t_stop (day),stability,delta_r
orbit_a0.0500.bin,1.0,0.4285714285714286,0.7,True,0.000954594233969325,1.5707963267948966,0.05,3055958.462454599,ST,0.062132759727823436
orbit_a0.0600.bin,1.0,0.4285714285714286,0.7,True,0.000954594233969325,1.5707963267948966,0.06000000000000001,3055958.462454599,ST,0.07032957019723353
orbit_a0.0700.bin,1.0,0.4285714285714286,0.7,True,0.000954594233969325,1.5707963267948966,0.07,3055958.462454599,ST,0.07118547592880657
orbit_a0.0800.bin,1.0,0.4285714285714286,0.7,True,0.000954594233969325,1.5707963267948966,0.08,1498634.2546753497,CA,
orbit_a0.0900.bin,1.0,0.4285714285714286,0.7,True,0.000954594233969325,1.5707963267948966,0.09000000000000001,82638.91245777669,CA,
