file,m_A (Msun),m_B (Msun),e,apapse,m_P (Msun),l (rad),a (AU),t_stop (day),stability,delta_r
orbit_p0.0500.bin,1.0,0.4285714285714286,0.7,False,0.000954594233969325,1.5707963267948966,0.05,3055958.462454599,ST,0.06017778435113749
orbit_p0.0600.bin,1.0,0.4285714285714286,0.7,False,0.000954594233969325,1.5707963267948966,0.06000000000000001,3055958.462454599,ST,0.06406850081940509
orbit_p0.0700.bin,1.0,0.4285714285714286,0.7,False,0.000954594233969325,1.5707963267948966,0.07,3055958.462454599,ST,0.07465278609638595
orbit_p0.0800.bin,1.0,0.4285714285714286,0.7,False,0.000954594233969325,1.5707963267948966,0.08,1521009.5609008747,CA,
orbit_p0.0900.bin,1.0,0.4285714285714286,0.7,False,0.000954594233969325,1.5707963267948966,0.09000000000000001,80049.6063546713,CA,
