file,m_A (Msun),m_B (Msun),e,apapse,m_P (Msun),l (rad),a (AU),t_stop (day),stability,delta_r
orbit_p0.06.bin,1.0,9.000000000000002,0.4,False,0.0,4.712388980384691,0.06,1155043.7297997407,ST,0.03260841787775533
orbit_p0.07.bin,1.0,9.000000000000002,0.4,False,0.0,4.712388980384691,0.07,1155043.7297997407,ST,0.06341239770169209
orbit_p0.08.bin,1.0,9.000000000000002,0.4,False,0.0,4.712388980384691,0.08,735548.9555155142,CA,
orbit_p0.09.bin,1.0,9.000000000000002,0.4,False,0.0,4.712388980384691,0.09,4266.815197946789,CA,
