file,m_A (Msun),m_B (Msun),e,apapse,m_P (Msun),l (rad),a (AU),t_stop (day),stability,delta_r
orbit_p0.1600.bin,1.0,0.11111111111111112,0.5,False,0.000954594233969325,3.1415926535897927,0.16,3465131.189399222,ST,0.08109931225866024
orbit_p0.1700.bin,1.0,0.11111111111111112,0.5,False,0.000954594233969325,3.1415926535897927,0.16999999999999998,3465131.189399222,ST,0.07847145769503552
orbit_p0.1800.bin,1.0,0.11111111111111112,0.5,False,0.000954594233969325,3.1415926535897927,0.18,3465131.189399222,ST,0.07346200420055636
orbit_p0.1900.bin,1.0,0.11111111111111112,0.5,False,0.000954594233969325,3.1415926535897927,0.19,3465131.189399222,ST,0.07064610726662798
orbit_p0.2000.bin,1.0,0.11111111111111112,0.5,False,0.000954594233969325,3.1415926535897927,0.2,351892.08569781506,CA,
