file,m_A (Msun),m_B (Msun),e,apapse,m_P (Msun),l (rad),a (AU),t_stop (day),stability,delta_r
orbit_a0.1600.bin,1.0,0.11111111111111112,0.5,True,0.000954594233969325,3.1415926535897927,0.16,3465131.189399222,ST,0.08259730752385387
orbit_a0.1700.bin,1.0,0.11111111111111112,0.5,True,0.000954594233969325,3.1415926535897927,0.16999999999999998,3465131.189399222,ST,0.09006889688605454
orbit_a0.1800.bin,1.0,0.11111111111111112,0.5,True,0.000954594233969325,3.1415926535897927,0.18,3465131.189399222,ST,0.07226020009095045
orbit_a0.1900.bin,1.0,0.11111111111111112,0.5,True,0.000954594233969325,3.1415926535897927,0.19,3465131.189399222,ST,0.09085553242306904
orbit_a0.2000.bin,1.0,0.11111111111111112,0.5,True,0.000954594233969325,3.1415926535897927,0.2,1197343.4420752414,CA,
