file,m_A (Msun),m_B (Msun),e,apapse,m_P (Msun),l (rad),a (AU),t_stop (day),stability,delta_r
orbit_a0.0900.bin,1.0,4.0,0.4,True,0.0,4.712388980384691,0.09,1633478.507816798,ST,0.03259857047683335
orbit_a0.1000.bin,1.0,4.0,0.4,True,0.0,4.712388980384691,0.1,1633478.507816798,ST,0.031283166717800494
orbit_a0.1100.bin,1.0,4.0,0.4,True,0.0,4.712388980384691,0.11,1633478.507816798,ST,0.038457177770822866
orbit_a0.1200.bin,1.0,4.0,0.4,True,0.0,4.712388980384691,0.12,4365.634463840453,CA,
