file,m_A (Msun),m_B (Msun),e,apapse,m_P (Msun),l (rad),a (AU),t_stop (day),stability,delta_r
orbit_p0.0900.bin,1.0,4.0,0.4,False,0.0,4.712388980384691,0.09,1633478.507816798,ST,0.056796753355335
orbit_p0.1000.bin,1.0,4.0,0.4,False,0.0,4.712388980384691,0.1,1633478.507816798,ST,0.10414269243291606
orbit_p0.1100.bin,1.0,4.0,0.4,False,0.0,4.712388980384691,0.11,7731.538863001998,CB,
orbit_p0.1200.bin,1.0,4.0,0.4,False,0.0,4.712388980384691,0.12,1326.9179497307264,CA,
