file,m_A (Msun),m_B (Msun),e,apapse,m_P (Msun),l (rad),a (AU),t_stop (day),stability,delta_r
orbit_a0.0300.bin,1.0,0.25,0.8,True,0.028637827019079756,0.0,0.03,3266957.015633596,ST,0.06271752161310883
orbit_a0.0400.bin,1.0,0.25,0.8,True,0.028637827019079756,0.0,0.04,3266957.015633596,ST,0.07919879395313228
orbit_a0.0500.bin,1.0,0.25,0.8,True,0.028637827019079756,0.0,0.05,3266957.015633596,ST,0.09202443552189268
orbit_a0.0600.bin,1.0,0.25,0.8,True,0.028637827019079756,0.0,0.06,2903723.632230152,CA,
orbit_a0.0700.bin,1.0,0.25,0.8,True,0.028637827019079756,0.0,0.07,35629.18779309697,CA,
