file,m_A (Msun),m_B (Msun),e,apapse,m_P (Msun),l (rad),a (AU),t_stop (day),stability,delta_r
orbit_p0.0900.bin,1.0,2.333333333333333,0.4,False,0.028637827019079756,1.5707963267948966,0.09,2000594.4249770087,ST,0.0371785783311197
orbit_p0.1000.bin,1.0,2.333333333333333,0.4,False,0.028637827019079756,1.5707963267948966,0.1,2000594.4249770087,ST,0.04970894457108883
orbit_p0.1100.bin,1.0,2.333333333333333,0.4,False,0.028637827019079756,1.5707963267948966,0.11,2000594.4249770087,ST,0.06531885633585437
orbit_p0.1200.bin,1.0,2.333333333333333,0.4,False,0.028637827019079756,1.5707963267948966,0.12,2000594.4249770087,ST,0.13160589448148516
orbit_p0.1300.bin,1.0,2.333333333333333,0.4,False,0.028637827019079756,1.5707963267948966,0.13,7194.200290922708,CA,
