file,m_A (Msun),m_B (Msun),e,apapse,m_P (Msun),l (rad),a (AU),t_stop (day),stability,delta_r
orbit_a0.1100.bin,1.0,0.11111111111111112,0.6,True,0.000954594233969325,0.0,0.11,3465131.189399222,ST,0.10531905968925222
orbit_a0.1200.bin,1.0,0.11111111111111112,0.6,True,0.000954594233969325,0.0,0.12,3465131.189399222,ST,0.09780552415606816
orbit_a0.1300.bin,1.0,0.11111111111111112,0.6,True,0.000954594233969325,0.0,0.13,3465131.189399222,ST,0.0912602589468522
orbit_a0.1400.bin,1.0,0.11111111111111112,0.6,True,0.000954594233969325,0.0,0.14,3465131.189399222,ST,0.1224139712051988
orbit_a0.1500.bin,1.0,0.11111111111111112,0.6,True,0.000954594233969325,0.0,0.15,1905130.4184815844,EJ,
