file,m_A (Msun),m_B (Msun),e,apapse,m_P (Msun),l (rad),a (AU),t_stop (day),stability,delta_r
orbit_p0.0500.bin,1.0,0.6666666666666667,0.7,False,0.028637827019079756,1.5707963267948966,0.05,2829267.7686104896,ST,0.05571090962673189
orbit_p0.0600.bin,1.0,0.6666666666666667,0.7,False,0.028637827019079756,1.5707963267948966,0.06000000000000001,2829267.7686104896,ST,0.0638331707890131
orbit_p0.0700.bin,1.0,0.6666666666666667,0.7,False,0.028637827019079756,1.5707963267948966,0.07,2829267.7686104896,ST,0.12697163682536422
orbit_p0.0800.bin,1.0,0.6666666666666667,0.7,False,0.028637827019079756,1.5707963267948966,0.08,68331.10161443207,CA,
orbit_p0.0900.bin,1.0,0.6666666666666667,0.7,False,0.028637827019079756,1.5707963267948966,0.09000000000000001,14780.185695585827,CA,
