file,m_A (Msun),m_B (Msun),e,apapse,m_P (Msun),l (rad),a (AU),t_stop (day),stability,delta_r
orbit_a0.0500.bin,1.0,0.6666666666666667,0.7,True,0.028637827019079756,1.5707963267948966,0.05,2829267.7686104896,ST,0.056443259034655774
orbit_a0.0600.bin,1.0,0.6666666666666667,0.7,True,0.028637827019079756,1.5707963267948966,0.06000000000000001,2829267.7686104896,ST,0.05667911228618906
orbit_a0.0700.bin,1.0,0.6666666666666667,0.7,True,0.028637827019079756,1.5707963267948966,0.07,2829267.7686104896,ST,0.06475195815831773
orbit_a0.0800.bin,1.0,0.6666666666666667,0.7,True,0.028637827019079756,1.5707963267948966,0.08,777754.3759864916,CA,
orbit_a0.0900.bin,1.0,0.6666666666666667,0.7,True,0.028637827019079756,1.5707963267948966,0.09000000000000001,46271.72715571601,CA,
