file,m_A (Msun),m_B (Msun),e,apapse,m_P (Msun),l (rad),a (AU),t_stop (day),stability,delta_r
orbit_p0.1500.bin,1.0,4.0,0.0,False,0.0,0.0,0.15,1633478.507816798,ST,0.025265723851458866
orbit_p0.1600.bin,1.0,4.0,0.0,False,0.0,0.0,0.16,1633478.507816798,ST,0.03164723620868808
orbit_p0.1700.bin,1.0,4.0,0.0,False,0.0,0.0,0.17,1633478.507816798,ST,0.03950096189856983
orbit_p0.1800.bin,1.0,4.0,0.0,False,0.0,0.0,0.18,1633478.507816798,ST,0.050688469059271005
