file,m_A (Msun),m_B (Msun),e,apapse,m_P (Msun),l (rad),a (AU),t_stop (day),stability,delta_r
orbit_p0.0700.bin,1.0,2.333333333333333,0.5,False,0.000954594233969325,3.1415926535897927,0.06999999999999999,2000594.4249770087,ST,0.02877315554457771
orbit_p0.0800.bin,1.0,2.333333333333333,0.5,False,0.000954594233969325,3.1415926535897927,0.08,2000594.4249770087,ST,0.029746042545226954
orbit_p0.0900.bin,1.0,2.333333333333333,0.5,False,0.000954594233969325,3.1415926535897927,0.09,2000594.4249770087,ST,0.03809607785536877
orbit_p0.1000.bin,1.0,2.333333333333333,0.5,False,0.000954594233969325,3.1415926535897927,0.1,2000594.4249770087,ST,0.04393309032871679
orbit_p0.1100.bin,1.0,2.333333333333333,0.5,False,0.000954594233969325,3.1415926535897927,0.11,1510488.9561551937,CA,
