file,m_A (Msun),m_B (Msun),e,apapse,m_P (Msun),l (rad),a (AU),t_stop (day),stability,delta_r
orbit_a0.0400.bin,1.0,9.0,0.5,True,0.028637827019079756,0.0,0.04,1155043.7297997407,ST,0.02000269270143635
orbit_a0.0500.bin,1.0,9.0,0.5,True,0.028637827019079756,0.0,0.05,1155043.7297997407,ST,0.023492664312713452
orbit_a0.0600.bin,1.0,9.0,0.5,True,0.028637827019079756,0.0,0.06,1155043.7297997407,ST,0.02433744529368123
orbit_a0.0700.bin,1.0,9.0,0.5,True,0.028637827019079756,0.0,0.06999999999999999,1155043.7297997407,ST,0.023351935852521974
orbit_a0.0800.bin,1.0,9.0,0.5,True,0.028637827019079756,0.0,0.08,4273.065387656071,EJ,
