file,m_A (Msun),m_B (Msun),e,apapse,m_P (Msun),l (rad),a (AU),t_stop (day),stability,delta_r
orbit_a0.1200.bin,1.0,2.333333333333333,0.3,True,0.028637827019079756,1.5707963267948966,0.12,2000594.4249770087,ST,0.031089057429968363
orbit_a0.1300.bin,1.0,2.333333333333333,0.3,True,0.028637827019079756,1.5707963267948966,0.13,2000594.4249770087,ST,0.03259205391931287
orbit_a0.1400.bin,1.0,2.333333333333333,0.3,True,0.028637827019079756,1.5707963267948966,0.14,2000594.4249770087,ST,0.03588428722394095
orbit_a0.1500.bin,1.0,2.333333333333333,0.3,True,0.028637827019079756,1.5707963267948966,0.15000000000000002,2000594.4249770087,ST,0.0552600132684553
orbit_a0.1600.bin,1.0,2.333333333333333,0.3,True,0.028637827019079756,1.5707963267948966,0.16,1623711.9184000625,CA,
