file,m_A (Msun),m_B (Msun),e,apapse,m_P (Msun),l (rad),a (AU),t_stop (day),stability,delta_r
orbit_a0.1900.bin,1.0,0.4285714285714286,0.3,True,0.000954594233969325,1.5707963267948966,0.19,3055958.462454599,ST,0.04828943020919886
orbit_a0.2000.bin,1.0,0.4285714285714286,0.3,True,0.000954594233969325,1.5707963267948966,0.2,3055958.462454599,ST,0.04292989404273312
orbit_a0.2100.bin,1.0,0.4285714285714286,0.3,True,0.000954594233969325,1.5707963267948966,0.21,3055958.462454599,ST,0.04379329317319508
orbit_a0.2200.bin,1.0,0.4285714285714286,0.3,True,0.000954594233969325,1.5707963267948966,0.22,3055958.462454599,ST,0.05112847771753484
orbit_a0.2300.bin,1.0,0.4285714285714286,0.3,True,0.000954594233969325,1.5707963267948966,0.23,3055958.462454599,ST,0.04210998244048125
