file,m_A (Msun),m_B (Msun),e,apapse,m_P (Msun),l (rad),a (AU),t_stop (day),stability,delta_r
orbit_p0.1900.bin,1.0,0.4285714285714286,0.3,False,0.000954594233969325,1.5707963267948966,0.19,3055958.462454599,ST,0.048292487956908554
orbit_p0.2000.bin,1.0,0.4285714285714286,0.3,False,0.000954594233969325,1.5707963267948966,0.2,3055958.462454599,ST,0.0607022361151135
orbit_p0.2100.bin,1.0,0.4285714285714286,0.3,False,0.000954594233969325,1.5707963267948966,0.21,3055958.462454599,ST,0.061798274810691195
orbit_p0.2200.bin,1.0,0.4285714285714286,0.3,False,0.000954594233969325,1.5707963267948966,0.22,1057107.6025807196,CA,
orbit_p0.2300.bin,1.0,0.4285714285714286,0.3,False,0.000954594233969325,1.5707963267948966,0.23,29646.058429865112,CA,
