file,m_A (Msun),m_B (Msun),e,apapse,m_P (Msun),l (rad),a (AU),t_stop (day),stability,delta_r
orbit_p0.0800.bin,1.0,0.6666666666666667,0.6,False,0.028637827019079756,0.0,0.08,2829267.7686104896,ST,0.06525513004128165
orbit_p0.0900.bin,1.0,0.6666666666666667,0.6,False,0.028637827019079756,0.0,0.09000000000000001,2829267.7686104896,ST,0.06677238794715766
orbit_p0.1000.bin,1.0,0.6666666666666667,0.6,False,0.028637827019079756,0.0,0.1,2829267.7686104896,ST,0.0707807404556994
orbit_p0.1100.bin,1.0,0.6666666666666667,0.6,False,0.028637827019079756,0.0,0.11,579413.3256252982,CA,
orbit_p0.1200.bin,1.0,0.6666666666666667,0.6,False,0.028637827019079756,0.0,0.12,220259.8453027892,CA,
