file,m_A (Msun),m_B (Msun),e,apapse,m_P (Msun),l (rad),a (AU),t_stop (day),stability,delta_r
orbit_a0.0800.bin,1.0,0.6666666666666667,0.6,True,0.028637827019079756,0.0,0.08,2829267.7686104896,ST,0.05839749675503135
orbit_a0.0900.bin,1.0,0.6666666666666667,0.6,True,0.028637827019079756,0.0,0.09000000000000001,2829267.7686104896,ST,0.07221382137604794
orbit_a0.1000.bin,1.0,0.6666666666666667,0.6,True,0.028637827019079756,0.0,0.1,2519113.9044979243,CA,
orbit_a0.1100.bin,1.0,0.6666666666666667,0.6,True,0.028637827019079756,0.0,0.11,1014733.7307571274,CA,
orbit_a0.1200.bin,1.0,0.6666666666666667,0.6,True,0.028637827019079756,0.0,0.12,32400.770385859953,CA,
