file,m_A (Msun),m_B (Msun),e,apapse,m_P (Msun),l (rad),a (AU),t_stop (day),stability,delta_r
orbit_a0.2500.bin,1.0,0.25,0.2,True,0.000954594233969325,4.712388980384691,0.25,3266957.015633596,ST,0.035439849007302106
orbit_a0.2600.bin,1.0,0.25,0.2,True,0.000954594233969325,4.712388980384691,0.26,3266957.015633596,ST,0.03873092598013189
orbit_a0.2700.bin,1.0,0.25,0.2,True,0.000954594233969325,4.712388980384691,0.27,3266957.015633596,ST,0.03622541183691949
orbit_a0.2800.bin,1.0,0.25,0.2,True,0.000954594233969325,4.712388980384691,0.28,3266957.015633596,ST,0.04669114992258883
orbit_a0.2900.bin,1.0,0.25,0.2,True,0.000954594233969325,4.712388980384691,0.29000000000000004,3266957.015633596,ST,0.036966231635051444
