file,m_A (Msun),m_B (Msun),e,apapse,m_P (Msun),l (rad),a (AU),t_stop (day),stability,delta_r
orbit_p0.2500.bin,1.0,0.25,0.2,False,0.000954594233969325,4.712388980384691,0.25,3266957.015633596,ST,0.047416344047024925
orbit_p0.2600.bin,1.0,0.25,0.2,False,0.000954594233969325,4.712388980384691,0.26,3266957.015633596,ST,0.04508330481741735
orbit_p0.2700.bin,1.0,0.25,0.2,False,0.000954594233969325,4.712388980384691,0.27,3266957.015633596,ST,0.05657929211149564
orbit_p0.2800.bin,1.0,0.25,0.2,False,0.000954594233969325,4.712388980384691,0.28,1182143.3159490607,CA,
orbit_p0.2900.bin,1.0,0.25,0.2,False,0.000954594233969325,4.712388980384691,0.29000000000000004,3266957.015633596,ST,0.06341975663436157
