file,m_A (Msun),m_B (Msun),e,apapse,m_P (Msun),l (rad),a (AU),t_stop (day),stability,delta_r
orbit_p0.13.bin,1.0,0.4285714285714286,0.5,False,0.0,1.5707963267948966,0.13,3055958.462454599,ST,0.06665018913030007
orbit_p0.14.bin,1.0,0.4285714285714286,0.5,False,0.0,1.5707963267948966,0.14,3055958.462454599,ST,0.06356777658561945
orbit_p0.15.bin,1.0,0.4285714285714286,0.5,False,0.0,1.5707963267948966,0.15,481002.0239630482,CA,
orbit_p0.16.bin,1.0,0.4285714285714286,0.5,False,0.0,1.5707963267948966,0.16,285406.3947083661,CA,
