file,m_A (Msun),m_B (Msun),e,apapse,m_P (Msun),l (rad),a (AU),t_stop (day),stability,delta_r
orbit_a0.13.bin,1.0,0.4285714285714286,0.5,True,0.0,1.5707963267948966,0.13,3055958.462454599,ST,0.06346667931599154
orbit_a0.14.bin,1.0,0.4285714285714286,0.5,True,0.0,1.5707963267948966,0.14,3055958.462454599,ST,0.06601975421295697
orbit_a0.15.bin,1.0,0.4285714285714286,0.5,True,0.0,1.5707963267948966,0.15,3055958.462454599,ST,0.05717282167585295
orbit_a0.16.bin,1.0,0.4285714285714286,0.5,True,0.0,1.5707963267948966,0.16,74439.76123483916,CA,
