file,m_A (Msun),m_B (Msun),e,apapse,m_P (Msun),l (rad),a (AU),t_stop (day),stability,delta_r
orbit_a0.1600.bin,1.0,1.0,0.3,True,0.028637827019079756,4.712388980384691,0.16,2582756.29681712,ST,0.034833055263575545
orbit_a0.1700.bin,1.0,1.0,0.3,True,0.028637827019079756,4.712388980384691,0.16999999999999998,2582756.29681712,ST,0.03811375580398631
orbit_a0.1800.bin,1.0,1.0,0.3,True,0.028637827019079756,4.712388980384691,0.18,2582756.29681712,ST,0.03721091992469738
orbit_a0.1900.bin,1.0,1.0,0.3,True,0.028637827019079756,4.712388980384691,0.19,2582756.29681712,ST,0.04493419823514389
orbit_a0.2000.bin,1.0,1.0,0.3,True,0.028637827019079756,4.712388980384691,0.2,1157534.9338830276,CA,
