file,m_A (Msun),m_B (Msun),e,apapse,m_P (Msun),l (rad),a (AU),t_stop (day),stability,delta_r
orbit_p0.1600.bin,1.0,1.0,0.3,False,0.028637827019079756,4.712388980384691,0.16,2582756.29681712,ST,0.05317549258530266
orbit_p0.1700.bin,1.0,1.0,0.3,False,0.028637827019079756,4.712388980384691,0.16999999999999998,2582756.29681712,ST,0.06005094505014747
orbit_p0.1800.bin,1.0,1.0,0.3,False,0.028637827019079756,4.712388980384691,0.18,2582756.29681712,ST,0.10788707228249605
orbit_p0.1900.bin,1.0,1.0,0.3,False,0.028637827019079756,4.712388980384691,0.19,79780.88251437062,CA,
orbit_p0.2000.bin,1.0,1.0,0.3,False,0.028637827019079756,4.712388980384691,0.2,4929.910503440062,CA,
