file,m_A (Msun),m_B (Msun),e,apapse,m_P (Msun),l (rad),a (AU),t_stop (day),stability,delta_r
orbit_a0.2800.bin,1.0,0.4285714285714286,0.1,True,0.000954594233969325,3.1415926535897927,0.28,3055958.462454599,ST,0.02168013569659117
orbit_a0.2900.bin,1.0,0.4285714285714286,0.1,True,0.000954594233969325,3.1415926535897927,0.29,3055958.462454599,ST,0.025382879302482567
orbit_a0.3000.bin,1.0,0.4285714285714286,0.1,True,0.000954594233969325,3.1415926535897927,0.3,3055958.462454599,ST,0.02470081131022738
orbit_a0.3100.bin,1.0,0.4285714285714286,0.1,True,0.000954594233969325,3.1415926535897927,0.31,3055958.462454599,ST,0.03108207399067333
orbit_a0.3200.bin,1.0,0.4285714285714286,0.1,True,0.000954594233969325,3.1415926535897927,0.32,3055958.462454599,ST,0.06794297148889218
