file,m_A (Msun),m_B (Msun),e,apapse,m_P (Msun),l (rad),a (AU),t_stop (day),stability,delta_r
orbit_a0.1000.bin,1.0,1.0,0.5,True,0.028637827019079756,0.0,0.1,2582756.29681712,ST,0.04709007285884211
orbit_a0.1100.bin,1.0,1.0,0.5,True,0.028637827019079756,0.0,0.11,2582756.29681712,ST,0.0457742963091482
orbit_a0.1200.bin,1.0,1.0,0.5,True,0.028637827019079756,0.0,0.12,2582756.29681712,ST,0.05209134938338011
orbit_a0.1300.bin,1.0,1.0,0.5,True,0.028637827019079756,0.0,0.13,2582756.29681712,ST,0.028305201707908983
orbit_a0.1400.bin,1.0,1.0,0.5,True,0.028637827019079756,0.0,0.14,105324.89242300887,CA,
