file,m_A (Msun),m_B (Msun),e,apapse,m_P (Msun),l (rad),a (AU),t_stop (day),stability,delta_r
orbit_p0.0500.bin,1.0,9.0,0.4,False,0.028637827019079756,3.1415926535897927,0.05,1155043.7297997407,ST,0.014713960868966706
orbit_p0.0600.bin,1.0,9.0,0.4,False,0.028637827019079756,3.1415926535897927,0.06000000000000001,1155043.7297997407,ST,0.016502928950059004
orbit_p0.0700.bin,1.0,9.0,0.4,False,0.028637827019079756,3.1415926535897927,0.07,1155043.7297997407,ST,0.023393349739545707
orbit_p0.0800.bin,1.0,9.0,0.4,False,0.028637827019079756,3.1415926535897927,0.08,1155043.7297997407,ST,0.046951884491690334
orbit_p0.0900.bin,1.0,9.0,0.4,False,0.028637827019079756,3.1415926535897927,0.09000000000000001,1155043.7297997407,ST,0.06776458614438484
