file,m_A (Msun),m_B (Msun),e,apapse,m_P (Msun),l (rad),a (AU),t_stop (day),stability,delta_r
orbit_a0.0500.bin,1.0,9.0,0.4,True,0.028637827019079756,3.1415926535897927,0.05,1155043.7297997407,ST,0.01878440467505768
orbit_a0.0600.bin,1.0,9.0,0.4,True,0.028637827019079756,3.1415926535897927,0.06000000000000001,1155043.7297997407,ST,0.02022529559629311
orbit_a0.0700.bin,1.0,9.0,0.4,True,0.028637827019079756,3.1415926535897927,0.07,1155043.7297997407,ST,0.02301220602741535
orbit_a0.0800.bin,1.0,9.0,0.4,True,0.028637827019079756,3.1415926535897927,0.08,1155043.7297997407,ST,0.023065590594393507
orbit_a0.0900.bin,1.0,9.0,0.4,True,0.028637827019079756,3.1415926535897927,0.09000000000000001,1155043.7297997407,ST,0.02954339120291171
