file,m_A (Msun),m_B (Msun),e,apapse,m_P (Msun),l (rad),a (AU),t_stop (day),stability,delta_r
orbit_a0.2400.bin,1.0,1.0,0.0,True,0.000954594233969325,0.0,0.24,2582756.29681712,ST,0.042331140167073546
orbit_a0.2500.bin,1.0,1.0,0.0,True,0.000954594233969325,0.0,0.25,2582756.29681712,ST,0.04872443040901353
orbit_a0.2600.bin,1.0,1.0,0.0,True,0.000954594233969325,0.0,0.26,2582756.29681712,ST,0.05626986810878897
orbit_a0.2700.bin,1.0,1.0,0.0,True,0.000954594233969325,0.0,0.27,2582756.29681712,ST,0.0669660193224861
orbit_a0.2800.bin,1.0,1.0,0.0,True,0.000954594233969325,0.0,0.28,2582756.29681712,ST,0.07915223435160702
