file,m_A (Msun),m_B (Msun),e,apapse,m_P (Msun),l (rad),a (AU),t_stop (day),stability,delta_r
orbit_a0.040.bin,1.0,9.000000000000002,0.6,True,0.0,3.1415926535897927,0.04,1155043.7297997407,ST,0.02668951596491081
orbit_a0.045.bin,1.0,9.000000000000002,0.6,True,0.0,3.1415926535897927,0.045,1155043.7297997407,ST,0.027502362403020387
orbit_a0.050.bin,1.0,9.000000000000002,0.6,True,0.0,3.1415926535897927,0.05,1155043.7297997407,ST,0.024108576775671752
orbit_a0.055.bin,1.0,9.000000000000002,0.6,True,0.0,3.1415926535897927,0.055,1155043.7297997407,ST,0.019713650445399838
