file,m_A (Msun),m_B (Msun),e,apapse,m_P (Msun),l (rad),a (AU),t_stop (day),stability,delta_r
orbit_p0.040.bin,1.0,9.000000000000002,0.6,False,0.0,3.1415926535897927,0.04,1155043.7297997407,ST,0.021099174530118257
orbit_p0.045.bin,1.0,9.000000000000002,0.6,False,0.0,3.1415926535897927,0.045,1155043.7297997407,ST,0.023298701094161677
orbit_p0.050.bin,1.0,9.000000000000002,0.6,False,0.0,3.1415926535897927,0.05,1155043.7297997407,ST,0.031486528100451494
orbit_p0.055.bin,1.0,9.000000000000002,0.6,False,0.0,3.1415926535897927,0.055,1155043.7297997407,ST,0.04534731761406626
