file,m_A (Msun),m_B (Msun),e,apapse,m_P (Msun),l (rad),a (AU),t_stop (day),stability,delta_r
orbit_a0.3000.bin,1.0,0.25,0.1,True,0.000954594233969325,4.712388980384691,0.3,3266957.015633596,ST,0.02740007800593267
orbit_a0.3100.bin,1.0,0.25,0.1,True,0.000954594233969325,4.712388980384691,0.31,3266957.015633596,ST,0.028358038073873014
orbit_a0.3200.bin,1.0,0.25,0.1,True,0.000954594233969325,4.712388980384691,0.32,3266957.015633596,ST,0.09395423483968461
orbit_a0.3300.bin,1.0,0.25,0.1,True,0.000954594233969325,4.712388980384691,0.33,3266957.015633596,ST,0.04357218924761514
orbit_a0.3400.bin,1.0,0.25,0.1,True,0.000954594233969325,4.712388980384691,0.34,3266957.015633596,ST,0.04921516434461136
