file,m_A (Msun),m_B (Msun),e,apapse,m_P (Msun),l (rad),a (AU),t_stop (day),stability,delta_r
orbit_a0.0500.bin,1.0,9.0,0.4,True,0.028637827019079756,1.5707963267948966,0.05,1155043.7297997407,ST,0.01937594889487708
orbit_a0.0600.bin,1.0,9.0,0.4,True,0.028637827019079756,1.5707963267948966,0.06000000000000001,1155043.7297997407,ST,0.021069711784067982
orbit_a0.0700.bin,1.0,9.0,0.4,True,0.028637827019079756,1.5707963267948966,0.07,1155043.7297997407,ST,0.024219828958917285
orbit_a0.0800.bin,1.0,9.0,0.4,True,0.028637827019079756,1.5707963267948966,0.08,1155043.7297997407,ST,0.026757978075266895
orbit_a0.0900.bin,1.0,9.0,0.4,True,0.028637827019079756,1.5707963267948966,0.09000000000000001,11011.802657660213,CA,
