file,m_A (Msun),m_B (Msun),e,apapse,m_P (Msun),l (rad),a (AU),t_stop (day),stability,delta_r
orbit_p0.1800.bin,1.0,1.4999999999999998,0.1,False,0.028637827019079756,1.5707963267948966,0.18000000000000002,2310087.4595994814,ST,0.04853339979021054
orbit_p0.1900.bin,1.0,1.4999999999999998,0.1,False,0.028637827019079756,1.5707963267948966,0.19,2310087.4595994814,ST,0.06388078280337135
orbit_p0.2000.bin,1.0,1.4999999999999998,0.1,False,0.028637827019079756,1.5707963267948966,0.2,2310087.4595994814,ST,0.08121556773486177
orbit_p0.2100.bin,1.0,1.4999999999999998,0.1,False,0.028637827019079756,1.5707963267948966,0.21,2310087.4595994814,ST,0.11104479084818225
orbit_p0.2200.bin,1.0,1.4999999999999998,0.1,False,0.028637827019079756,1.5707963267948966,0.22,22058.969321981127,CB,
