file,m_A (Msun),m_B (Msun),e,apapse,m_P (Msun),l (rad),a (AU),t_stop (day),stability,delta_r
orbit_p0.0350.bin,1.0,9.0,0.6,False,0.028637827019079756,1.5707963267948966,0.035,1155043.7297997407,ST,0.02718742300395757
orbit_p0.0400.bin,1.0,9.0,0.6,False,0.028637827019079756,1.5707963267948966,0.04,1155043.7297997407,ST,0.03806299541752466
orbit_p0.0450.bin,1.0,9.0,0.6,False,0.028637827019079756,1.5707963267948966,0.045,1155043.7297997407,ST,0.04938525793368337
orbit_p0.0500.bin,1.0,9.0,0.6,False,0.028637827019079756,1.5707963267948966,0.05,1155043.7297997407,ST,0.12890555504552478
orbit_p0.0550.bin,1.0,9.0,0.6,False,0.028637827019079756,1.5707963267948966,0.055,11265.064531346678,CA,
