file,m_A (Msun),m_B (Msun),e,apapse,m_P (Msun),l (rad),a (AU),t_stop (day),stability,delta_r
orbit_p0.2500.bin,1.0,0.6666666666666667,0.1,False,0.000954594233969325,4.712388980384691,0.25,2829267.7686104896,ST,0.05827102894633517
orbit_p0.2600.bin,1.0,0.6666666666666667,0.1,False,0.000954594233969325,4.712388980384691,0.26,2829267.7686104896,ST,0.08672579645385627
orbit_p0.2700.bin,1.0,0.6666666666666667,0.1,False,0.000954594233969325,4.712388980384691,0.27,2829267.7686104896,ST,0.1194197887544298
orbit_p0.2800.bin,1.0,0.6666666666666667,0.1,False,0.000954594233969325,4.712388980384691,0.28,15530.475774711836,CA,
orbit_p0.2900.bin,1.0,0.6666666666666667,0.1,False,0.000954594233969325,4.712388980384691,0.29000000000000004,11271.474375724014,CA,
