file,m_A (Msun),m_B (Msun),e,apapse,m_P (Msun),l (rad),a (AU),t_stop (day),stability,delta_r
orbit_a0.1800.bin,1.0,1.0,0.2,True,0.000954594233969325,3.1415926535897927,0.18000000000000002,2582756.29681712,ST,0.027088910401062063
orbit_a0.1900.bin,1.0,1.0,0.2,True,0.000954594233969325,3.1415926535897927,0.19,2582756.29681712,ST,0.02049698959667283
orbit_a0.2000.bin,1.0,1.0,0.2,True,0.000954594233969325,3.1415926535897927,0.2,2582756.29681712,ST,0.025577701449477856
orbit_a0.2100.bin,1.0,1.0,0.2,True,0.000954594233969325,3.1415926535897927,0.21,2582756.29681712,ST,0.03165919884544156
orbit_a0.2200.bin,1.0,1.0,0.2,True,0.000954594233969325,3.1415926535897927,0.22,2582756.29681712,ST,0.03502927621733985
