file,m_A (Msun),m_B (Msun),e,apapse,m_P (Msun),l (rad),a (AU),t_stop (day),stability,delta_r
orbit_a0.0700.bin,1.0,1.0,0.6,True,0.028637827019079756,0.0,0.06999999999999999,2582756.29681712,ST,0.04971285532967715
orbit_a0.0800.bin,1.0,1.0,0.6,True,0.028637827019079756,0.0,0.08,2582756.29681712,ST,0.045297983854603006
orbit_a0.0900.bin,1.0,1.0,0.6,True,0.028637827019079756,0.0,0.09,2582756.29681712,ST,0.05307926076806163
orbit_a0.1000.bin,1.0,1.0,0.6,True,0.028637827019079756,0.0,0.1,420556.57178000093,CA,
orbit_a0.1100.bin,1.0,1.0,0.6,True,0.028637827019079756,0.0,0.11,105419.86693506893,CA,
