file,m_A (Msun),m_B (Msun),e,apapse,m_P (Msun),l (rad),a (AU),t_stop (day),stability,delta_r
orbit_p0.0700.bin,1.0,1.0,0.6,False,0.028637827019079756,0.0,0.06999999999999999,2582756.29681712,ST,0.05404415703209866
orbit_p0.0800.bin,1.0,1.0,0.6,False,0.028637827019079756,0.0,0.08,2582756.29681712,ST,0.06068705488932433
orbit_p0.0900.bin,1.0,1.0,0.6,False,0.028637827019079756,0.0,0.09,2582756.29681712,ST,0.06706569093446905
orbit_p0.1000.bin,1.0,1.0,0.6,False,0.028637827019079756,0.0,0.1,2582756.29681712,ST,0.048022201864914696
orbit_p0.1100.bin,1.0,1.0,0.6,False,0.028637827019079756,0.0,0.11,226543.40165724055,CA,
