file,m_A (Msun),m_B (Msun),e,apapse,m_P (Msun),l (rad),a (AU),t_stop (day),stability,delta_r
orbit_p0.0400.bin,1.0,4.0,0.6,False,0.028637827019079756,0.0,0.04,1633478.507816798,ST,0.03205071054052128
orbit_p0.0500.bin,1.0,4.0,0.6,False,0.028637827019079756,0.0,0.05,1633478.507816798,ST,0.03974155768726402
orbit_p0.0600.bin,1.0,4.0,0.6,False,0.028637827019079756,0.0,0.06,1633478.507816798,ST,0.05342358698901614
orbit_p0.0700.bin,1.0,4.0,0.6,False,0.028637827019079756,0.0,0.06999999999999999,668534.681327473,EJ,
orbit_p0.0800.bin,1.0,4.0,0.6,False,0.028637827019079756,0.0,0.08,412528.6980845757,CA,
