file,m_A (Msun),m_B (Msun),e,apapse,m_P (Msun),l (rad),a (AU),t_stop (day),stability,delta_r
orbit_p0.23.bin,1.0,1.0,0.1,False,0.0,0.7853981633974483,0.23,2582756.29681712,ST,0.06134865073514875
orbit_p0.24.bin,1.0,1.0,0.1,False,0.0,0.7853981633974483,0.24,2582756.29681712,ST,0.07590263002343313
orbit_p0.25.bin,1.0,1.0,0.1,False,0.0,0.7853981633974483,0.25,2582756.29681712,ST,0.09787142423690039
orbit_p0.26.bin,1.0,1.0,0.1,False,0.0,0.7853981633974483,0.26,8345.802132918396,CA,
