file,m_A (Msun),m_B (Msun),e,apapse,m_P (Msun),l (rad),a (AU),t_stop (day),stability,delta_r
orbit_p0.2400.bin,1.0,1.0,0.0,False,0.028637827019079756,4.712388980384691,0.24,2582756.29681712,ST,0.0679286995174714
orbit_p0.2500.bin,1.0,1.0,0.0,False,0.028637827019079756,4.712388980384691,0.25,2582756.29681712,ST,0.08372210628891322
orbit_p0.2600.bin,1.0,1.0,0.0,False,0.028637827019079756,4.712388980384691,0.26,2582756.29681712,ST,0.10555704526437654
orbit_p0.2700.bin,1.0,1.0,0.0,False,0.028637827019079756,4.712388980384691,0.27,2582756.29681712,ST,0.15349354093228484
orbit_p0.2800.bin,1.0,1.0,0.0,False,0.028637827019079756,4.712388980384691,0.28,435.9990517970261,CA,
