file,m_A (Msun),m_B (Msun),e,apapse,m_P (Msun),l (rad),a (AU),t_stop (day),stability,delta_r
orbit_a0.2400.bin,1.0,1.0,0.0,True,0.028637827019079756,4.712388980384691,0.24,2582756.29681712,ST,0.06885675600721831
orbit_a0.2500.bin,1.0,1.0,0.0,True,0.028637827019079756,4.712388980384691,0.25,2582756.29681712,ST,0.08406608682728502
orbit_a0.2600.bin,1.0,1.0,0.0,True,0.028637827019079756,4.712388980384691,0.26,2582756.29681712,ST,0.10768329081645857
orbit_a0.2700.bin,1.0,1.0,0.0,True,0.028637827019079756,4.712388980384691,0.27,2582756.29681712,ST,0.15318796801299037
orbit_a0.2800.bin,1.0,1.0,0.0,True,0.028637827019079756,4.712388980384691,0.28,6881.3353016273695,CA,
