file,m_A (Msun),m_B (Msun),e,apapse,m_P (Msun),l (rad),a (AU),t_stop (day),stability,delta_r
orbit_a0.030.bin,1.0,9.000000000000002,0.7,True,0.0,1.5707963267948966,0.03,1155043.7297997407,ST,0.028606387362153162
orbit_a0.035.bin,1.0,9.000000000000002,0.7,True,0.0,1.5707963267948966,0.035,1155043.7297997407,ST,0.027492637584194533
orbit_a0.040.bin,1.0,9.000000000000002,0.7,True,0.0,1.5707963267948966,0.04,164999.81488722525,CA,
orbit_a0.045.bin,1.0,9.000000000000002,0.7,True,0.0,1.5707963267948966,0.045,12559.73337079991,EJ,
