file,m_A (Msun),m_B (Msun),e,apapse,m_P (Msun),l (rad),a (AU),t_stop (day),stability,delta_r
orbit_p0.030.bin,1.0,9.000000000000002,0.7,False,0.0,1.5707963267948966,0.03,1155043.7297997407,ST,0.03826275088618478
orbit_p0.035.bin,1.0,9.000000000000002,0.7,False,0.0,1.5707963267948966,0.035,1155043.7297997407,ST,0.06417937558852384
orbit_p0.040.bin,1.0,9.000000000000002,0.7,False,0.0,1.5707963267948966,0.04,34995.006689047754,CA,
orbit_p0.045.bin,1.0,9.000000000000002,0.7,False,0.0,1.5707963267948966,0.045,4465.7748759271535,EJ,
