file,m_A (Msun),m_B (Msun),e,apapse,m_P (Msun),l (rad),a (AU),t_stop (day),stability,delta_r
orbit_p0.0350.bin,1.0,4.0,0.7,False,0.000954594233969325,4.712388980384691,0.035,1633478.507816798,ST,0.038923171294825476
orbit_p0.0400.bin,1.0,4.0,0.7,False,0.000954594233969325,4.712388980384691,0.04,1633478.507816798,ST,0.04738197101189127
orbit_p0.0450.bin,1.0,4.0,0.7,False,0.000954594233969325,4.712388980384691,0.045,1633478.507816798,ST,0.06709258269827154
orbit_p0.0500.bin,1.0,4.0,0.7,False,0.000954594233969325,4.712388980384691,0.05,56865.65757413344,EJ,
orbit_p0.0550.bin,1.0,4.0,0.7,False,0.000954594233969325,4.712388980384691,0.055,23360.0822877392,CA,
