file,m_A (Msun),m_B (Msun),e,apapse,m_P (Msun),l (rad),a (AU),t_stop (day),stability,delta_r
orbit_p0.1100.bin,1.0,1.5,0.4,False,0.000954594233969325,0.0,0.11,2310087.4595994814,ST,0.046501896222847255
orbit_p0.1200.bin,1.0,1.5,0.4,False,0.000954594233969325,0.0,0.12,2310087.4595994814,ST,0.07066906713142648
orbit_p0.1300.bin,1.0,1.5,0.4,False,0.000954594233969325,0.0,0.13,2310087.4595994814,ST,0.06536185996067306
orbit_p0.1400.bin,1.0,1.5,0.4,False,0.000954594233969325,0.0,0.14,2310087.4595994814,ST,0.07086571769727033
orbit_p0.1500.bin,1.0,1.5,0.4,False,0.000954594233969325,0.0,0.15,2310087.4595994814,ST,0.0830847567523433
