file,m_A (Msun),m_B (Msun),e,apapse,m_P (Msun),l (rad),a (AU),t_stop (day),stability,delta_r
orbit_p0.0350.bin,1.0,4.0,0.7,False,0.028637827019079756,3.1415926535897927,0.035,1633478.507816798,ST,0.029855659584855913
orbit_p0.0400.bin,1.0,4.0,0.7,False,0.028637827019079756,3.1415926535897927,0.04,1633478.507816798,ST,0.027447824862889193
orbit_p0.0450.bin,1.0,4.0,0.7,False,0.028637827019079756,3.1415926535897927,0.045,1633478.507816798,ST,0.028075077015496747
orbit_p0.0500.bin,1.0,4.0,0.7,False,0.028637827019079756,3.1415926535897927,0.05,1633478.507816798,ST,0.03435783337985929
orbit_p0.0550.bin,1.0,4.0,0.7,False,0.028637827019079756,3.1415926535897927,0.055,177529.85690858486,CA,
