file,m_A (Msun),m_B (Msun),e,apapse,m_P (Msun),l (rad),a (AU),t_stop (day),stability,delta_r
orbit_a0.0350.bin,1.0,4.0,0.7,True,0.028637827019079756,3.1415926535897927,0.035,1633478.507816798,ST,0.03457167341347255
orbit_a0.0400.bin,1.0,4.0,0.7,True,0.028637827019079756,3.1415926535897927,0.04,1633478.507816798,ST,0.035636352527342395
orbit_a0.0450.bin,1.0,4.0,0.7,True,0.028637827019079756,3.1415926535897927,0.045,1633478.507816798,ST,0.03808162834922791
orbit_a0.0500.bin,1.0,4.0,0.7,True,0.028637827019079756,3.1415926535897927,0.05,1633478.507816798,ST,0.030965626102401878
orbit_a0.0550.bin,1.0,4.0,0.7,True,0.028637827019079756,3.1415926535897927,0.055,39474.655596233024,CA,
