file,m_A (Msun),m_B (Msun),e,apapse,m_P (Msun),l (rad),a (AU),t_stop (day),stability,delta_r
orbit_a0.0200.bin,1.0,1.0,0.8,True,0.028637827019079756,1.5707963267948966,0.02,2582756.29681712,ST,0.039001349652322465
orbit_a0.0300.bin,1.0,1.0,0.8,True,0.028637827019079756,1.5707963267948966,0.03,2582756.29681712,ST,0.054845686980116326
orbit_a0.0400.bin,1.0,1.0,0.8,True,0.028637827019079756,1.5707963267948966,0.04,2582756.29681712,ST,0.08813151572346327
orbit_a0.0500.bin,1.0,1.0,0.8,True,0.028637827019079756,1.5707963267948966,0.05,96838.95741888207,CA,
orbit_a0.0600.bin,1.0,1.0,0.8,True,0.028637827019079756,1.5707963267948966,0.06,97745.05761072788,EJ,
