file,m_A (Msun),m_B (Msun),e,apapse,m_P (Msun),l (rad),a (AU),t_stop (day),stability,delta_r
orbit_p0.0200.bin,1.0,1.0,0.8,False,0.028637827019079756,1.5707963267948966,0.02,2582756.29681712,ST,0.0389838417164641
orbit_p0.0300.bin,1.0,1.0,0.8,False,0.028637827019079756,1.5707963267948966,0.03,2582756.29681712,ST,0.05265752626317768
orbit_p0.0400.bin,1.0,1.0,0.8,False,0.028637827019079756,1.5707963267948966,0.04,2582756.29681712,ST,0.12072099282062639
orbit_p0.0500.bin,1.0,1.0,0.8,False,0.028637827019079756,1.5707963267948966,0.05,1387901.1256045874,CA,
orbit_p0.0600.bin,1.0,1.0,0.8,False,0.028637827019079756,1.5707963267948966,0.06,884.7659919001569,CA,
