file,m_A (Msun),m_B (Msun),e,apapse,m_P (Msun),l (rad),a (AU),t_stop (day),stability,delta_r
orbit_a0.0700.bin,1.0,1.0,0.6,True,0.000954594233969325,4.712388980384691,0.06999999999999999,2582756.29681712,ST,0.051603500146425105
orbit_a0.0800.bin,1.0,1.0,0.6,True,0.000954594233969325,4.712388980384691,0.08,2582756.29681712,ST,0.05304694826141235
orbit_a0.0900.bin,1.0,1.0,0.6,True,0.000954594233969325,4.712388980384691,0.09,2582756.29681712,ST,0.04721327030470765
orbit_a0.1000.bin,1.0,1.0,0.6,True,0.000954594233969325,4.712388980384691,0.1,189968.0519384349,CA,
orbit_a0.1100.bin,1.0,1.0,0.6,True,0.000954594233969325,4.712388980384691,0.11,12798.115368263347,CA,
