file,m_A (Msun),m_B (Msun),e,apapse,m_P (Msun),l (rad),a (AU),t_stop (day),stability,delta_r
orbit_p0.0700.bin,1.0,1.0,0.6,False,0.000954594233969325,4.712388980384691,0.06999999999999999,2582756.29681712,ST,0.05277900180773468
orbit_p0.0800.bin,1.0,1.0,0.6,False,0.000954594233969325,4.712388980384691,0.08,2582756.29681712,ST,0.05788572856587193
orbit_p0.0900.bin,1.0,1.0,0.6,False,0.000954594233969325,4.712388980384691,0.09,2582756.29681712,ST,0.07315632848242397
orbit_p0.1000.bin,1.0,1.0,0.6,False,0.000954594233969325,4.712388980384691,0.1,116527.01667446278,CA,
orbit_p0.1100.bin,1.0,1.0,0.6,False,0.000954594233969325,4.712388980384691,0.11,4905.633386402626,CA,
