file,m_A (Msun),m_B (Msun),e,apapse,m_P (Msun),l (rad),a (AU),t_stop (day),stability,delta_r
orbit_a0.1600.bin,1.0,0.4285714285714286,0.4,True,0.000954594233969325,1.5707963267948966,0.16,3055958.462454599,ST,0.05517995825500796
orbit_a0.1700.bin,1.0,0.4285714285714286,0.4,True,0.000954594233969325,1.5707963267948966,0.16999999999999998,3055958.462454599,ST,0.07032837020824755
orbit_a0.1800.bin,1.0,0.4285714285714286,0.4,True,0.000954594233969325,1.5707963267948966,0.18,3055958.462454599,ST,0.07159822078979546
orbit_a0.1900.bin,1.0,0.4285714285714286,0.4,True,0.000954594233969325,1.5707963267948966,0.19,3055958.462454599,ST,0.065075361104667
orbit_a0.2000.bin,1.0,0.4285714285714286,0.4,True,0.000954594233969325,1.5707963267948966,0.2,268903.7135348201,CB,
