file,m_A (Msun),m_B (Msun),e,apapse,m_P (Msun),l (rad),a (AU),t_stop (day),stability,delta_r
orbit_p0.1600.bin,1.0,0.4285714285714286,0.4,False,0.000954594233969325,1.5707963267948966,0.16,3055958.462454599,ST,0.05769570725204354
orbit_p0.1700.bin,1.0,0.4285714285714286,0.4,False,0.000954594233969325,1.5707963267948966,0.16999999999999998,3055958.462454599,ST,0.06036954507310511
orbit_p0.1800.bin,1.0,0.4285714285714286,0.4,False,0.000954594233969325,1.5707963267948966,0.18,3055958.462454599,ST,0.06547133012660146
orbit_p0.1900.bin,1.0,0.4285714285714286,0.4,False,0.000954594233969325,1.5707963267948966,0.19,59643.34918731838,CA,
orbit_p0.2000.bin,1.0,0.4285714285714286,0.4,False,0.000954594233969325,1.5707963267948966,0.2,23849.744868257723,CA,
