file,m_A (Msun),m_B (Msun),e,apapse,m_P (Msun),l (rad),a (AU),t_stop (day),stability,delta_r
orbit_p0.1200.bin,1.0,0.6666666666666667,0.5,False,0.0,0.0,0.12,2829267.7686104896,ST,0.06690637422992941
orbit_p0.1300.bin,1.0,0.6666666666666667,0.5,False,0.0,0.0,0.13,2829267.7686104896,ST,0.07523958535498347
orbit_p0.1400.bin,1.0,0.6666666666666667,0.5,False,0.0,0.0,0.14,2829267.7686104896,ST,0.09644289556970106
orbit_p0.1500.bin,1.0,0.6666666666666667,0.5,False,0.0,0.0,0.15,2829267.7686104896,ST,0.07264956256246365
