file,m_A (Msun),m_B (Msun),e,apapse,m_P (Msun),l (rad),a (AU),t_stop (day),stability,delta_r
orbit_p0.22.bin,1.0,0.1111111111111111,0.4,False,0.0,4.712388980384691,0.22,3465131.189399222,ST,0.09522442735315087
orbit_p0.23.bin,1.0,0.1111111111111111,0.4,False,0.0,4.712388980384691,0.23,3465131.189399222,ST,0.0643696629012843
orbit_p0.24.bin,1.0,0.1111111111111111,0.4,False,0.0,4.712388980384691,0.24,2412128.238101949,CA,
orbit_p0.25.bin,1.0,0.1111111111111111,0.4,False,0.0,4.712388980384691,0.25,3465131.189399222,ST,0.06165070135068392
