file,m_A (Msun),m_B (Msun),e,apapse,m_P (Msun),l (rad),a (AU),t_stop (day),stability,delta_r
orbit_a0.0600.bin,1.0,0.25,0.7,True,0.000954594233969325,3.1415926535897927,0.06,3266957.015633596,ST,0.07482390337529235
orbit_a0.0700.bin,1.0,0.25,0.7,True,0.000954594233969325,3.1415926535897927,0.07,3266957.015633596,ST,0.08198453834383511
orbit_a0.0800.bin,1.0,0.25,0.7,True,0.000954594233969325,3.1415926535897927,0.08,3266957.015633596,ST,0.09226073697288928
orbit_a0.0900.bin,1.0,0.25,0.7,True,0.000954594233969325,3.1415926535897927,0.09,2735144.349630971,CA,
orbit_a0.1000.bin,1.0,0.25,0.7,True,0.000954594233969325,3.1415926535897927,0.1,120592.23991061859,CA,
