file,m_A (Msun),m_B (Msun),e,apapse,m_P (Msun),l (rad),a (AU),t_stop (day),stability,delta_r
orbit_p0.0600.bin,1.0,0.25,0.7,False,0.000954594233969325,3.1415926535897927,0.06,3266957.015633596,ST,0.07128776959822454
orbit_p0.0700.bin,1.0,0.25,0.7,False,0.000954594233969325,3.1415926535897927,0.07,3266957.015633596,ST,0.07739975211779475
orbit_p0.0800.bin,1.0,0.25,0.7,False,0.000954594233969325,3.1415926535897927,0.08,3266957.015633596,ST,0.09189758186938718
orbit_p0.0900.bin,1.0,0.25,0.7,False,0.000954594233969325,3.1415926535897927,0.09,1267352.7531307554,CA,
orbit_p0.1000.bin,1.0,0.25,0.7,False,0.000954594233969325,3.1415926535897927,0.1,91741.60027374726,CA,
