file,m_A (Msun),m_B (Msun),e,apapse,m_P (Msun),l (rad),a (AU),t_stop (day),stability,delta_r
orbit_a0.27.bin,1.0,0.1111111111111111,0.3,True,0.0,4.712388980384691,0.27,3465131.189399222,ST,0.0675303922848301
orbit_a0.28.bin,1.0,0.1111111111111111,0.3,True,0.0,4.712388980384691,0.28,3465131.189399222,ST,0.04435205672997903
orbit_a0.29.bin,1.0,0.1111111111111111,0.3,True,0.0,4.712388980384691,0.29,991629.5292268022,EJ,
orbit_a0.30.bin,1.0,0.1111111111111111,0.3,True,0.0,4.712388980384691,0.3,128448.94667647322,CA,
