file,m_A (Msun),m_B (Msun),e,apapse,m_P (Msun),l (rad),a (AU),t_stop (day),stability,delta_r
orbit_p0.27.bin,1.0,0.1111111111111111,0.3,False,0.0,4.712388980384691,0.27,3465131.189399222,ST,0.05568338031099243
orbit_p0.28.bin,1.0,0.1111111111111111,0.3,False,0.0,4.712388980384691,0.28,3465131.189399222,ST,0.05517814265073413
orbit_p0.29.bin,1.0,0.1111111111111111,0.3,False,0.0,4.712388980384691,0.29,3465131.189399222,ST,0.08933641466029206
orbit_p0.30.bin,1.0,0.1111111111111111,0.3,False,0.0,4.712388980384691,0.3,3289847.969446344,CA,
