file,m_A (Msun),m_B (Msun),e,apapse,m_P (Msun),l (rad),a (AU),t_stop (day),stability,delta_r
orbit_p0.1100.bin,1.0,0.6666666666666667,0.5,False,0.028637827019079756,3.1415926535897927,0.11,2829267.7686104896,ST,0.042775404812691396
orbit_p0.1200.bin,1.0,0.6666666666666667,0.5,False,0.028637827019079756,3.1415926535897927,0.12,2829267.7686104896,ST,0.03723374355632951
orbit_p0.1300.bin,1.0,0.6666666666666667,0.5,False,0.028637827019079756,3.1415926535897927,0.13,2829267.7686104896,ST,0.02961921475248584
orbit_p0.1400.bin,1.0,0.6666666666666667,0.5,False,0.028637827019079756,3.1415926535897927,0.14,2829267.7686104896,ST,0.03339232866400757
orbit_p0.1500.bin,1.0,0.6666666666666667,0.5,False,0.028637827019079756,3.1415926535897927,0.15,191029.53937605704,CA,
