file,m_A (Msun),m_B (Msun),e,apapse,m_P (Msun),l (rad),a (AU),t_stop (day),stability,delta_r
orbit_a0.1100.bin,1.0,0.6666666666666667,0.5,True,0.028637827019079756,3.1415926535897927,0.11,2829267.7686104896,ST,0.05372362101673865
orbit_a0.1200.bin,1.0,0.6666666666666667,0.5,True,0.028637827019079756,3.1415926535897927,0.12,2829267.7686104896,ST,0.04947484982848891
orbit_a0.1300.bin,1.0,0.6666666666666667,0.5,True,0.028637827019079756,3.1415926535897927,0.13,2829267.7686104896,ST,0.04583869017451912
orbit_a0.1400.bin,1.0,0.6666666666666667,0.5,True,0.028637827019079756,3.1415926535897927,0.14,684991.6864475732,CA,
orbit_a0.1500.bin,1.0,0.6666666666666667,0.5,True,0.028637827019079756,3.1415926535897927,0.15,35031.872270108506,CA,
