file,m_A (Msun),m_B (Msun),e,apapse,m_P (Msun),l (rad),a (AU),t_stop (day),stability,delta_r
orbit_p0.0600.bin,1.0,1.4999999999999998,0.6,False,0.028637827019079756,1.5707963267948966,0.06,2310087.4595994814,ST,0.043406982914522024
orbit_p0.0700.bin,1.0,1.4999999999999998,0.6,False,0.028637827019079756,1.5707963267948966,0.07,2310087.4595994814,ST,0.04861279853616382
orbit_p0.0800.bin,1.0,1.4999999999999998,0.6,False,0.028637827019079756,1.5707963267948966,0.08,2310087.4595994814,ST,0.0653244668883831
orbit_p0.0900.bin,1.0,1.4999999999999998,0.6,False,0.028637827019079756,1.5707963267948966,0.09,52245.229254385304,EJ,
orbit_p0.1000.bin,1.0,1.4999999999999998,0.6,False,0.028637827019079756,1.5707963267948966,0.1,10347.204113020603,CA,
