file,m_A (Msun),m_B (Msun),e,apapse,m_P (Msun),l (rad),a (AU),t_stop (day),stability,delta_r
orbit_a0.0600.bin,1.0,1.4999999999999998,0.6,True,0.028637827019079756,1.5707963267948966,0.06,2310087.4595994814,ST,0.04261902602407978
orbit_a0.0700.bin,1.0,1.4999999999999998,0.6,True,0.028637827019079756,1.5707963267948966,0.07,2310087.4595994814,ST,0.04516185050338763
orbit_a0.0800.bin,1.0,1.4999999999999998,0.6,True,0.028637827019079756,1.5707963267948966,0.08,2310087.4595994814,ST,0.042239167129204495
orbit_a0.0900.bin,1.0,1.4999999999999998,0.6,True,0.028637827019079756,1.5707963267948966,0.09,676995.404644939,CA,
orbit_a0.1000.bin,1.0,1.4999999999999998,0.6,True,0.028637827019079756,1.5707963267948966,0.1,37535.55062996565,CA,
