file,m_A (Msun),m_B (Msun),e,apapse,m_P (Msun),l (rad),a (AU),t_stop (day),stability,delta_r
orbit_a0.1400.bin,1.0,1.4999999999999998,0.3,True,0.028637827019079756,1.5707963267948966,0.14,2310087.4595994814,ST,0.034320149785750834
orbit_a0.1500.bin,1.0,1.4999999999999998,0.3,True,0.028637827019079756,1.5707963267948966,0.15,2310087.4595994814,ST,0.04703138219708344
orbit_a0.1600.bin,1.0,1.4999999999999998,0.3,True,0.028637827019079756,1.5707963267948966,0.16,2310087.4595994814,ST,0.05144738104505571
orbit_a0.1700.bin,1.0,1.4999999999999998,0.3,True,0.028637827019079756,1.5707963267948966,0.17,2310087.4595994814,ST,0.03550549260636963
orbit_a0.1800.bin,1.0,1.4999999999999998,0.3,True,0.028637827019079756,1.5707963267948966,0.18,2310087.4595994814,ST,0.057121157354059406
