file,m_A (Msun),m_B (Msun),e,apapse,m_P (Msun),l (rad),a (AU),t_stop (day),stability,delta_r
orbit_p0.1400.bin,1.0,1.4999999999999998,0.3,False,0.028637827019079756,1.5707963267948966,0.14,2310087.4595994814,ST,0.04889949183985424
orbit_p0.1500.bin,1.0,1.4999999999999998,0.3,False,0.028637827019079756,1.5707963267948966,0.15,2310087.4595994814,ST,0.06850815753895491
orbit_p0.1600.bin,1.0,1.4999999999999998,0.3,False,0.028637827019079756,1.5707963267948966,0.16,2310087.4595994814,ST,0.08932109843502249
orbit_p0.1700.bin,1.0,1.4999999999999998,0.3,False,0.028637827019079756,1.5707963267948966,0.17,53788.39812316813,CA,
orbit_p0.1800.bin,1.0,1.4999999999999998,0.3,False,0.028637827019079756,1.5707963267948966,0.18,1935.82652620314,CA,
