file,m_A (Msun),m_B (Msun),e,apapse,m_P (Msun),l (rad),a (AU),t_stop (day),stability,delta_r
orbit_p0.36.bin,1.0,0.1111111111111111,0.1,False,0.0,4.712388980384691,0.36,3465131.189399222,ST,0.042704938210475524
orbit_p0.37.bin,1.0,0.1111111111111111,0.1,False,0.0,4.712388980384691,0.37,3465131.189399222,ST,0.0583265183978007
orbit_p0.38.bin,1.0,0.1111111111111111,0.1,False,0.0,4.712388980384691,0.38,364944.38357436436,CA,
orbit_p0.39.bin,1.0,0.1111111111111111,0.1,False,0.0,4.712388980384691,0.39,22000.01354222592,EJ,
