file,m_A (Msun),m_B (Msun),e,apapse,m_P (Msun),l (rad),a (AU),t_stop (day),stability,delta_r
orbit_p0.1100.bin,1.0,9.0,0.0,False,0.028637827019079756,4.712388980384691,0.11,1155043.7297997407,ST,0.037817533795469566
orbit_p0.1200.bin,1.0,9.0,0.0,False,0.028637827019079756,4.712388980384691,0.12,1155043.7297997407,ST,0.08176687089281959
orbit_p0.1300.bin,1.0,9.0,0.0,False,0.028637827019079756,4.712388980384691,0.13,1155043.7297997407,ST,0.18326179764894676
orbit_p0.1400.bin,1.0,9.0,0.0,False,0.028637827019079756,4.712388980384691,0.14,1957.540524342688,CB,
orbit_p0.1500.bin,1.0,9.0,0.0,False,0.028637827019079756,4.712388980384691,0.15,3262.9036617792353,CA,
