file,m_A (Msun),m_B (Msun),e,apapse,m_P (Msun),l (rad),a (AU),t_stop (day),stability,delta_r
orbit_a0.0300.bin,1.0,0.25,0.8,True,0.000954594233969325,0.0,0.03,3266957.015633596,ST,0.06374442235587821
orbit_a0.0400.bin,1.0,0.25,0.8,True,0.000954594233969325,0.0,0.04,3266957.015633596,ST,0.08359176725547447
orbit_a0.0500.bin,1.0,0.25,0.8,True,0.000954594233969325,0.0,0.05,3266957.015633596,ST,0.08474908162597383
orbit_a0.0600.bin,1.0,0.25,0.8,True,0.000954594233969325,0.0,0.06000000000000001,150012.27034003573,CA,
orbit_a0.0700.bin,1.0,0.25,0.8,True,0.000954594233969325,0.0,0.07,550276.84875484,CA,
