file,m_A (Msun),m_B (Msun),e,apapse,m_P (Msun),l (rad),a (AU),t_stop (day),stability,delta_r
orbit_p0.0300.bin,1.0,0.25,0.8,False,0.000954594233969325,0.0,0.03,3266957.015633596,ST,0.06404885512891574
orbit_p0.0400.bin,1.0,0.25,0.8,False,0.000954594233969325,0.0,0.04,3266957.015633596,ST,0.08301901230093033
orbit_p0.0500.bin,1.0,0.25,0.8,False,0.000954594233969325,0.0,0.05,3266957.015633596,ST,0.09836212736400925
orbit_p0.0600.bin,1.0,0.25,0.8,False,0.000954594233969325,0.0,0.06000000000000001,2319472.3112336705,CA,
orbit_p0.0700.bin,1.0,0.25,0.8,False,0.000954594233969325,0.0,0.07,350507.0175697436,CA,
