file,m_A (Msun),m_B (Msun),e,apapse,m_P (Msun),l (rad),a (AU),t_stop (day),stability,delta_r
orbit_a0.0400.bin,1.0,4.0,0.6,True,0.028637827019079756,4.712388980384691,0.04,1633478.507816798,ST,0.029334272509204607
orbit_a0.0500.bin,1.0,4.0,0.6,True,0.028637827019079756,4.712388980384691,0.05,1633478.507816798,ST,0.034040617110961874
orbit_a0.0600.bin,1.0,4.0,0.6,True,0.028637827019079756,4.712388980384691,0.06,1633478.507816798,ST,0.034059373165756544
orbit_a0.0700.bin,1.0,4.0,0.6,True,0.028637827019079756,4.712388980384691,0.06999999999999999,872220.5421972298,CA,
orbit_a0.0800.bin,1.0,4.0,0.6,True,0.028637827019079756,4.712388980384691,0.08,9072.150573889036,EJ,
