file,m_A (Msun),m_B (Msun),e,apapse,m_P (Msun),l (rad),a (AU),t_stop (day),stability,delta_r
orbit_p0.0400.bin,1.0,4.0,0.6,False,0.028637827019079756,4.712388980384691,0.04,1633478.507816798,ST,0.029530391444909373
orbit_p0.0500.bin,1.0,4.0,0.6,False,0.028637827019079756,4.712388980384691,0.05,1633478.507816798,ST,0.039764248072250916
orbit_p0.0600.bin,1.0,4.0,0.6,False,0.028637827019079756,4.712388980384691,0.06,1633478.507816798,ST,0.05952795770278716
orbit_p0.0700.bin,1.0,4.0,0.6,False,0.028637827019079756,4.712388980384691,0.06999999999999999,32942.55705503649,CA,
orbit_p0.0800.bin,1.0,4.0,0.6,False,0.028637827019079756,4.712388980384691,0.08,1015.7038547586267,CA,
