file,m_A (Msun),m_B (Msun),e,apapse,m_P (Msun),l (rad),a (AU),t_stop (day),stability,delta_r
orbit_a0.31.bin,1.0,0.1111111111111111,0.2,True,0.0,1.5707963267948966,0.31,3465131.189399222,ST,0.03318263675036613
orbit_a0.32.bin,1.0,0.1111111111111111,0.2,True,0.0,1.5707963267948966,0.32,3465131.189399222,ST,0.026212383917159122
orbit_a0.33.bin,1.0,0.1111111111111111,0.2,True,0.0,1.5707963267948966,0.33,57502.926670824425,EJ,
orbit_a0.34.bin,1.0,0.1111111111111111,0.2,True,0.0,1.5707963267948966,0.34,36129.824919119535,CB,
orbit_a0.35.bin,1.0,0.1111111111111111,0.2,True,0.0,1.5707963267948966,0.35,3465131.189399222,ST,0.05331748627770196
orbit_a0.36.bin,1.0,0.1111111111111111,0.2,True,0.0,1.5707963267948966,0.36,3465131.189399222,ST,0.04422643643581042
