file,m_A (Msun),m_B (Msun),e,apapse,m_P (Msun),l (rad),a (AU),t_stop (day),stability,delta_r
orbit_p0.31.bin,1.0,0.1111111111111111,0.2,False,0.0,1.5707963267948966,0.31,3465131.189399222,ST,0.04924944318113289
orbit_p0.32.bin,1.0,0.1111111111111111,0.2,False,0.0,1.5707963267948966,0.32,3465131.189399222,ST,0.0551891759737306
orbit_p0.33.bin,1.0,0.1111111111111111,0.2,False,0.0,1.5707963267948966,0.33,893766.811820704,CA,
orbit_p0.34.bin,1.0,0.1111111111111111,0.2,False,0.0,1.5707963267948966,0.34,3465131.189399222,ST,0.04897689869405877
orbit_p0.35.bin,1.0,0.1111111111111111,0.2,False,0.0,1.5707963267948966,0.35,3465131.189399222,ST,0.06500185005906828
orbit_p0.36.bin,1.0,0.1111111111111111,0.2,False,0.0,1.5707963267948966,0.36,196191.86999284828,CA,
