file,m_A (Msun),m_B (Msun),e,apapse,m_P (Msun),l (rad),a (AU),t_stop (day),stability,delta_r
orbit_p0.17.bin,1.0,1.0,0.3,False,0.0,4.712388980384691,0.17,2582756.29681712,ST,0.12331564873985101
orbit_p0.18.bin,1.0,1.0,0.3,False,0.0,4.712388980384691,0.18,2582756.29681712,ST,0.11273318527718519
orbit_p0.19.bin,1.0,1.0,0.3,False,0.0,4.712388980384691,0.19,12482.441687422404,CA,
orbit_p0.20.bin,1.0,1.0,0.3,False,0.0,4.712388980384691,0.2,2140.9400276951724,CA,
