file,m_A (Msun),m_B (Msun),e,apapse,m_P (Msun),l (rad),a (AU),t_stop (day),stability,delta_r
orbit_a0.17.bin,1.0,1.0,0.3,True,0.0,4.712388980384691,0.17,2582756.29681712,ST,0.04164075314210035
orbit_a0.18.bin,1.0,1.0,0.3,True,0.0,4.712388980384691,0.18,2582756.29681712,ST,0.03819729265473768
orbit_a0.19.bin,1.0,1.0,0.3,True,0.0,4.712388980384691,0.19,2582756.29681712,ST,0.04607318270957931
orbit_a0.20.bin,1.0,1.0,0.3,True,0.0,4.712388980384691,0.2,315798.17021876236,CA,
