file,m_A (Msun),m_B (Msun),e,apapse,m_P (Msun),l (rad),a (AU),t_stop (day),stability,delta_r
orbit_a0.0350.bin,1.0,4.0,0.7,True,0.028637827019079756,0.0,0.035,1633478.507816798,ST,0.034408085214604714
orbit_a0.0400.bin,1.0,4.0,0.7,True,0.028637827019079756,0.0,0.04,1633478.507816798,ST,0.035636634076079844
orbit_a0.0450.bin,1.0,4.0,0.7,True,0.028637827019079756,0.0,0.045,1633478.507816798,ST,0.03238755658776283
orbit_a0.0500.bin,1.0,4.0,0.7,True,0.028637827019079756,0.0,0.05,286848.0339121247,EJ,
orbit_a0.0550.bin,1.0,4.0,0.7,True,0.028637827019079756,0.0,0.055,38201.91388272681,CA,
