file,m_A (Msun),m_B (Msun),e,apapse,m_P (Msun),l (rad),a (AU),t_stop (day),stability,delta_r
orbit_p0.0500.bin,1.0,0.6666666666666667,0.7,False,0.000954594233969325,3.1415926535897927,0.05,2829267.7686104896,ST,0.05426388828517525
orbit_p0.0600.bin,1.0,0.6666666666666667,0.7,False,0.000954594233969325,3.1415926535897927,0.06000000000000001,2829267.7686104896,ST,0.053974274892560396
orbit_p0.0700.bin,1.0,0.6666666666666667,0.7,False,0.000954594233969325,3.1415926535897927,0.07,2829267.7686104896,ST,0.052450756485409714
orbit_p0.0800.bin,1.0,0.6666666666666667,0.7,False,0.000954594233969325,3.1415926535897927,0.08,2829267.7686104896,ST,0.035921821173655145
orbit_p0.0900.bin,1.0,0.6666666666666667,0.7,False,0.000954594233969325,3.1415926535897927,0.09000000000000001,545686.4502344603,CA,
