file,m_A (Msun),m_B (Msun),e,apapse,m_P (Msun),l (rad),a (AU),t_stop (day),stability,delta_r
orbit_a0.1800.bin,1.0,1.5,0.1,True,0.000954594233969325,1.5707963267948966,0.18000000000000002,2310087.4595994814,ST,0.03735883065636823
orbit_a0.1900.bin,1.0,1.5,0.1,True,0.000954594233969325,1.5707963267948966,0.19,2310087.4595994814,ST,0.04126128675336267
orbit_a0.2000.bin,1.0,1.5,0.1,True,0.000954594233969325,1.5707963267948966,0.2,2310087.4595994814,ST,0.049899102483424704
orbit_a0.2100.bin,1.0,1.5,0.1,True,0.000954594233969325,1.5707963267948966,0.21,2310087.4595994814,ST,0.0624784791861923
orbit_a0.2200.bin,1.0,1.5,0.1,True,0.000954594233969325,1.5707963267948966,0.22,2310087.4595994814,ST,0.09094955172711096
