file,m_A (Msun),m_B (Msun),e,apapse,m_P (Msun),l (rad),a (AU),t_stop (day),stability,delta_r
orbit_p0.23.bin,1.0,1.0,0.1,False,0.0,3.1415926535897927,0.23,2582756.29681712,ST,0.03895568688840329
orbit_p0.24.bin,1.0,1.0,0.1,False,0.0,3.1415926535897927,0.24,2582756.29681712,ST,0.04661023048435698
orbit_p0.25.bin,1.0,1.0,0.1,False,0.0,3.1415926535897927,0.25,2582756.29681712,ST,0.05484078325204095
orbit_p0.26.bin,1.0,1.0,0.1,False,0.0,3.1415926535897927,0.26,2582756.29681712,ST,0.058641155831629356
