file,m_A (Msun),m_B (Msun),e,apapse,m_P (Msun),l (rad),a (AU),t_stop (day),stability,delta_r
orbit_a0.23.bin,1.0,1.0,0.1,True,0.0,3.1415926535897927,0.23,2582756.29681712,ST,0.025220314558352035
orbit_a0.24.bin,1.0,1.0,0.1,True,0.0,3.1415926535897927,0.24,2582756.29681712,ST,0.028340107320651856
orbit_a0.25.bin,1.0,1.0,0.1,True,0.0,3.1415926535897927,0.25,2582756.29681712,ST,0.031279627450255594
orbit_a0.26.bin,1.0,1.0,0.1,True,0.0,3.1415926535897927,0.26,2582756.29681712,ST,0.03487975103463584
