file,m_A (Msun),m_B (Msun),e,apapse,m_P (Msun),l (rad),a (AU),t_stop (day),stability,delta_r
orbit_p0.1600.bin,1.0,2.333333333333333,0.1,False,0.028637827019079756,1.5707963267948966,0.16,2000594.4249770087,ST,0.05616616278076667
orbit_p0.1700.bin,1.0,2.333333333333333,0.1,False,0.028637827019079756,1.5707963267948966,0.16999999999999998,2000594.4249770087,ST,0.07541967857823217
orbit_p0.1800.bin,1.0,2.333333333333333,0.1,False,0.028637827019079756,1.5707963267948966,0.18,2000594.4249770087,ST,0.11127144007290563
orbit_p0.1900.bin,1.0,2.333333333333333,0.1,False,0.028637827019079756,1.5707963267948966,0.19,55195.92538351349,CA,
orbit_p0.2000.bin,1.0,2.333333333333333,0.1,False,0.028637827019079756,1.5707963267948966,0.2,7662.8614125582435,CA,
