file,m_A (Msun),m_B (Msun),e,apapse,m_P (Msun),l (rad),a (AU),t_stop (day),stability,delta_r
orbit_a0.1600.bin,1.0,2.333333333333333,0.1,True,0.028637827019079756,1.5707963267948966,0.16,2000594.4249770087,ST,0.0348379940886941
orbit_a0.1700.bin,1.0,2.333333333333333,0.1,True,0.028637827019079756,1.5707963267948966,0.16999999999999998,2000594.4249770087,ST,0.04454073835056432
orbit_a0.1800.bin,1.0,2.333333333333333,0.1,True,0.028637827019079756,1.5707963267948966,0.18,2000594.4249770087,ST,0.05623036459676006
orbit_a0.1900.bin,1.0,2.333333333333333,0.1,True,0.028637827019079756,1.5707963267948966,0.19,2000594.4249770087,ST,0.07931784173775126
orbit_a0.2000.bin,1.0,2.333333333333333,0.1,True,0.028637827019079756,1.5707963267948966,0.2,4169.249135556084,CA,
