file,m_A (Msun),m_B (Msun),e,apapse,m_P (Msun),l (rad),a (AU),t_stop (day),stability,delta_r
orbit_p0.1400.bin,1.0,1.5,0.3,False,0.000954594233969325,1.5707963267948966,0.14,2310087.4595994814,ST,0.05519917052290265
orbit_p0.1500.bin,1.0,1.5,0.3,False,0.000954594233969325,1.5707963267948966,0.15,2310087.4595994814,ST,0.07260961277549409
orbit_p0.1600.bin,1.0,1.5,0.3,False,0.000954594233969325,1.5707963267948966,0.16,2310087.4595994814,ST,0.101312071622379
orbit_p0.1700.bin,1.0,1.5,0.3,False,0.000954594233969325,1.5707963267948966,0.17,17355.344379550334,CA,
orbit_p0.1800.bin,1.0,1.5,0.3,False,0.000954594233969325,1.5707963267948966,0.18,267.457306204866,CA,
