file,m_A (Msun),m_B (Msun),e,apapse,m_P (Msun),l (rad),a (AU),t_stop (day),stability,delta_r
orbit_p0.24.bin,1.0,0.4285714285714286,0.2,False,0.0,1.5707963267948966,0.24,3055958.462454599,ST,0.08574301226297393
orbit_p0.25.bin,1.0,0.4285714285714286,0.2,False,0.0,1.5707963267948966,0.25,3055958.462454599,ST,0.06638853398273097
orbit_p0.26.bin,1.0,0.4285714285714286,0.2,False,0.0,1.5707963267948966,0.26,1422031.3926491768,CA,
orbit_p0.27.bin,1.0,0.4285714285714286,0.2,False,0.0,1.5707963267948966,0.27,47715.269490514904,CA,
