file,m_A (Msun),m_B (Msun),e,apapse,m_P (Msun),l (rad),a (AU),t_stop (day),stability,delta_r
orbit_a0.24.bin,1.0,0.4285714285714286,0.2,True,0.0,1.5707963267948966,0.24,3055958.462454599,ST,0.038534388104409026
orbit_a0.25.bin,1.0,0.4285714285714286,0.2,True,0.0,1.5707963267948966,0.25,3055958.462454599,ST,0.04094308810609693
orbit_a0.26.bin,1.0,0.4285714285714286,0.2,True,0.0,1.5707963267948966,0.26,3055958.462454599,ST,0.04084212389722108
orbit_a0.27.bin,1.0,0.4285714285714286,0.2,True,0.0,1.5707963267948966,0.27,635547.5795310354,CA,
