file,m_A (Msun),m_B (Msun),e,apapse,m_P (Msun),l (rad),a (AU),t_stop (day),stability,delta_r
orbit_a0.040.bin,1.0,9.000000000000002,0.6,True,0.0,1.5707963267948966,0.04,1155043.7297997407,ST,0.026763730729682994
orbit_a0.045.bin,1.0,9.000000000000002,0.6,True,0.0,1.5707963267948966,0.045,1155043.7297997407,ST,0.026773582509780066
orbit_a0.050.bin,1.0,9.000000000000002,0.6,True,0.0,1.5707963267948966,0.05,1155043.7297997407,ST,0.027691478835737107
orbit_a0.055.bin,1.0,9.000000000000002,0.6,True,0.0,1.5707963267948966,0.055,1155043.7297997407,ST,0.1411716834954066
