file,m_A (Msun),m_B (Msun),e,apapse,m_P (Msun),l (rad),a (AU),t_stop (day),stability,delta_r
orbit_a0.1300.bin,1.0,1.0,0.4,True,0.000954594233969325,3.1415926535897927,0.13,2582756.29681712,ST,0.04422617676164588
orbit_a0.1400.bin,1.0,1.0,0.4,True,0.000954594233969325,3.1415926535897927,0.14,2582756.29681712,ST,0.04440133263175108
orbit_a0.1500.bin,1.0,1.0,0.4,True,0.000954594233969325,3.1415926535897927,0.15,2582756.29681712,ST,0.033552794301589
orbit_a0.1600.bin,1.0,1.0,0.4,True,0.000954594233969325,3.1415926535897927,0.16,2582756.29681712,ST,0.05089660420051163
orbit_a0.1700.bin,1.0,1.0,0.4,True,0.000954594233969325,3.1415926535897927,0.16999999999999998,2582756.29681712,ST,0.03281420323696791
