file,m_A (Msun),m_B (Msun),e,apapse,m_P (Msun),l (rad),a (AU),t_stop (day),stability,delta_r
orbit_a0.04.bin,1.0,0.1111111111111111,0.8,True,0.0,1.5707963267948966,0.04,3465131.189399222,ST,0.08549040030263065
orbit_a0.05.bin,1.0,0.1111111111111111,0.8,True,0.0,1.5707963267948966,0.05,3465131.189399222,ST,0.10082880823592094
orbit_a0.06.bin,1.0,0.1111111111111111,0.8,True,0.0,1.5707963267948966,0.06,3465131.189399222,ST,0.13335227633098637
orbit_a0.07.bin,1.0,0.1111111111111111,0.8,True,0.0,1.5707963267948966,0.07,457222.14992764225,CA,
