file,m_A (Msun),m_B (Msun),e,apapse,m_P (Msun),l (rad),a (AU),t_stop (day),stability,delta_r
orbit_p0.0400.bin,1.0,4.0,0.7,False,0.0,1.5707963267948966,0.04,1633478.507816798,ST,0.04557979995952233
orbit_p0.0450.bin,1.0,4.0,0.7,False,0.0,1.5707963267948966,0.045,1633478.507816798,ST,0.09075513719816958
orbit_p0.0500.bin,1.0,4.0,0.7,False,0.0,1.5707963267948966,0.05,457707.12999006157,CA,
orbit_p0.0550.bin,1.0,4.0,0.7,False,0.0,1.5707963267948966,0.055,9019.789133461663,CA,
