file,m_A (Msun),m_B (Msun),e,apapse,m_P (Msun),l (rad),a (AU),t_stop (day),stability,delta_r
orbit_a0.0700.bin,1.0,2.333333333333333,0.5,True,0.000954594233969325,4.712388980384691,0.06999999999999999,2000594.4249770087,ST,0.03650442728256493
orbit_a0.0800.bin,1.0,2.333333333333333,0.5,True,0.000954594233969325,4.712388980384691,0.08,2000594.4249770087,ST,0.038810926506105826
orbit_a0.0900.bin,1.0,2.333333333333333,0.5,True,0.000954594233969325,4.712388980384691,0.09,2000594.4249770087,ST,0.03942777281218093
orbit_a0.1000.bin,1.0,2.333333333333333,0.5,True,0.000954594233969325,4.712388980384691,0.1,2000594.4249770087,ST,0.03678805620667687
orbit_a0.1100.bin,1.0,2.333333333333333,0.5,True,0.000954594233969325,4.712388980384691,0.11,1638629.8986031497,CA,
