file,m_A (Msun),m_B (Msun),e,apapse,m_P (Msun),l (rad),a (AU),t_stop (day),stability,delta_r
orbit_p0.0800.bin,1.0,4.0,0.4,False,0.028637827019079756,4.712388980384691,0.08,1633478.507816798,ST,0.03901455318602844
orbit_p0.0900.bin,1.0,4.0,0.4,False,0.028637827019079756,4.712388980384691,0.09000000000000001,1633478.507816798,ST,0.06130467853302147
orbit_p0.1000.bin,1.0,4.0,0.4,False,0.028637827019079756,4.712388980384691,0.1,1633478.507816798,ST,0.08563053267455459
orbit_p0.1100.bin,1.0,4.0,0.4,False,0.028637827019079756,4.712388980384691,0.11,6574.048630607091,CA,
orbit_p0.1200.bin,1.0,4.0,0.4,False,0.028637827019079756,4.712388980384691,0.12,1935.9000122904254,CA,
