file,m_A (Msun),m_B (Msun),e,apapse,m_P (Msun),l (rad),a (AU),t_stop (day),stability,delta_r
orbit_p0.04.bin,1.0,2.333333333333333,0.7,False,0.0,0.0,0.04,2000594.4249770087,ST,0.04655466938500566
orbit_p0.05.bin,1.0,2.333333333333333,0.7,False,0.0,0.0,0.05,2000594.4249770087,ST,0.05585047925356212
orbit_p0.06.bin,1.0,2.333333333333333,0.7,False,0.0,0.0,0.06,282481.92595757014,CA,
orbit_p0.07.bin,1.0,2.333333333333333,0.7,False,0.0,0.0,0.07,87636.09368267671,CA,
