file,m_A (Msun),m_B (Msun),e,apapse,m_P (Msun),l (rad),a (AU),t_stop (day),stability,delta_r
orbit_p0.1400.bin,1.0,4.0,0.0,False,0.000954594233969325,3.1415926535897927,0.14,1633478.507816798,ST,0.029785294142195225
orbit_p0.1500.bin,1.0,4.0,0.0,False,0.000954594233969325,3.1415926535897927,0.15,1633478.507816798,ST,0.0373035463387381
orbit_p0.1600.bin,1.0,4.0,0.0,False,0.000954594233969325,3.1415926535897927,0.16,1633478.507816798,ST,0.04818753712529614
orbit_p0.1700.bin,1.0,4.0,0.0,False,0.000954594233969325,3.1415926535897927,0.17,1633478.507816798,ST,0.06510811340520746
orbit_p0.1800.bin,1.0,4.0,0.0,False,0.000954594233969325,3.1415926535897927,0.18,1633478.507816798,ST,0.1189305782739262
