file,m_A (Msun),m_B (Msun),e,apapse,m_P (Msun),l (rad),a (AU),t_stop (day),stability,delta_r
orbit_a0.1400.bin,1.0,4.0,0.0,True,0.000954594233969325,3.1415926535897927,0.14,1633478.507816798,ST,0.02066915405336183
orbit_a0.1500.bin,1.0,4.0,0.0,True,0.000954594233969325,3.1415926535897927,0.15,1633478.507816798,ST,0.025593619075821774
orbit_a0.1600.bin,1.0,4.0,0.0,True,0.000954594233969325,3.1415926535897927,0.16,1633478.507816798,ST,0.0318413863454437
orbit_a0.1700.bin,1.0,4.0,0.0,True,0.000954594233969325,3.1415926535897927,0.17,1633478.507816798,ST,0.039659305878223874
orbit_a0.1800.bin,1.0,4.0,0.0,True,0.000954594233969325,3.1415926535897927,0.18,1633478.507816798,ST,0.05036914882019853
