file,m_A (Msun),m_B (Msun),e,apapse,m_P (Msun),l (rad),a (AU),t_stop (day),stability,delta_r
orbit_a0.2600.bin,1.0,0.11111111111111112,0.3,True,0.028637827019079756,4.712388980384691,0.26,3465131.189399222,ST,0.03829519727098206
orbit_a0.2700.bin,1.0,0.11111111111111112,0.3,True,0.028637827019079756,4.712388980384691,0.27,3465131.189399222,ST,0.06905686527468313
orbit_a0.2800.bin,1.0,0.11111111111111112,0.3,True,0.028637827019079756,4.712388980384691,0.28,3465131.189399222,ST,0.04397105763065946
orbit_a0.2900.bin,1.0,0.11111111111111112,0.3,True,0.028637827019079756,4.712388980384691,0.29,238929.60125322745,CA,
orbit_a0.3000.bin,1.0,0.11111111111111112,0.3,True,0.028637827019079756,4.712388980384691,0.3,52524.698026931095,CA,
