file,m_A (Msun),m_B (Msun),e,apapse,m_P (Msun),l (rad),a (AU),t_stop (day),stability,delta_r
orbit_p0.2600.bin,1.0,0.11111111111111112,0.3,False,0.028637827019079756,4.712388980384691,0.26,3465131.189399222,ST,0.07430076490976306
orbit_p0.2700.bin,1.0,0.11111111111111112,0.3,False,0.028637827019079756,4.712388980384691,0.27,3465131.189399222,ST,0.05319005560033524
orbit_p0.2800.bin,1.0,0.11111111111111112,0.3,False,0.028637827019079756,4.712388980384691,0.28,3465131.189399222,ST,0.053036871757788304
orbit_p0.2900.bin,1.0,0.11111111111111112,0.3,False,0.028637827019079756,4.712388980384691,0.29,52766.21726107988,CA,
orbit_p0.3000.bin,1.0,0.11111111111111112,0.3,False,0.028637827019079756,4.712388980384691,0.3,1089619.8831732098,CA,
