file,m_A (Msun),m_B (Msun),e,apapse,m_P (Msun),l (rad),a (AU),t_stop (day),stability,delta_r
orbit_a0.0900.bin,1.0,9.0,0.1,True,0.000954594233969325,0.0,0.09,1155043.7297997407,ST,0.01864152044311108
orbit_a0.1000.bin,1.0,9.0,0.1,True,0.000954594233969325,0.0,0.1,1155043.7297997407,ST,0.02558846993960583
orbit_a0.1100.bin,1.0,9.0,0.1,True,0.000954594233969325,0.0,0.11,1155043.7297997407,ST,0.03399494950020548
orbit_a0.1200.bin,1.0,9.0,0.1,True,0.000954594233969325,0.0,0.12,1155043.7297997407,ST,0.043922990131707564
orbit_a0.1300.bin,1.0,9.0,0.1,True,0.000954594233969325,0.0,0.13,5548.591342499551,CB,
