file,m_A (Msun),m_B (Msun),e,apapse,m_P (Msun),l (rad),a (AU),t_stop (day),stability,delta_r
orbit_a0.03.bin,1.0,1.0,0.8,True,0.0,3.1415926535897927,0.03,2582756.29681712,ST,0.056287154351833416
orbit_a0.04.bin,1.0,1.0,0.8,True,0.0,3.1415926535897927,0.04,2582756.29681712,ST,0.058409216938423374
orbit_a0.05.bin,1.0,1.0,0.8,True,0.0,3.1415926535897927,0.05,188924.74495434135,CA,
orbit_a0.50.bin,1.0,1.0,0.8,True,0.0,3.1415926535897927,0.5,132.60115590444448,CA,
