file,m_A (Msun),m_B (Msun),e,apapse,m_P (Msun),l (rad),a (AU),t_stop (day),stability,delta_r
orbit_p0.1400.bin,1.0,0.6666666666666667,0.4,False,0.000954594233969325,1.5707963267948966,0.14,2829267.7686104896,ST,0.052681630801620236
orbit_p0.1500.bin,1.0,0.6666666666666667,0.4,False,0.000954594233969325,1.5707963267948966,0.15,2829267.7686104896,ST,0.06744166199742305
orbit_p0.1600.bin,1.0,0.6666666666666667,0.4,False,0.000954594233969325,1.5707963267948966,0.16,2829267.7686104896,ST,0.06586088546697964
orbit_p0.1700.bin,1.0,0.6666666666666667,0.4,False,0.000954594233969325,1.5707963267948966,0.17,124583.93675350472,CA,
orbit_p0.1800.bin,1.0,0.6666666666666667,0.4,False,0.000954594233969325,1.5707963267948966,0.18,61448.156009881975,CA,
