file,m_A (Msun),m_B (Msun),e,apapse,m_P (Msun),l (rad),a (AU),t_stop (day),stability,delta_r
orbit_a0.1400.bin,1.0,0.6666666666666667,0.4,True,0.000954594233969325,1.5707963267948966,0.14,2829267.7686104896,ST,0.04921807521635765
orbit_a0.1500.bin,1.0,0.6666666666666667,0.4,True,0.000954594233969325,1.5707963267948966,0.15,2829267.7686104896,ST,0.04711464245602589
orbit_a0.1600.bin,1.0,0.6666666666666667,0.4,True,0.000954594233969325,1.5707963267948966,0.16,2829267.7686104896,ST,0.05478906030361372
orbit_a0.1700.bin,1.0,0.6666666666666667,0.4,True,0.000954594233969325,1.5707963267948966,0.17,2829267.7686104896,ST,0.05122157545581748
orbit_a0.1800.bin,1.0,0.6666666666666667,0.4,True,0.000954594233969325,1.5707963267948966,0.18,700200.1829423683,CA,
