file,m_A (Msun),m_B (Msun),e,apapse,m_P (Msun),l (rad),a (AU),t_stop (day),stability,delta_r
orbit_p0.1400.bin,1.0,4.0,0.0,False,0.028637827019079756,1.5707963267948966,0.14,1633478.507816798,ST,0.04639426311372504
orbit_p0.1500.bin,1.0,4.0,0.0,False,0.028637827019079756,1.5707963267948966,0.15,1633478.507816798,ST,0.06452566314199293
orbit_p0.1600.bin,1.0,4.0,0.0,False,0.028637827019079756,1.5707963267948966,0.16,1633478.507816798,ST,0.09523931010454628
orbit_p0.1700.bin,1.0,4.0,0.0,False,0.028637827019079756,1.5707963267948966,0.17,1633478.507816798,ST,0.20905540939162723
orbit_p0.1800.bin,1.0,4.0,0.0,False,0.028637827019079756,1.5707963267948966,0.18,60327.10939291468,CB,
