file,m_A (Msun),m_B (Msun),e,apapse,m_P (Msun),l (rad),a (AU),t_stop (day),stability,delta_r
orbit_a0.0200.bin,1.0,1.0,0.8,True,0.028637827019079756,3.1415926535897927,0.02,2582756.29681712,ST,0.03919157526289405
orbit_a0.0300.bin,1.0,1.0,0.8,True,0.028637827019079756,3.1415926535897927,0.03,2582756.29681712,ST,0.05411776290735147
orbit_a0.0400.bin,1.0,1.0,0.8,True,0.028637827019079756,3.1415926535897927,0.04,2582756.29681712,ST,0.09161002983658888
orbit_a0.0500.bin,1.0,1.0,0.8,True,0.028637827019079756,3.1415926535897927,0.05,41428.07901984556,CA,
orbit_a0.0600.bin,1.0,1.0,0.8,True,0.028637827019079756,3.1415926535897927,0.06,22245.601382649395,CA,
