file,m_A (Msun),m_B (Msun),e,apapse,m_P (Msun),l (rad),a (AU),t_stop (day),stability,delta_r
orbit_p0.0200.bin,1.0,1.0,0.8,False,0.028637827019079756,3.1415926535897927,0.02,2582756.29681712,ST,0.037822259743904824
orbit_p0.0300.bin,1.0,1.0,0.8,False,0.028637827019079756,3.1415926535897927,0.03,2582756.29681712,ST,0.048740274733712674
orbit_p0.0400.bin,1.0,1.0,0.8,False,0.028637827019079756,3.1415926535897927,0.04,2582756.29681712,ST,0.04845237132785252
orbit_p0.0500.bin,1.0,1.0,0.8,False,0.028637827019079756,3.1415926535897927,0.05,416693.5585599913,CA,
orbit_p0.0600.bin,1.0,1.0,0.8,False,0.028637827019079756,3.1415926535897927,0.06,8435.337607749343,CA,
