file,m_A (Msun),m_B (Msun),e,apapse,m_P (Msun),l (rad),a (AU),t_stop (day),stability,delta_r
orbit_a0.0500.bin,1.0,4.0,0.6,True,0.0,4.712388980384691,0.05,1633478.507816798,ST,0.03267741427659251
orbit_a0.0600.bin,1.0,4.0,0.6,True,0.0,4.712388980384691,0.06,1633478.507816798,ST,0.03538106271812366
orbit_a0.0700.bin,1.0,4.0,0.6,True,0.0,4.712388980384691,0.07,588457.1458281225,CA,
orbit_a0.0800.bin,1.0,4.0,0.6,True,0.0,4.712388980384691,0.08,45325.02988983566,CA,
