file,m_A (Msun),m_B (Msun),e,apapse,m_P (Msun),l (rad),a (AU),t_stop (day),stability,delta_r
orbit_p0.0900.bin,1.0,9.0,0.1,False,0.028637827019079756,1.5707963267948966,0.09,1155043.7297997407,ST,0.031889273472054315
orbit_p0.1000.bin,1.0,9.0,0.1,False,0.028637827019079756,1.5707963267948966,0.1,1155043.7297997407,ST,0.050401202311201494
orbit_p0.1100.bin,1.0,9.0,0.1,False,0.028637827019079756,1.5707963267948966,0.11,1155043.7297997407,ST,0.08215388297324623
orbit_p0.1200.bin,1.0,9.0,0.1,False,0.028637827019079756,1.5707963267948966,0.12,12369.718460567834,CA,
orbit_p0.1300.bin,1.0,9.0,0.1,False,0.028637827019079756,1.5707963267948966,0.13,12948.045883672175,EJ,
