file,m_A (Msun),m_B (Msun),e,apapse,m_P (Msun),l (rad),a (AU),t_stop (day),stability,delta_r
orbit_a0.030.bin,1.0,9.000000000000002,0.7,True,0.0,3.1415926535897927,0.03,1155043.7297997407,ST,0.027635712166218466
orbit_a0.035.bin,1.0,9.000000000000002,0.7,True,0.0,3.1415926535897927,0.035,1155043.7297997407,ST,0.026511621345528022
orbit_a0.040.bin,1.0,9.000000000000002,0.7,True,0.0,3.1415926535897927,0.04,123186.0468119685,CA,
orbit_a0.045.bin,1.0,9.000000000000002,0.7,True,0.0,3.1415926535897927,0.045,61422.724639283224,EJ,
