file,m_A (Msun),m_B (Msun),e,apapse,m_P (Msun),l (rad),a (AU),t_stop (day),stability,delta_r
orbit_p0.0800.bin,1.0,1.4999999999999998,0.5,False,0.028637827019079756,3.1415926535897927,0.08,2310087.4595994814,ST,0.032634552625405766
orbit_p0.0900.bin,1.0,1.4999999999999998,0.5,False,0.028637827019079756,3.1415926535897927,0.09000000000000001,2310087.4595994814,ST,0.03069988930220873
orbit_p0.1000.bin,1.0,1.4999999999999998,0.5,False,0.028637827019079756,3.1415926535897927,0.1,2310087.4595994814,ST,0.031961055860918526
orbit_p0.1100.bin,1.0,1.4999999999999998,0.5,False,0.028637827019079756,3.1415926535897927,0.11,2310087.4595994814,ST,0.03248309048471036
orbit_p0.1200.bin,1.0,1.4999999999999998,0.5,False,0.028637827019079756,3.1415926535897927,0.12,2310087.4595994814,ST,0.04233527890503158
