file,m_A (Msun),m_B (Msun),e,apapse,m_P (Msun),l (rad),a (AU),t_stop (day),stability,delta_r
orbit_p0.1800.bin,1.0,2.333333333333333,0.0,False,0.028637827019079756,4.712388980384691,0.18000000000000002,2000594.4249770087,ST,0.06690877831594091
orbit_p0.1900.bin,1.0,2.333333333333333,0.0,False,0.028637827019079756,4.712388980384691,0.19,2000594.4249770087,ST,0.08873618927914083
orbit_p0.2000.bin,1.0,2.333333333333333,0.0,False,0.028637827019079756,4.712388980384691,0.2,2000594.4249770087,ST,0.13733005344293478
orbit_p0.2100.bin,1.0,2.333333333333333,0.0,False,0.028637827019079756,4.712388980384691,0.21,1555.801942961916,CA,
orbit_p0.2200.bin,1.0,2.333333333333333,0.0,False,0.028637827019079756,4.712388980384691,0.22,3412.788536262773,CB,
