file,m_A (Msun),m_B (Msun),e,apapse,m_P (Msun),l (rad),a (AU),t_stop (day),stability,delta_r
orbit_a0.2100.bin,1.0,1.4999999999999998,0.0,True,0.028637827019079756,1.5707963267948966,0.21,2310087.4595994814,ST,0.06911742747318701
orbit_a0.2200.bin,1.0,1.4999999999999998,0.0,True,0.028637827019079756,1.5707963267948966,0.22,2310087.4595994814,ST,0.0885414356511463
orbit_a0.2300.bin,1.0,1.4999999999999998,0.0,True,0.028637827019079756,1.5707963267948966,0.23,2310087.4595994814,ST,0.12321579607171294
orbit_a0.2400.bin,1.0,1.4999999999999998,0.0,True,0.028637827019079756,1.5707963267948966,0.24,4476.188605542863,CA,
orbit_a0.2500.bin,1.0,1.4999999999999998,0.0,True,0.028637827019079756,1.5707963267948966,0.25,6475.673380943703,CA,
