file,m_A (Msun),m_B (Msun),e,apapse,m_P (Msun),l (rad),a (AU),t_stop (day),stability,delta_r
orbit_a0.1800.bin,1.0,1.5,0.1,True,0.000954594233969325,3.1415926535897927,0.18000000000000002,2310087.4595994814,ST,0.018621245667753306
orbit_a0.1900.bin,1.0,1.5,0.1,True,0.000954594233969325,3.1415926535897927,0.19,2310087.4595994814,ST,0.021303721877730344
orbit_a0.2000.bin,1.0,1.5,0.1,True,0.000954594233969325,3.1415926535897927,0.2,2310087.4595994814,ST,0.024668463532208675
orbit_a0.2100.bin,1.0,1.5,0.1,True,0.000954594233969325,3.1415926535897927,0.21,2310087.4595994814,ST,0.027846587664955263
orbit_a0.2200.bin,1.0,1.5,0.1,True,0.000954594233969325,3.1415926535897927,0.22,2310087.4595994814,ST,0.03339712325243665
