file,m_A (Msun),m_B (Msun),e,apapse,m_P (Msun),l (rad),a (AU),t_stop (day),stability,delta_r
orbit_p0.1800.bin,1.0,1.5,0.1,False,0.000954594233969325,3.1415926535897927,0.18000000000000002,2310087.4595994814,ST,0.024834140565518005
orbit_p0.1900.bin,1.0,1.5,0.1,False,0.000954594233969325,3.1415926535897927,0.19,2310087.4595994814,ST,0.03005526115945222
orbit_p0.2000.bin,1.0,1.5,0.1,False,0.000954594233969325,3.1415926535897927,0.2,2310087.4595994814,ST,0.03633277723288904
orbit_p0.2100.bin,1.0,1.5,0.1,False,0.000954594233969325,3.1415926535897927,0.21,2310087.4595994814,ST,0.046989576676997345
orbit_p0.2200.bin,1.0,1.5,0.1,False,0.000954594233969325,3.1415926535897927,0.22,2310087.4595994814,ST,0.05237403530917375
