file,m_A (Msun),m_B (Msun),e,apapse,m_P (Msun),l (rad),a (AU),t_stop (day),stability,delta_r
orbit_a0.2100.bin,1.0,0.6666666666666667,0.2,True,0.000954594233969325,0.0,0.21,2829267.7686104896,ST,0.03910054584200622
orbit_a0.2200.bin,1.0,0.6666666666666667,0.2,True,0.000954594233969325,0.0,0.22,2829267.7686104896,ST,0.034662980376275285
orbit_a0.2300.bin,1.0,0.6666666666666667,0.2,True,0.000954594233969325,0.0,0.23,2829267.7686104896,ST,0.03124081714252784
orbit_a0.2400.bin,1.0,0.6666666666666667,0.2,True,0.000954594233969325,0.0,0.24,2829267.7686104896,ST,0.04934177564866146
orbit_a0.2500.bin,1.0,0.6666666666666667,0.2,True,0.000954594233969325,0.0,0.25,2829267.7686104896,ST,0.04899709132588173
