file,m_A (Msun),m_B (Msun),e,apapse,m_P (Msun),l (rad),a (AU),t_stop (day),stability,delta_r
orbit_a0.0400.bin,1.0,1.4999999999999998,0.7,True,0.0,3.1415926535897927,0.04,2310087.4595994814,ST,0.044675439679316274
orbit_a0.0500.bin,1.0,1.4999999999999998,0.7,True,0.0,3.1415926535897927,0.05,2310087.4595994814,ST,0.05000004513691353
orbit_a0.0600.bin,1.0,1.4999999999999998,0.7,True,0.0,3.1415926535897927,0.06,2310087.4595994814,ST,0.05376449456383847
orbit_a0.0700.bin,1.0,1.4999999999999998,0.7,True,0.0,3.1415926535897927,0.07,57423.74815387197,CA,
