file,m_A (Msun),m_B (Msun),e,apapse,m_P (Msun),l (rad),a (AU),t_stop (day),stability,delta_r
orbit_p0.0400.bin,1.0,1.4999999999999998,0.7,False,0.0,3.1415926535897927,0.04,2310087.4595994814,ST,0.04110599947520091
orbit_p0.0500.bin,1.0,1.4999999999999998,0.7,False,0.0,3.1415926535897927,0.05,2310087.4595994814,ST,0.041668158487801206
orbit_p0.0600.bin,1.0,1.4999999999999998,0.7,False,0.0,3.1415926535897927,0.06,2310087.4595994814,ST,0.03611022646262401
orbit_p0.0700.bin,1.0,1.4999999999999998,0.7,False,0.0,3.1415926535897927,0.07,112430.47342476854,EJ,
