file,m_A (Msun),m_B (Msun),e,apapse,m_P (Msun),l (rad),a (AU),t_stop (day),stability,delta_r
orbit_p0.2500.bin,1.0,0.6666666666666667,0.1,False,0.028637827019079756,4.712388980384691,0.25,2829267.7686104896,ST,0.06986792388203299
orbit_p0.2600.bin,1.0,0.6666666666666667,0.1,False,0.028637827019079756,4.712388980384691,0.26,2829267.7686104896,ST,0.08013142197114416
orbit_p0.2700.bin,1.0,0.6666666666666667,0.1,False,0.028637827019079756,4.712388980384691,0.27,2829267.7686104896,ST,0.10640220128025782
orbit_p0.2800.bin,1.0,0.6666666666666667,0.1,False,0.028637827019079756,4.712388980384691,0.28,2829267.7686104896,ST,0.1298768710295193
orbit_p0.2900.bin,1.0,0.6666666666666667,0.1,False,0.028637827019079756,4.712388980384691,0.29000000000000004,6177.000654011221,CA,
