file,m_A (Msun),m_B (Msun),e,apapse,m_P (Msun),l (rad),a (AU),t_stop (day),stability,delta_r
orbit_a0.0600.bin,1.0,0.25,0.7,True,0.000954594233969325,4.712388980384691,0.06,3266957.015633596,ST,0.07511039480914056
orbit_a0.0700.bin,1.0,0.25,0.7,True,0.000954594233969325,4.712388980384691,0.07,3266957.015633596,ST,0.08285665408862485
orbit_a0.0800.bin,1.0,0.25,0.7,True,0.000954594233969325,4.712388980384691,0.08,3266957.015633596,ST,0.0853571147010203
orbit_a0.0900.bin,1.0,0.25,0.7,True,0.000954594233969325,4.712388980384691,0.09,1807928.582972321,CA,
orbit_a0.1000.bin,1.0,0.25,0.7,True,0.000954594233969325,4.712388980384691,0.1,218621.07326579987,EJ,
