file,m_A (Msun),m_B (Msun),e,apapse,m_P (Msun),l (rad),a (AU),t_stop (day),stability,delta_r
orbit_a0.2600.bin,1.0,0.11111111111111112,0.3,True,0.028637827019079756,1.5707963267948966,0.26,3465131.189399222,ST,0.03882772933920969
orbit_a0.2700.bin,1.0,0.11111111111111112,0.3,True,0.028637827019079756,1.5707963267948966,0.27,3465131.189399222,ST,0.06926906568519513
orbit_a0.2800.bin,1.0,0.11111111111111112,0.3,True,0.028637827019079756,1.5707963267948966,0.28,3465131.189399222,ST,0.04466950522386314
orbit_a0.2900.bin,1.0,0.11111111111111112,0.3,True,0.028637827019079756,1.5707963267948966,0.29,484906.9865215712,CA,
orbit_a0.3000.bin,1.0,0.11111111111111112,0.3,True,0.028637827019079756,1.5707963267948966,0.3,300787.2904684275,CA,
