file,m_A (Msun),m_B (Msun),e,apapse,m_P (Msun),l (rad),a (AU),t_stop (day),stability,delta_r
orbit_p0.2600.bin,1.0,0.11111111111111112,0.3,False,0.028637827019079756,1.5707963267948966,0.26,3465131.189399222,ST,0.07637174910090314
orbit_p0.2700.bin,1.0,0.11111111111111112,0.3,False,0.028637827019079756,1.5707963267948966,0.27,3465131.189399222,ST,0.0533572465674954
orbit_p0.2800.bin,1.0,0.11111111111111112,0.3,False,0.028637827019079756,1.5707963267948966,0.28,3465131.189399222,ST,0.057844720469471686
orbit_p0.2900.bin,1.0,0.11111111111111112,0.3,False,0.028637827019079756,1.5707963267948966,0.29,95727.1802897912,CA,
orbit_p0.3000.bin,1.0,0.11111111111111112,0.3,False,0.028637827019079756,1.5707963267948966,0.3,3315376.140265828,CA,
