file,m_A (Msun),m_B (Msun),e,apapse,m_P (Msun),l (rad),a (AU),t_stop (day),stability,delta_r
orbit_p0.0700.bin,1.0,2.333333333333333,0.5,False,0.028637827019079756,1.5707963267948966,0.06999999999999999,2000594.4249770087,ST,0.03809372452286398
orbit_p0.0800.bin,1.0,2.333333333333333,0.5,False,0.028637827019079756,1.5707963267948966,0.08,2000594.4249770087,ST,0.04895180578825145
orbit_p0.0900.bin,1.0,2.333333333333333,0.5,False,0.028637827019079756,1.5707963267948966,0.09,2000594.4249770087,ST,0.06205127510414572
orbit_p0.1000.bin,1.0,2.333333333333333,0.5,False,0.028637827019079756,1.5707963267948966,0.1,2000594.4249770087,ST,0.18374978673514028
orbit_p0.1100.bin,1.0,2.333333333333333,0.5,False,0.028637827019079756,1.5707963267948966,0.11,5606.532017788721,EJ,
