file,m_A (Msun),m_B (Msun),e,apapse,m_P (Msun),l (rad),a (AU),t_stop (day),stability,delta_r
orbit_a0.0700.bin,1.0,2.333333333333333,0.5,True,0.028637827019079756,1.5707963267948966,0.06999999999999999,2000594.4249770087,ST,0.03460517253896646
orbit_a0.0800.bin,1.0,2.333333333333333,0.5,True,0.028637827019079756,1.5707963267948966,0.08,2000594.4249770087,ST,0.03773948026089496
orbit_a0.0900.bin,1.0,2.333333333333333,0.5,True,0.028637827019079756,1.5707963267948966,0.09,2000594.4249770087,ST,0.0399596521260162
orbit_a0.1000.bin,1.0,2.333333333333333,0.5,True,0.028637827019079756,1.5707963267948966,0.1,2000594.4249770087,ST,0.037551872264558576
orbit_a0.1100.bin,1.0,2.333333333333333,0.5,True,0.028637827019079756,1.5707963267948966,0.11,132503.90903842825,CA,
