file,m_A (Msun),m_B (Msun),e,apapse,m_P (Msun),l (rad),a (AU),t_stop (day),stability,delta_r
orbit_a0.17.bin,1.0,1.0,0.3,True,0.0,3.9269908169872414,0.17,2582756.29681712,ST,0.03543918546618147
orbit_a0.18.bin,1.0,1.0,0.3,True,0.0,3.9269908169872414,0.18,2582756.29681712,ST,0.03935698691848099
orbit_a0.19.bin,1.0,1.0,0.3,True,0.0,3.9269908169872414,0.19,2582756.29681712,ST,0.03627500515285809
orbit_a0.20.bin,1.0,1.0,0.3,True,0.0,3.9269908169872414,0.2,942062.7594826607,EJ,
