file,m_A (Msun),m_B (Msun),e,apapse,m_P (Msun),l (rad),a (AU),t_stop (day),stability,delta_r
orbit_p0.17.bin,1.0,1.0,0.3,False,0.0,3.9269908169872414,0.17,2582756.29681712,ST,0.03636050441524104
orbit_p0.18.bin,1.0,1.0,0.3,False,0.0,3.9269908169872414,0.18,2582756.29681712,ST,0.04734685247243973
orbit_p0.19.bin,1.0,1.0,0.3,False,0.0,3.9269908169872414,0.19,269673.1954373715,CA,
orbit_p0.20.bin,1.0,1.0,0.3,False,0.0,3.9269908169872414,0.2,56638.40552757363,CA,
