file,m_A (Msun),m_B (Msun),e,apapse,m_P (Msun),l (rad),a (AU),t_stop (day),stability,delta_r
orbit_p0.0900.bin,1.0,2.333333333333333,0.4,False,0.028637827019079756,0.0,0.09,2000594.4249770087,ST,0.036628355827453524
orbit_p0.1000.bin,1.0,2.333333333333333,0.4,False,0.028637827019079756,0.0,0.1,2000594.4249770087,ST,0.04493634197530544
orbit_p0.1100.bin,1.0,2.333333333333333,0.4,False,0.028637827019079756,0.0,0.11,2000594.4249770087,ST,0.05974161825276134
orbit_p0.1200.bin,1.0,2.333333333333333,0.4,False,0.028637827019079756,0.0,0.12,2000594.4249770087,ST,0.060984160066376504
orbit_p0.1300.bin,1.0,2.333333333333333,0.4,False,0.028637827019079756,0.0,0.13,2000594.4249770087,ST,0.07046029703624523
