file,m_A (Msun),m_B (Msun),e,apapse,m_P (Msun),l (rad),a (AU),t_stop (day),stability,delta_r
orbit_a0.0900.bin,1.0,2.333333333333333,0.4,True,0.028637827019079756,0.0,0.09,2000594.4249770087,ST,0.03251962210988465
orbit_a0.1000.bin,1.0,2.333333333333333,0.4,True,0.028637827019079756,0.0,0.1,2000594.4249770087,ST,0.03379129933693786
orbit_a0.1100.bin,1.0,2.333333333333333,0.4,True,0.028637827019079756,0.0,0.11,2000594.4249770087,ST,0.03374217352581971
orbit_a0.1200.bin,1.0,2.333333333333333,0.4,True,0.028637827019079756,0.0,0.12,2000594.4249770087,ST,0.03425829072121731
orbit_a0.1300.bin,1.0,2.333333333333333,0.4,True,0.028637827019079756,0.0,0.13,1402900.342519595,CA,
