file,m_A (Msun),m_B (Msun),e,apapse,m_P (Msun),l (rad),a (AU),t_stop (day),stability,delta_r
orbit_p0.0220.bin,1.0,9.000000000000002,0.8,False,0.0,3.1415926535897927,0.022000000000000002,1155043.7297997407,ST,0.024366423607798886
orbit_p0.0225.bin,1.0,9.000000000000002,0.8,False,0.0,3.1415926535897927,0.0225,1155043.7297997407,ST,0.02490884604867751
orbit_p0.0230.bin,1.0,9.000000000000002,0.8,False,0.0,3.1415926535897927,0.023,1155043.7297997407,ST,0.02532613464760682
orbit_p0.0235.bin,1.0,9.000000000000002,0.8,False,0.0,3.1415926535897927,0.0235,1155043.7297997407,ST,0.02870442328884146
