file,m_A (Msun),m_B (Msun),e,apapse,m_P (Msun),l (rad),a (AU),t_stop (day),stability,delta_r
orbit_a0.0220.bin,1.0,9.000000000000002,0.8,True,0.0,3.1415926535897927,0.022000000000000002,1155043.7297997407,ST,0.03391450880383901
orbit_a0.0225.bin,1.0,9.000000000000002,0.8,True,0.0,3.1415926535897927,0.0225,1155043.7297997407,ST,0.03157139810881574
orbit_a0.0230.bin,1.0,9.000000000000002,0.8,True,0.0,3.1415926535897927,0.023,1155043.7297997407,ST,0.02470457011503305
orbit_a0.0235.bin,1.0,9.000000000000002,0.8,True,0.0,3.1415926535897927,0.0235,1155043.7297997407,ST,0.08305117506528031
