file,m_A (Msun),m_B (Msun),e,apapse,m_P (Msun),l (rad),a (AU),t_stop (day),stability,delta_r
orbit_p0.0700.bin,1.0,2.333333333333333,0.5,False,0.028637827019079756,0.0,0.06999999999999999,2000594.4249770087,ST,0.03960923640170243
orbit_p0.0800.bin,1.0,2.333333333333333,0.5,False,0.028637827019079756,0.0,0.08,2000594.4249770087,ST,0.04627578405921587
orbit_p0.0900.bin,1.0,2.333333333333333,0.5,False,0.028637827019079756,0.0,0.09,2000594.4249770087,ST,0.05545167873334082
orbit_p0.1000.bin,1.0,2.333333333333333,0.5,False,0.028637827019079756,0.0,0.1,2000594.4249770087,ST,0.08953526501838632
orbit_p0.1100.bin,1.0,2.333333333333333,0.5,False,0.028637827019079756,0.0,0.11,828999.3429500259,CA,
