file,m_A (Msun),m_B (Msun),e,apapse,m_P (Msun),l (rad),a (AU),t_stop (day),stability,delta_r
orbit_p0.1800.bin,1.0,1.0,0.2,False,0.000954594233969325,0.0,0.18000000000000002,2582756.29681712,ST,0.04059683231199216
orbit_p0.1900.bin,1.0,1.0,0.2,False,0.000954594233969325,0.0,0.19,2582756.29681712,ST,0.04794450645509328
orbit_p0.2000.bin,1.0,1.0,0.2,False,0.000954594233969325,0.0,0.2,2582756.29681712,ST,0.050807272348101826
orbit_p0.2100.bin,1.0,1.0,0.2,False,0.000954594233969325,0.0,0.21,2582756.29681712,ST,0.06108012676161346
orbit_p0.2200.bin,1.0,1.0,0.2,False,0.000954594233969325,0.0,0.22,2582756.29681712,ST,0.06522620363756315
