file,m_A (Msun),m_B (Msun),e,apapse,m_P (Msun),l (rad),a (AU),t_stop (day),stability,delta_r
orbit_a0.1800.bin,1.0,1.0,0.2,True,0.000954594233969325,0.0,0.18000000000000002,2582756.29681712,ST,0.03410262921547353
orbit_a0.1900.bin,1.0,1.0,0.2,True,0.000954594233969325,0.0,0.19,2582756.29681712,ST,0.03723941942491725
orbit_a0.2000.bin,1.0,1.0,0.2,True,0.000954594233969325,0.0,0.2,2582756.29681712,ST,0.04366288430652972
orbit_a0.2100.bin,1.0,1.0,0.2,True,0.000954594233969325,0.0,0.21,2582756.29681712,ST,0.03756065410266521
orbit_a0.2200.bin,1.0,1.0,0.2,True,0.000954594233969325,0.0,0.22,2582756.29681712,ST,0.03756845810868185
