file,m_A (Msun),m_B (Msun),e,apapse,m_P (Msun),l (rad),a (AU),t_stop (day),stability,delta_r
orbit_p0.1700.bin,1.0,1.4999999999999998,0.2,False,0.0,4.712388980384691,0.17,2310087.4595994814,ST,0.05360859262903195
orbit_p0.1800.bin,1.0,1.4999999999999998,0.2,False,0.0,4.712388980384691,0.18,2310087.4595994814,ST,0.09490787054145393
orbit_p0.1900.bin,1.0,1.4999999999999998,0.2,False,0.0,4.712388980384691,0.19,2310087.4595994814,ST,0.11774800391350602
orbit_p0.2000.bin,1.0,1.4999999999999998,0.2,False,0.0,4.712388980384691,0.2,1649.2965575259698,CA,
