file,m_A (Msun),m_B (Msun),e,apapse,m_P (Msun),l (rad),a (AU),t_stop (day),stability,delta_r
orbit_p0.22.bin,1.0,0.1111111111111111,0.4,False,0.0,1.5707963267948966,0.22,3465131.189399222,ST,0.09572563137440701
orbit_p0.23.bin,1.0,0.1111111111111111,0.4,False,0.0,1.5707963267948966,0.23,3465131.189399222,ST,0.06750438066966676
orbit_p0.24.bin,1.0,0.1111111111111111,0.4,False,0.0,1.5707963267948966,0.24,1775245.427305572,CA,
orbit_p0.25.bin,1.0,0.1111111111111111,0.4,False,0.0,1.5707963267948966,0.25,374201.48983498954,EJ,
