file,m_A (Msun),m_B (Msun),e,apapse,m_P (Msun),l (rad),a (AU),t_stop (day),stability,delta_r
orbit_p0.3500.bin,1.0,0.4285714285714286,0.0,False,0.028637827019079756,3.1415926535897927,0.35,3055958.462454599,ST,0.056490514591391046
orbit_p0.3600.bin,1.0,0.4285714285714286,0.0,False,0.028637827019079756,3.1415926535897927,0.36,3055958.462454599,ST,0.060558018095492626
orbit_p0.3700.bin,1.0,0.4285714285714286,0.0,False,0.028637827019079756,3.1415926535897927,0.37,3055958.462454599,ST,0.06438113259325093
orbit_p0.3800.bin,1.0,0.4285714285714286,0.0,False,0.028637827019079756,3.1415926535897927,0.38,3055958.462454599,ST,0.07441854263627116
orbit_p0.3900.bin,1.0,0.4285714285714286,0.0,False,0.028637827019079756,3.1415926535897927,0.39,3055958.462454599,ST,0.07201755541605694
