file,m_A (Msun),m_B (Msun),e,apapse,m_P (Msun),l (rad),a (AU),t_stop (day),stability,delta_r
orbit_a0.3500.bin,1.0,0.4285714285714286,0.0,True,0.028637827019079756,3.1415926535897927,0.35,3055958.462454599,ST,0.057829965729570984
orbit_a0.3600.bin,1.0,0.4285714285714286,0.0,True,0.028637827019079756,3.1415926535897927,0.36,3055958.462454599,ST,0.06650826592249258
orbit_a0.3700.bin,1.0,0.4285714285714286,0.0,True,0.028637827019079756,3.1415926535897927,0.37,3055958.462454599,ST,0.07362949172182796
orbit_a0.3800.bin,1.0,0.4285714285714286,0.0,True,0.028637827019079756,3.1415926535897927,0.38,3055958.462454599,ST,0.07894363462442937
orbit_a0.3900.bin,1.0,0.4285714285714286,0.0,True,0.028637827019079756,3.1415926535897927,0.39,3055958.462454599,ST,0.09216569086955495
