file,m_A (Msun),m_B (Msun),e,apapse,m_P (Msun),l (rad),a (AU),t_stop (day),stability,delta_r
orbit_a0.0700.bin,1.0,9.0,0.3,True,0.028637827019079756,3.1415926535897927,0.06999999999999999,1155043.7297997407,ST,0.017173322415063818
orbit_a0.0800.bin,1.0,9.0,0.3,True,0.028637827019079756,3.1415926535897927,0.08,1155043.7297997407,ST,0.01922225678715407
orbit_a0.0900.bin,1.0,9.0,0.3,True,0.028637827019079756,3.1415926535897927,0.09,1155043.7297997407,ST,0.019527903765300374
orbit_a0.1000.bin,1.0,9.0,0.3,True,0.028637827019079756,3.1415926535897927,0.1,1155043.7297997407,ST,0.028138379988664988
orbit_a0.1100.bin,1.0,9.0,0.3,True,0.028637827019079756,3.1415926535897927,0.11,1425.125588161597,CA,
