file,m_A (Msun),m_B (Msun),e,apapse,m_P (Msun),l (rad),a (AU),t_stop (day),stability,delta_r
orbit_p0.0700.bin,1.0,9.0,0.3,False,0.028637827019079756,3.1415926535897927,0.06999999999999999,1155043.7297997407,ST,0.014991011120849471
orbit_p0.0800.bin,1.0,9.0,0.3,False,0.028637827019079756,3.1415926535897927,0.08,1155043.7297997407,ST,0.022529111432466185
orbit_p0.0900.bin,1.0,9.0,0.3,False,0.028637827019079756,3.1415926535897927,0.09,1155043.7297997407,ST,0.030338518523890457
orbit_p0.1000.bin,1.0,9.0,0.3,False,0.028637827019079756,3.1415926535897927,0.1,1155043.7297997407,ST,0.041682356566373556
orbit_p0.1100.bin,1.0,9.0,0.3,False,0.028637827019079756,3.1415926535897927,0.11,1155043.7297997407,ST,0.057461797738918866
