file,m_A (Msun),m_B (Msun),e,apapse,m_P (Msun),l (rad),a (AU),t_stop (day),stability,delta_r
orbit_p0.4300.bin,1.0,0.11111111111111112,0.0,False,0.028637827019079756,3.1415926535897927,0.43,3465131.189399222,ST,0.03082102244820219
orbit_p0.4400.bin,1.0,0.11111111111111112,0.0,False,0.028637827019079756,3.1415926535897927,0.44,3465131.189399222,ST,0.03234547988868798
orbit_p0.4500.bin,1.0,0.11111111111111112,0.0,False,0.028637827019079756,3.1415926535897927,0.45,3465131.189399222,ST,0.041563032958130665
orbit_p0.4600.bin,1.0,0.11111111111111112,0.0,False,0.028637827019079756,3.1415926535897927,0.46,1034425.1001549951,EJ,
orbit_p0.4700.bin,1.0,0.11111111111111112,0.0,False,0.028637827019079756,3.1415926535897927,0.47,9324.169703720501,CA,
