file,m_A (Msun),m_B (Msun),e,apapse,m_P (Msun),l (rad),a (AU),t_stop (day),stability,delta_r
orbit_a0.4300.bin,1.0,0.11111111111111112,0.0,True,0.028637827019079756,3.1415926535897927,0.43,3465131.189399222,ST,0.04171924033296617
orbit_a0.4400.bin,1.0,0.11111111111111112,0.0,True,0.028637827019079756,3.1415926535897927,0.44,3465131.189399222,ST,0.0452584605284728
orbit_a0.4500.bin,1.0,0.11111111111111112,0.0,True,0.028637827019079756,3.1415926535897927,0.45,3465131.189399222,ST,0.05269740232133413
orbit_a0.4600.bin,1.0,0.11111111111111112,0.0,True,0.028637827019079756,3.1415926535897927,0.46,3465131.189399222,ST,0.05848065029959217
orbit_a0.4700.bin,1.0,0.11111111111111112,0.0,True,0.028637827019079756,3.1415926535897927,0.47,360125.0732081274,CA,
