file,m_A (Msun),m_B (Msun),e,apapse,m_P (Msun),l (rad),a (AU),t_stop (day),stability,delta_r
orbit_p0.1000.bin,1.0,0.25,0.6,False,0.028637827019079756,1.5707963267948966,0.1,3266957.015633596,ST,0.08487886079294356
orbit_p0.1100.bin,1.0,0.25,0.6,False,0.028637827019079756,1.5707963267948966,0.11,3266957.015633596,ST,0.08703355390225403
orbit_p0.1200.bin,1.0,0.25,0.6,False,0.028637827019079756,1.5707963267948966,0.12,420526.66104065534,CA,
orbit_p0.1300.bin,1.0,0.25,0.6,False,0.028637827019079756,1.5707963267948966,0.13,272437.731451335,CA,
orbit_p0.1400.bin,1.0,0.25,0.6,False,0.028637827019079756,1.5707963267948966,0.14,23496.565292673644,CA,
