file,m_A (Msun),m_B (Msun),e,apapse,m_P (Msun),l (rad),a (AU),t_stop (day),stability,delta_r
orbit_a0.1000.bin,1.0,0.25,0.6,True,0.028637827019079756,1.5707963267948966,0.1,3266957.015633596,ST,0.07681469537087626
orbit_a0.1100.bin,1.0,0.25,0.6,True,0.028637827019079756,1.5707963267948966,0.11,3266957.015633596,ST,0.07752623596167858
orbit_a0.1200.bin,1.0,0.25,0.6,True,0.028637827019079756,1.5707963267948966,0.12,3266957.015633596,ST,0.0559126408178369
orbit_a0.1300.bin,1.0,0.25,0.6,True,0.028637827019079756,1.5707963267948966,0.13,115955.7991029126,CA,
orbit_a0.1400.bin,1.0,0.25,0.6,True,0.028637827019079756,1.5707963267948966,0.14,31586.304341292514,CA,
