file,m_A (Msun),m_B (Msun),e,apapse,m_P (Msun),l (rad),a (AU),t_stop (day),stability,delta_r
orbit_a0.1100.bin,1.0,9.0,0.0,True,0.000954594233969325,1.5707963267948966,0.11,1155043.7297997407,ST,0.053726895155242815
orbit_a0.1200.bin,1.0,9.0,0.0,True,0.000954594233969325,1.5707963267948966,0.12,1155043.7297997407,ST,0.09670372242138388
orbit_a0.1300.bin,1.0,9.0,0.0,True,0.000954594233969325,1.5707963267948966,0.13,1155043.7297997407,ST,0.22442563862639286
orbit_a0.1400.bin,1.0,9.0,0.0,True,0.000954594233969325,1.5707963267948966,0.14,675.5363922443407,CA,
orbit_a0.1500.bin,1.0,9.0,0.0,True,0.000954594233969325,1.5707963267948966,0.15,7619.783008461754,CA,
