file,m_A (Msun),m_B (Msun),e,apapse,m_P (Msun),l (rad),a (AU),t_stop (day),stability,delta_r
orbit_p0.1100.bin,1.0,9.0,0.0,False,0.000954594233969325,1.5707963267948966,0.11,1155043.7297997407,ST,0.054067052765577106
orbit_p0.1200.bin,1.0,9.0,0.0,False,0.000954594233969325,1.5707963267948966,0.12,1155043.7297997407,ST,0.09264255993420928
orbit_p0.1300.bin,1.0,9.0,0.0,False,0.000954594233969325,1.5707963267948966,0.13,1155043.7297997407,ST,0.22958925363521648
orbit_p0.1400.bin,1.0,9.0,0.0,False,0.000954594233969325,1.5707963267948966,0.14,5262.973348548166,CA,
orbit_p0.1500.bin,1.0,9.0,0.0,False,0.000954594233969325,1.5707963267948966,0.15,4490.892448523056,CA,
