file,m_A (Msun),m_B (Msun),e,apapse,m_P (Msun),l (rad),a (AU),t_stop (day),stability,delta_r
orbit_a0.1600.bin,1.0,1.0,0.3,True,0.000954594233969325,3.1415926535897927,0.16,2582756.29681712,ST,0.03779433454099657
orbit_a0.1700.bin,1.0,1.0,0.3,True,0.000954594233969325,3.1415926535897927,0.16999999999999998,2582756.29681712,ST,0.03579327514946707
orbit_a0.1800.bin,1.0,1.0,0.3,True,0.000954594233969325,3.1415926535897927,0.18,2582756.29681712,ST,0.038281291293094474
orbit_a0.1900.bin,1.0,1.0,0.3,True,0.000954594233969325,3.1415926535897927,0.19,1708265.1606537546,EJ,
orbit_a0.2000.bin,1.0,1.0,0.3,True,0.000954594233969325,3.1415926535897927,0.2,2582756.29681712,ST,0.03976684697243521
