file,m_A (Msun),m_B (Msun),e,apapse,m_P (Msun),l (rad),a (AU),t_stop (day),stability,delta_r
orbit_p0.2100.bin,1.0,1.5,0.0,False,0.000954594233969325,0.0,0.21,2310087.4595994814,ST,0.029793497115245062
orbit_p0.2200.bin,1.0,1.5,0.0,False,0.000954594233969325,0.0,0.22,2310087.4595994814,ST,0.03535283080065338
orbit_p0.2300.bin,1.0,1.5,0.0,False,0.000954594233969325,0.0,0.23,2310087.4595994814,ST,0.04139841586678928
orbit_p0.2400.bin,1.0,1.5,0.0,False,0.000954594233969325,0.0,0.24,2310087.4595994814,ST,0.048352639469736156
orbit_p0.2500.bin,1.0,1.5,0.0,False,0.000954594233969325,0.0,0.25,2310087.4595994814,ST,0.05627301273179845
