file,m_A (Msun),m_B (Msun),e,apapse,m_P (Msun),l (rad),a (AU),t_stop (day),stability,delta_r
orbit_p0.1000.bin,1.0,4.0,0.3,False,0.028637827019079756,4.712388980384691,0.1,1633478.507816798,ST,0.04587615218630975
orbit_p0.1100.bin,1.0,4.0,0.3,False,0.028637827019079756,4.712388980384691,0.11,1633478.507816798,ST,0.07535962322377632
orbit_p0.1200.bin,1.0,4.0,0.3,False,0.028637827019079756,4.712388980384691,0.12,1633478.507816798,ST,0.1137391834622673
orbit_p0.1300.bin,1.0,4.0,0.3,False,0.028637827019079756,4.712388980384691,0.13,5253.438678261252,CA,
orbit_p0.1400.bin,1.0,4.0,0.3,False,0.028637827019079756,4.712388980384691,0.14,2686.280112052949,CA,
