file,m_A (Msun),m_B (Msun),e,apapse,m_P (Msun),l (rad),a (AU),t_stop (day),stability,delta_r
orbit_a0.0215.bin,1.0,9.0,0.8,True,0.000954594233969325,3.1415926535897927,0.0215,1155043.7297997407,ST,0.02797910102869938
orbit_a0.0220.bin,1.0,9.0,0.8,True,0.000954594233969325,3.1415926535897927,0.022000000000000002,1155043.7297997407,ST,0.031102920897891836
orbit_a0.0225.bin,1.0,9.0,0.8,True,0.000954594233969325,3.1415926535897927,0.0225,1155043.7297997407,ST,0.03224930446554475
orbit_a0.0230.bin,1.0,9.0,0.8,True,0.000954594233969325,3.1415926535897927,0.023,1155043.7297997407,ST,0.026518205913438755
orbit_a0.0235.bin,1.0,9.0,0.8,True,0.000954594233969325,3.1415926535897927,0.0235,1155043.7297997407,ST,0.05594997272378951
