file,m_A (Msun),m_B (Msun),e,apapse,m_P (Msun),l (rad),a (AU),t_stop (day),stability,delta_r
orbit_a0.4300.bin,1.0,0.11111111111111112,0.0,True,0.000954594233969325,4.712388980384691,0.43,3465131.189399222,ST,0.05380822201577693
orbit_a0.4400.bin,1.0,0.11111111111111112,0.0,True,0.000954594233969325,4.712388980384691,0.44,3465131.189399222,ST,0.06240726592384246
orbit_a0.4500.bin,1.0,0.11111111111111112,0.0,True,0.000954594233969325,4.712388980384691,0.45,3465131.189399222,ST,0.07492389418957453
orbit_a0.4600.bin,1.0,0.11111111111111112,0.0,True,0.000954594233969325,4.712388980384691,0.46,7481.595343679702,CA,
orbit_a0.4700.bin,1.0,0.11111111111111112,0.0,True,0.000954594233969325,4.712388980384691,0.47,5515.974505509806,CA,
