file,m_A (Msun),m_B (Msun),e,apapse,m_P (Msun),l (rad),a (AU),t_stop (day),stability,delta_r
orbit_a0.2900.bin,1.0,0.6666666666666667,0.0,True,0.0,4.712388980384691,0.29,2829267.7686104896,ST,0.09732360328950189
orbit_a0.3000.bin,1.0,0.6666666666666667,0.0,True,0.0,4.712388980384691,0.3,2829267.7686104896,ST,0.11930710648960396
orbit_a0.3100.bin,1.0,0.6666666666666667,0.0,True,0.0,4.712388980384691,0.31,554.5428631864446,CA,
orbit_a0.3200.bin,1.0,0.6666666666666667,0.0,True,0.0,4.712388980384691,0.32,377.7359978620607,CA,
