file,m_A (Msun),m_B (Msun),e,apapse,m_P (Msun),l (rad),a (AU),t_stop (day),stability,delta_r
orbit_p0.2900.bin,1.0,0.6666666666666667,0.0,False,0.0,4.712388980384691,0.29,2829267.7686104896,ST,0.09619087949344267
orbit_p0.3000.bin,1.0,0.6666666666666667,0.0,False,0.0,4.712388980384691,0.3,2829267.7686104896,ST,0.12199850658177448
orbit_p0.3100.bin,1.0,0.6666666666666667,0.0,False,0.0,4.712388980384691,0.31,2313.180418650421,CA,
orbit_p0.3200.bin,1.0,0.6666666666666667,0.0,False,0.0,4.712388980384691,0.32,2293.6292948391165,CA,
