file,m_A (Msun),m_B (Msun),e,apapse,m_P (Msun),l (rad),a (AU),t_stop (day),stability,delta_r
orbit_p0.1800.bin,1.0,1.4999999999999998,0.1,False,0.028637827019079756,0.0,0.18000000000000002,2310087.4595994814,ST,0.028565595102651963
orbit_p0.1900.bin,1.0,1.4999999999999998,0.1,False,0.028637827019079756,0.0,0.19,2310087.4595994814,ST,0.03407561808341004
orbit_p0.2000.bin,1.0,1.4999999999999998,0.1,False,0.028637827019079756,0.0,0.2,2310087.4595994814,ST,0.039944896044753424
orbit_p0.2100.bin,1.0,1.4999999999999998,0.1,False,0.028637827019079756,0.0,0.21,2310087.4595994814,ST,0.046235923772378715
orbit_p0.2200.bin,1.0,1.4999999999999998,0.1,False,0.028637827019079756,0.0,0.22,2310087.4595994814,ST,0.05397742660646927
