file,m_A (Msun),m_B (Msun),e,apapse,m_P (Msun),l (rad),a (AU),t_stop (day),stability,delta_r
orbit_p0.0400.bin,1.0,9.0,0.5,False,0.000954594233969325,1.5707963267948966,0.04,1155043.7297997407,ST,0.023757362921660603
orbit_p0.0500.bin,1.0,9.0,0.5,False,0.000954594233969325,1.5707963267948966,0.05,1155043.7297997407,ST,0.03611055819549221
orbit_p0.0600.bin,1.0,9.0,0.5,False,0.000954594233969325,1.5707963267948966,0.06,1155043.7297997407,ST,0.06618993273276044
orbit_p0.0700.bin,1.0,9.0,0.5,False,0.000954594233969325,1.5707963267948966,0.06999999999999999,10425.255281809268,CB,
orbit_p0.0800.bin,1.0,9.0,0.5,False,0.000954594233969325,1.5707963267948966,0.08,3198.8259632729905,EJ,
