file,m_A (Msun),m_B (Msun),e,apapse,m_P (Msun),l (rad),a (AU),t_stop (day),stability,delta_r
orbit_a0.0400.bin,1.0,9.0,0.5,True,0.000954594233969325,1.5707963267948966,0.04,1155043.7297997407,ST,0.021572618596004994
orbit_a0.0500.bin,1.0,9.0,0.5,True,0.000954594233969325,1.5707963267948966,0.05,1155043.7297997407,ST,0.025232136889122864
orbit_a0.0600.bin,1.0,9.0,0.5,True,0.000954594233969325,1.5707963267948966,0.06,1155043.7297997407,ST,0.0188653432737653
orbit_a0.0700.bin,1.0,9.0,0.5,True,0.000954594233969325,1.5707963267948966,0.06999999999999999,1155043.7297997407,ST,0.02852690462272536
orbit_a0.0800.bin,1.0,9.0,0.5,True,0.000954594233969325,1.5707963267948966,0.08,5339.508325695301,EJ,
