file,m_A (Msun),m_B (Msun),e,apapse,m_P (Msun),l (rad),a (AU),t_stop (day),stability,delta_r
orbit_a0.0800.bin,1.0,1.5,0.5,True,0.000954594233969325,3.1415926535897927,0.08,2310087.4595994814,ST,0.04423086132902321
orbit_a0.0900.bin,1.0,1.5,0.5,True,0.000954594233969325,3.1415926535897927,0.09000000000000001,2310087.4595994814,ST,0.044032873480635636
orbit_a0.1000.bin,1.0,1.5,0.5,True,0.000954594233969325,3.1415926535897927,0.1,2310087.4595994814,ST,0.04267929612617808
orbit_a0.1100.bin,1.0,1.5,0.5,True,0.000954594233969325,3.1415926535897927,0.11,2310087.4595994814,ST,0.045115224044676716
orbit_a0.1200.bin,1.0,1.5,0.5,True,0.000954594233969325,3.1415926535897927,0.12,73603.83052066392,CA,
