file,m_A (Msun),m_B (Msun),e,apapse,m_P (Msun),l (rad),a (AU),t_stop (day),stability,delta_r
orbit_p0.0600.bin,1.0,1.5,0.6,False,0.000954594233969325,0.0,0.06,2310087.4595994814,ST,0.04888280668822616
orbit_p0.0700.bin,1.0,1.5,0.6,False,0.000954594233969325,0.0,0.07,2310087.4595994814,ST,0.056371336591976594
orbit_p0.0800.bin,1.0,1.5,0.6,False,0.000954594233969325,0.0,0.08,2310087.4595994814,ST,0.06528177575451978
orbit_p0.0900.bin,1.0,1.5,0.6,False,0.000954594233969325,0.0,0.09,899445.1468276255,CA,
orbit_p0.1000.bin,1.0,1.5,0.6,False,0.000954594233969325,0.0,0.1,159744.18614329546,CA,
