file,m_A (Msun),m_B (Msun),e,apapse,m_P (Msun),l (rad),a (AU),t_stop (day),stability,delta_r
orbit_a0.14.bin,1.0,1.0,0.4,True,0.0,3.1415926535897927,0.14,2582756.29681712,ST,0.045291881106963
orbit_a0.15.bin,1.0,1.0,0.4,True,0.0,3.1415926535897927,0.15,2582756.29681712,ST,0.03348072555300959
orbit_a0.16.bin,1.0,1.0,0.4,True,0.0,3.1415926535897927,0.16,2582756.29681712,ST,0.05605774850158026
orbit_a0.17.bin,1.0,1.0,0.4,True,0.0,3.1415926535897927,0.17,2582756.29681712,ST,0.03047390904641521
