file,m_A (Msun),m_B (Msun),e,apapse,m_P (Msun),l (rad),a (AU),t_stop (day),stability,delta_r
orbit_p0.0900.bin,1.0,2.333333333333333,0.4,False,0.000954594233969325,4.712388980384691,0.09,2000594.4249770087,ST,0.03924348612304077
orbit_p0.1000.bin,1.0,2.333333333333333,0.4,False,0.000954594233969325,4.712388980384691,0.1,2000594.4249770087,ST,0.04831350725805598
orbit_p0.1100.bin,1.0,2.333333333333333,0.4,False,0.000954594233969325,4.712388980384691,0.11,2000594.4249770087,ST,0.06808489328530563
orbit_p0.1200.bin,1.0,2.333333333333333,0.4,False,0.000954594233969325,4.712388980384691,0.12,1682265.6033500112,CA,
orbit_p0.1300.bin,1.0,2.333333333333333,0.4,False,0.000954594233969325,4.712388980384691,0.13,18230.21383555964,CA,
