file,m_A (Msun),m_B (Msun),e,apapse,m_P (Msun),l (rad),a (AU),t_stop (day),stability,delta_r
orbit_a0.2800.bin,1.0,0.6666666666666667,0.0,True,0.000954594233969325,4.712388980384691,0.28,2829267.7686104896,ST,0.07964795844623851
orbit_a0.2900.bin,1.0,0.6666666666666667,0.0,True,0.000954594233969325,4.712388980384691,0.29,2829267.7686104896,ST,0.09568814365809562
orbit_a0.3000.bin,1.0,0.6666666666666667,0.0,True,0.000954594233969325,4.712388980384691,0.3,2829267.7686104896,ST,0.11927530628919067
orbit_a0.3100.bin,1.0,0.6666666666666667,0.0,True,0.000954594233969325,4.712388980384691,0.31,682.752313726731,CB,
orbit_a0.3200.bin,1.0,0.6666666666666667,0.0,True,0.000954594233969325,4.712388980384691,0.32,378.0873197662432,CA,
