file,m_A (Msun),m_B (Msun),e,apapse,m_P (Msun),l (rad),a (AU),t_stop (day),stability,delta_r
orbit_p0.2800.bin,1.0,0.6666666666666667,0.0,False,0.000954594233969325,4.712388980384691,0.28,2829267.7686104896,ST,0.07960257882789569
orbit_p0.2900.bin,1.0,0.6666666666666667,0.0,False,0.000954594233969325,4.712388980384691,0.29,2829267.7686104896,ST,0.09552954062972752
orbit_p0.3000.bin,1.0,0.6666666666666667,0.0,False,0.000954594233969325,4.712388980384691,0.3,2829267.7686104896,ST,0.12236510392739812
orbit_p0.3100.bin,1.0,0.6666666666666667,0.0,False,0.000954594233969325,4.712388980384691,0.31,435.87134804839445,CA,
orbit_p0.3200.bin,1.0,0.6666666666666667,0.0,False,0.000954594233969325,4.712388980384691,0.32,1721.8592167865772,CA,
