file,m_A (Msun),m_B (Msun),e,apapse,m_P (Msun),l (rad),a (AU),t_stop (day),stability,delta_r
orbit_p0.2600.bin,1.0,0.25,0.2,False,0.0,4.712388980384691,0.26,3266957.015633596,ST,0.04501426060375613
orbit_p0.2700.bin,1.0,0.25,0.2,False,0.0,4.712388980384691,0.27,3266957.015633596,ST,0.05390413879893936
orbit_p0.2800.bin,1.0,0.25,0.2,False,0.0,4.712388980384691,0.28,446988.3073112244,CA,
orbit_p0.2900.bin,1.0,0.25,0.2,False,0.0,4.712388980384691,0.29,3266957.015633596,ST,0.06627730252899869
