file,m_A (Msun),m_B (Msun),e,apapse,m_P (Msun),l (rad),a (AU),t_stop (day),stability,delta_r
orbit_a0.2600.bin,1.0,0.25,0.2,True,0.0,4.712388980384691,0.26,3266957.015633596,ST,0.038328730147183236
orbit_a0.2700.bin,1.0,0.25,0.2,True,0.0,4.712388980384691,0.27,3266957.015633596,ST,0.036844592176953066
orbit_a0.2800.bin,1.0,0.25,0.2,True,0.0,4.712388980384691,0.28,3266957.015633596,ST,0.05277992992355812
orbit_a0.2900.bin,1.0,0.25,0.2,True,0.0,4.712388980384691,0.29,3266957.015633596,ST,0.03514080419236344
