file,m_A (Msun),m_B (Msun),e,apapse,m_P (Msun),l (rad),a (AU),t_stop (day),stability,delta_r
orbit_a0.10.bin,1.0,2.333333333333333,0.4,True,0.0,0.0,0.1,2000594.4249770087,ST,0.041655161513004746
orbit_a0.11.bin,1.0,2.333333333333333,0.4,True,0.0,0.0,0.11,2000594.4249770087,ST,0.032861180827194615
orbit_a0.12.bin,1.0,2.333333333333333,0.4,True,0.0,0.0,0.12,2000594.4249770087,ST,0.036051667587777704
orbit_a0.13.bin,1.0,2.333333333333333,0.4,True,0.0,0.0,0.13,2000594.4249770087,ST,0.035167508657315515
