file,m_A (Msun),m_B (Msun),e,apapse,m_P (Msun),l (rad),a (AU),t_stop (day),stability,delta_r
orbit_p0.10.bin,1.0,2.333333333333333,0.4,False,0.0,0.0,0.1,2000594.4249770087,ST,0.04794654756798169
orbit_p0.11.bin,1.0,2.333333333333333,0.4,False,0.0,0.0,0.11,2000594.4249770087,ST,0.05131097451196164
orbit_p0.12.bin,1.0,2.333333333333333,0.4,False,0.0,0.0,0.12,2000594.4249770087,ST,0.06336445206746684
orbit_p0.13.bin,1.0,2.333333333333333,0.4,False,0.0,0.0,0.13,2000594.4249770087,ST,0.07892367652898881
