file,m_A (Msun),m_B (Msun),e,apapse,m_P (Msun),l (rad),a (AU),t_stop (day),stability,delta_r
orbit_a0.13.bin,1.0,0.4285714285714286,0.5,True,0.0,0.0,0.13,3055958.462454599,ST,0.05813428563130164
orbit_a0.14.bin,1.0,0.4285714285714286,0.5,True,0.0,0.0,0.14,3055958.462454599,ST,0.07391823619688909
orbit_a0.15.bin,1.0,0.4285714285714286,0.5,True,0.0,0.0,0.15,2572039.904781621,CA,
orbit_a0.16.bin,1.0,0.4285714285714286,0.5,True,0.0,0.0,0.16,287105.4156787837,CA,
