file,m_A (Msun),m_B (Msun),e,apapse,m_P (Msun),l (rad),a (AU),t_stop (day),stability,delta_r
orbit_p0.31.bin,1.0,0.1111111111111111,0.2,False,0.0,0.0,0.31,3465131.189399222,ST,0.052985915160494265
orbit_p0.32.bin,1.0,0.1111111111111111,0.2,False,0.0,0.0,0.32,3465131.189399222,ST,0.05524586078408112
orbit_p0.33.bin,1.0,0.1111111111111111,0.2,False,0.0,0.0,0.33,3465131.189399222,ST,0.0599356669805114
orbit_p0.34.bin,1.0,0.1111111111111111,0.2,False,0.0,0.0,0.34,3465131.189399222,ST,0.07409387032082299
orbit_p0.35.bin,1.0,0.1111111111111111,0.2,False,0.0,0.0,0.35,91598.28014958107,CA,
orbit_p0.36.bin,1.0,0.1111111111111111,0.2,False,0.0,0.0,0.36,3465131.189399222,ST,0.06468326625362086
