file,m_A (Msun),m_B (Msun),e,apapse,m_P (Msun),l (rad),a (AU),t_stop (day),stability,delta_r
orbit_a0.2900.bin,1.0,0.6666666666666667,0.0,True,0.0,1.5707963267948966,0.29,2829267.7686104896,ST,0.09615636912142772
orbit_a0.3000.bin,1.0,0.6666666666666667,0.0,True,0.0,1.5707963267948966,0.3,2829267.7686104896,ST,0.12191391310339374
orbit_a0.3100.bin,1.0,0.6666666666666667,0.0,True,0.0,1.5707963267948966,0.31,2313.1804206719266,CA,
orbit_a0.3200.bin,1.0,0.6666666666666667,0.0,True,0.0,1.5707963267948966,0.32,2293.6292805194807,CA,
