file,m_A (Msun),m_B (Msun),e,apapse,m_P (Msun),l (rad),a (AU),t_stop (day),stability,delta_r
orbit_p0.2900.bin,1.0,0.6666666666666667,0.0,False,0.0,1.5707963267948966,0.29,2829267.7686104896,ST,0.0972002463284583
orbit_p0.3000.bin,1.0,0.6666666666666667,0.0,False,0.0,1.5707963267948966,0.3,2829267.7686104896,ST,0.11934254542883455
orbit_p0.3100.bin,1.0,0.6666666666666667,0.0,False,0.0,1.5707963267948966,0.31,554.5428697321896,CA,
orbit_p0.3200.bin,1.0,0.6666666666666667,0.0,False,0.0,1.5707963267948966,0.32,377.73598803367287,CA,
