file,m_A (Msun),m_B (Msun),e,apapse,m_P (Msun),l (rad),a (AU),t_stop (day),stability,delta_r
orbit_a0.2800.bin,1.0,0.4285714285714286,0.1,True,0.028637827019079756,3.1415926535897927,0.28,3055958.462454599,ST,0.020418698872002577
orbit_a0.2900.bin,1.0,0.4285714285714286,0.1,True,0.028637827019079756,3.1415926535897927,0.29,3055958.462454599,ST,0.021055421772901494
orbit_a0.3000.bin,1.0,0.4285714285714286,0.1,True,0.028637827019079756,3.1415926535897927,0.3,3055958.462454599,ST,0.023226028197807228
orbit_a0.3100.bin,1.0,0.4285714285714286,0.1,True,0.028637827019079756,3.1415926535897927,0.31,3055958.462454599,ST,0.028609655304817547
orbit_a0.3200.bin,1.0,0.4285714285714286,0.1,True,0.028637827019079756,3.1415926535897927,0.32,3055958.462454599,ST,0.06680095581312251
