file,m_A (Msun),m_B (Msun),e,apapse,m_P (Msun),l (rad),a (AU),t_stop (day),stability,delta_r
orbit_p0.2800.bin,1.0,0.4285714285714286,0.1,False,0.000954594233969325,4.712388980384691,0.28,3055958.462454599,ST,0.05733100468852707
orbit_p0.2900.bin,1.0,0.4285714285714286,0.1,False,0.000954594233969325,4.712388980384691,0.29,3055958.462454599,ST,0.07720835440686294
orbit_p0.3000.bin,1.0,0.4285714285714286,0.1,False,0.000954594233969325,4.712388980384691,0.3,3055958.462454599,ST,0.08049564995420733
orbit_p0.3100.bin,1.0,0.4285714285714286,0.1,False,0.000954594233969325,4.712388980384691,0.31,25370.556336863585,CA,
orbit_p0.3200.bin,1.0,0.4285714285714286,0.1,False,0.000954594233969325,4.712388980384691,0.32,4105.134434798209,CB,
