file,m_A (Msun),m_B (Msun),e,apapse,m_P (Msun),l (rad),a (AU),t_stop (day),stability,delta_r
orbit_a0.0700.bin,1.0,1.4999999999999998,0.6,True,0.0,1.5707963267948966,0.07,2310087.4595994814,ST,0.047414987549146796
orbit_a0.0800.bin,1.0,1.4999999999999998,0.6,True,0.0,1.5707963267948966,0.08,2310087.4595994814,ST,0.054855937682431286
orbit_a0.0900.bin,1.0,1.4999999999999998,0.6,True,0.0,1.5707963267948966,0.09,1648128.6823496772,CA,
orbit_a0.1000.bin,1.0,1.4999999999999998,0.6,True,0.0,1.5707963267948966,0.1,52779.10254971164,CA,
