file,m_A (Msun),m_B (Msun),e,apapse,m_P (Msun),l (rad),a (AU),t_stop (day),stability,delta_r
orbit_a0.2100.bin,1.0,0.11111111111111112,0.4,True,0.000954594233969325,4.712388980384691,0.21,3465131.189399222,ST,0.08251226893127099
orbit_a0.2200.bin,1.0,0.11111111111111112,0.4,True,0.000954594233969325,4.712388980384691,0.22,3465131.189399222,ST,0.05325921209878069
orbit_a0.2300.bin,1.0,0.11111111111111112,0.4,True,0.000954594233969325,4.712388980384691,0.23,3465131.189399222,ST,0.07339539083365756
orbit_a0.2400.bin,1.0,0.11111111111111112,0.4,True,0.000954594233969325,4.712388980384691,0.24,3465131.189399222,ST,0.08542270648275364
orbit_a0.2500.bin,1.0,0.11111111111111112,0.4,True,0.000954594233969325,4.712388980384691,0.25,2163808.4623384573,CA,
