file,m_A (Msun),m_B (Msun),e,apapse,m_P (Msun),l (rad),a (AU),t_stop (day),stability,delta_r
orbit_p0.2100.bin,1.0,0.11111111111111112,0.4,False,0.000954594233969325,4.712388980384691,0.21,3465131.189399222,ST,0.07380792269504842
orbit_p0.2200.bin,1.0,0.11111111111111112,0.4,False,0.000954594233969325,4.712388980384691,0.22,3465131.189399222,ST,0.09345090700417691
orbit_p0.2300.bin,1.0,0.11111111111111112,0.4,False,0.000954594233969325,4.712388980384691,0.23,3465131.189399222,ST,0.0712969481685914
orbit_p0.2400.bin,1.0,0.11111111111111112,0.4,False,0.000954594233969325,4.712388980384691,0.24,1398823.6148058095,EJ,
orbit_p0.2500.bin,1.0,0.11111111111111112,0.4,False,0.000954594233969325,4.712388980384691,0.25,3465131.189399222,ST,0.07110235394893294
