file,m_A (Msun),m_B (Msun),e,apapse,m_P (Msun),l (rad),a (AU),t_stop (day),stability,delta_r
orbit_p0.0250.bin,1.0,9.0,0.7,False,0.028637827019079756,4.712388980384691,0.025,1155043.7297997407,ST,0.029321043374246826
orbit_p0.0300.bin,1.0,9.0,0.7,False,0.028637827019079756,4.712388980384691,0.03,1155043.7297997407,ST,0.03814394121642718
orbit_p0.0350.bin,1.0,9.0,0.7,False,0.028637827019079756,4.712388980384691,0.035,1155043.7297997407,ST,0.05890229356406829
orbit_p0.0400.bin,1.0,9.0,0.7,False,0.028637827019079756,4.712388980384691,0.04,316715.97378040943,EJ,
orbit_p0.0450.bin,1.0,9.0,0.7,False,0.028637827019079756,4.712388980384691,0.045000000000000005,4260.432060666377,EJ,
