file,m_A (Msun),m_B (Msun),e,apapse,m_P (Msun),l (rad),a (AU),t_stop (day),stability,delta_r
orbit_a0.0250.bin,1.0,9.0,0.7,True,0.028637827019079756,4.712388980384691,0.025,1155043.7297997407,ST,0.026193097993331884
orbit_a0.0300.bin,1.0,9.0,0.7,True,0.028637827019079756,4.712388980384691,0.03,1155043.7297997407,ST,0.026810557375601653
orbit_a0.0350.bin,1.0,9.0,0.7,True,0.028637827019079756,4.712388980384691,0.035,1155043.7297997407,ST,0.03480217175508987
orbit_a0.0400.bin,1.0,9.0,0.7,True,0.028637827019079756,4.712388980384691,0.04,336571.1677853041,EJ,
orbit_a0.0450.bin,1.0,9.0,0.7,True,0.028637827019079756,4.712388980384691,0.045000000000000005,43619.01426144504,CA,
