file,m_A (Msun),m_B (Msun),e,apapse,m_P (Msun),l (rad),a (AU),t_stop (day),stability,delta_r
orbit_a0.0600.bin,1.0,0.25,0.7,True,0.028637827019079756,1.5707963267948966,0.06,3266957.015633596,ST,0.07314596227129286
orbit_a0.0700.bin,1.0,0.25,0.7,True,0.028637827019079756,1.5707963267948966,0.07,3266957.015633596,ST,0.08175145277716717
orbit_a0.0800.bin,1.0,0.25,0.7,True,0.028637827019079756,1.5707963267948966,0.08,3266957.015633596,ST,0.15028389367408151
orbit_a0.0900.bin,1.0,0.25,0.7,True,0.028637827019079756,1.5707963267948966,0.09,647995.682044021,CA,
orbit_a0.1000.bin,1.0,0.25,0.7,True,0.028637827019079756,1.5707963267948966,0.1,169175.18966884838,CA,
