file,m_A (Msun),m_B (Msun),e,apapse,m_P (Msun),l (rad),a (AU),t_stop (day),stability,delta_r
orbit_p0.0600.bin,1.0,0.25,0.7,False,0.028637827019079756,1.5707963267948966,0.06,3266957.015633596,ST,0.0735668052268208
orbit_p0.0700.bin,1.0,0.25,0.7,False,0.028637827019079756,1.5707963267948966,0.07,3266957.015633596,ST,0.08169739024495155
orbit_p0.0800.bin,1.0,0.25,0.7,False,0.028637827019079756,1.5707963267948966,0.08,3266957.015633596,ST,0.09347987901079347
orbit_p0.0900.bin,1.0,0.25,0.7,False,0.028637827019079756,1.5707963267948966,0.09,739377.21251084,CA,
orbit_p0.1000.bin,1.0,0.25,0.7,False,0.028637827019079756,1.5707963267948966,0.1,139339.90635946288,CA,
