file,m_A (Msun),m_B (Msun),e,apapse,m_P (Msun),l (rad),a (AU),t_stop (day),stability,delta_r
orbit_a0.2200.bin,1.0,0.25,0.3,True,0.000954594233969325,1.5707963267948966,0.22,3266957.015633596,ST,0.05031868956775123
orbit_a0.2300.bin,1.0,0.25,0.3,True,0.000954594233969325,1.5707963267948966,0.23,3266957.015633596,ST,0.0575260782715122
orbit_a0.2400.bin,1.0,0.25,0.3,True,0.000954594233969325,1.5707963267948966,0.24,3266957.015633596,ST,0.045041150295350926
orbit_a0.2500.bin,1.0,0.25,0.3,True,0.000954594233969325,1.5707963267948966,0.25,3266957.015633596,ST,0.04083621095414476
orbit_a0.2600.bin,1.0,0.25,0.3,True,0.000954594233969325,1.5707963267948966,0.26,444355.0246889026,CA,
