file,m_A (Msun),m_B (Msun),e,apapse,m_P (Msun),l (rad),a (AU),t_stop (day),stability,delta_r
orbit_p0.20.bin,1.0,0.4285714285714286,0.3,False,0.0,4.712388980384691,0.2,3055958.462454599,ST,0.060630881868900845
orbit_p0.21.bin,1.0,0.4285714285714286,0.3,False,0.0,4.712388980384691,0.21,3055958.462454599,ST,0.06338026503707354
orbit_p0.22.bin,1.0,0.4285714285714286,0.3,False,0.0,4.712388980384691,0.22,239998.56700897173,CA,
orbit_p0.23.bin,1.0,0.4285714285714286,0.3,False,0.0,4.712388980384691,0.23,90496.12647486414,CA,
