file,m_A (Msun),m_B (Msun),e,apapse,m_P (Msun),l (rad),a (AU),t_stop (day),stability,delta_r
orbit_a0.1100.bin,1.0,0.6666666666666667,0.5,True,0.028637827019079756,4.712388980384691,0.11,2829267.7686104896,ST,0.04436280369865509
orbit_a0.1200.bin,1.0,0.6666666666666667,0.5,True,0.028637827019079756,4.712388980384691,0.12,2829267.7686104896,ST,0.05243762880043283
orbit_a0.1300.bin,1.0,0.6666666666666667,0.5,True,0.028637827019079756,4.712388980384691,0.13,2829267.7686104896,ST,0.05494835430632143
orbit_a0.1400.bin,1.0,0.6666666666666667,0.5,True,0.028637827019079756,4.712388980384691,0.14,349845.71910754626,CA,
orbit_a0.1500.bin,1.0,0.6666666666666667,0.5,True,0.028637827019079756,4.712388980384691,0.15,60151.77728996793,CA,
