file,m_A (Msun),m_B (Msun),e,apapse,m_P (Msun),l (rad),a (AU),t_stop (day),stability,delta_r
orbit_p0.1100.bin,1.0,0.6666666666666667,0.5,False,0.028637827019079756,4.712388980384691,0.11,2829267.7686104896,ST,0.054318299103911345
orbit_p0.1200.bin,1.0,0.6666666666666667,0.5,False,0.028637827019079756,4.712388980384691,0.12,2829267.7686104896,ST,0.06068416451779069
orbit_p0.1300.bin,1.0,0.6666666666666667,0.5,False,0.028637827019079756,4.712388980384691,0.13,2829267.7686104896,ST,0.08704846329003699
orbit_p0.1400.bin,1.0,0.6666666666666667,0.5,False,0.028637827019079756,4.712388980384691,0.14,87272.50735387998,CA,
orbit_p0.1500.bin,1.0,0.6666666666666667,0.5,False,0.028637827019079756,4.712388980384691,0.15,10903.090120016632,CA,
