file,m_A (Msun),m_B (Msun),e,apapse,m_P (Msun),l (rad),a (AU),t_stop (day),stability,delta_r
orbit_a0.0800.bin,1.0,1.5,0.5,True,0.000954594233969325,4.712388980384691,0.08,2310087.4595994814,ST,0.04239212160847849
orbit_a0.0900.bin,1.0,1.5,0.5,True,0.000954594233969325,4.712388980384691,0.09000000000000001,2310087.4595994814,ST,0.044380597164877106
orbit_a0.1000.bin,1.0,1.5,0.5,True,0.000954594233969325,4.712388980384691,0.1,2310087.4595994814,ST,0.042407754639380096
orbit_a0.1100.bin,1.0,1.5,0.5,True,0.000954594233969325,4.712388980384691,0.11,2310087.4595994814,ST,0.04204321615525567
orbit_a0.1200.bin,1.0,1.5,0.5,True,0.000954594233969325,4.712388980384691,0.12,117287.56054930468,EJ,
