file,m_A (Msun),m_B (Msun),e,apapse,m_P (Msun),l (rad),a (AU),t_stop (day),stability,delta_r
orbit_p0.0300.bin,1.0,2.333333333333333,0.7,False,0.028637827019079756,0.0,0.03,2000594.4249770087,ST,0.03470125835677
orbit_p0.0400.bin,1.0,2.333333333333333,0.7,False,0.028637827019079756,0.0,0.04,2000594.4249770087,ST,0.04446812286236551
orbit_p0.0500.bin,1.0,2.333333333333333,0.7,False,0.028637827019079756,0.0,0.05,2000594.4249770087,ST,0.05657181684595492
orbit_p0.0600.bin,1.0,2.333333333333333,0.7,False,0.028637827019079756,0.0,0.06000000000000001,311711.63719402003,CA,
orbit_p0.0700.bin,1.0,2.333333333333333,0.7,False,0.028637827019079756,0.0,0.07,53658.486726125,CA,
