file,m_A (Msun),m_B (Msun),e,apapse,m_P (Msun),l (rad),a (AU),t_stop (day),stability,delta_r
orbit_a0.1100.bin,1.0,0.6666666666666667,0.5,True,0.000954594233969325,4.712388980384691,0.11,2829267.7686104896,ST,0.05495561031958609
orbit_a0.1200.bin,1.0,0.6666666666666667,0.5,True,0.000954594233969325,4.712388980384691,0.12,2829267.7686104896,ST,0.05466329568843455
orbit_a0.1300.bin,1.0,0.6666666666666667,0.5,True,0.000954594233969325,4.712388980384691,0.13,2829267.7686104896,ST,0.053123660637554866
orbit_a0.1400.bin,1.0,0.6666666666666667,0.5,True,0.000954594233969325,4.712388980384691,0.14,2714777.3481375384,CA,
orbit_a0.1500.bin,1.0,0.6666666666666667,0.5,True,0.000954594233969325,4.712388980384691,0.15,56175.857056156376,CA,
