file,m_A (Msun),m_B (Msun),e,apapse,m_P (Msun),l (rad),a (AU),t_stop (day),stability,delta_r
orbit_p0.1100.bin,1.0,0.6666666666666667,0.5,False,0.000954594233969325,4.712388980384691,0.11,2829267.7686104896,ST,0.0571677551339187
orbit_p0.1200.bin,1.0,0.6666666666666667,0.5,False,0.000954594233969325,4.712388980384691,0.12,2829267.7686104896,ST,0.06299607396078755
orbit_p0.1300.bin,1.0,0.6666666666666667,0.5,False,0.000954594233969325,4.712388980384691,0.13,2829267.7686104896,ST,0.07775194924552056
orbit_p0.1400.bin,1.0,0.6666666666666667,0.5,False,0.000954594233969325,4.712388980384691,0.14,74654.89352708664,CA,
orbit_p0.1500.bin,1.0,0.6666666666666667,0.5,False,0.000954594233969325,4.712388980384691,0.15,21266.63872645897,CA,
