file,m_A (Msun),m_B (Msun),e,apapse,m_P (Msun),l (rad),a (AU),t_stop (day),stability,delta_r
orbit_p0.2100.bin,1.0,0.11111111111111112,0.4,False,0.028637827019079756,1.5707963267948966,0.21,3465131.189399222,ST,0.0740366660314826
orbit_p0.2200.bin,1.0,0.11111111111111112,0.4,False,0.028637827019079756,1.5707963267948966,0.22,1554662.1071226452,CA,
orbit_p0.2300.bin,1.0,0.11111111111111112,0.4,False,0.028637827019079756,1.5707963267948966,0.23,3465131.189399222,ST,0.04926011021085527
orbit_p0.2400.bin,1.0,0.11111111111111112,0.4,False,0.028637827019079756,1.5707963267948966,0.24,145835.4040784777,CA,
orbit_p0.2500.bin,1.0,0.11111111111111112,0.4,False,0.028637827019079756,1.5707963267948966,0.25,111360.76892151347,CA,
