file,m_A (Msun),m_B (Msun),e,apapse,m_P (Msun),l (rad),a (AU),t_stop (day),stability,delta_r
orbit_a0.2100.bin,1.0,0.11111111111111112,0.4,True,0.028637827019079756,1.5707963267948966,0.21,3465131.189399222,ST,0.08710155992801383
orbit_a0.2200.bin,1.0,0.11111111111111112,0.4,True,0.028637827019079756,1.5707963267948966,0.22,3465131.189399222,ST,0.049164309599013384
orbit_a0.2300.bin,1.0,0.11111111111111112,0.4,True,0.028637827019079756,1.5707963267948966,0.23,3465131.189399222,ST,0.0700146452673158
orbit_a0.2400.bin,1.0,0.11111111111111112,0.4,True,0.028637827019079756,1.5707963267948966,0.24,407706.33545176283,CA,
orbit_a0.2500.bin,1.0,0.11111111111111112,0.4,True,0.028637827019079756,1.5707963267948966,0.25,418629.9809242812,CA,
