file,m_A (Msun),m_B (Msun),e,apapse,m_P (Msun),l (rad),a (AU),t_stop (day),stability,delta_r
orbit_p0.1600.bin,1.0,0.11111111111111112,0.5,False,0.028637827019079756,3.1415926535897927,0.16,3465131.189399222,ST,0.10830038082278846
orbit_p0.1700.bin,1.0,0.11111111111111112,0.5,False,0.028637827019079756,3.1415926535897927,0.17,3465131.189399222,ST,0.07884343055442135
orbit_p0.1800.bin,1.0,0.11111111111111112,0.5,False,0.028637827019079756,3.1415926535897927,0.18,3465131.189399222,ST,0.21366061759714983
orbit_p0.1900.bin,1.0,0.11111111111111112,0.5,False,0.028637827019079756,3.1415926535897927,0.19,695985.5408148146,CA,
orbit_p0.2000.bin,1.0,0.11111111111111112,0.5,False,0.028637827019079756,3.1415926535897927,0.2,56970.414885338985,CA,
