file,m_A (Msun),m_B (Msun),e,apapse,m_P (Msun),l (rad),a (AU),t_stop (day),stability,delta_r
orbit_p0.3200.bin,1.0,0.11111111111111112,0.2,False,0.000954594233969325,0.0,0.32,3465131.189399222,ST,0.0548803330695995
orbit_p0.3300.bin,1.0,0.11111111111111112,0.2,False,0.000954594233969325,0.0,0.33,3465131.189399222,ST,0.06512448578422592
orbit_p0.3400.bin,1.0,0.11111111111111112,0.2,False,0.000954594233969325,0.0,0.34,3465131.189399222,ST,0.07239602773702733
orbit_p0.3500.bin,1.0,0.11111111111111112,0.2,False,0.000954594233969325,0.0,0.35000000000000003,55879.624475291974,CA,
orbit_p0.3600.bin,1.0,0.11111111111111112,0.2,False,0.000954594233969325,0.0,0.36000000000000004,3465131.189399222,ST,0.058350552796955724
