file,m_A (Msun),m_B (Msun),e,apapse,m_P (Msun),l (rad),a (AU),t_stop (day),stability,delta_r
orbit_p0.0800.bin,1.0,4.0,0.4,False,0.000954594233969325,3.1415926535897927,0.08,1633478.507816798,ST,0.021940027424426023
orbit_p0.0900.bin,1.0,4.0,0.4,False,0.000954594233969325,3.1415926535897927,0.09000000000000001,1633478.507816798,ST,0.026043567771375162
orbit_p0.1000.bin,1.0,4.0,0.4,False,0.000954594233969325,3.1415926535897927,0.1,1633478.507816798,ST,0.0355812461446446
orbit_p0.1100.bin,1.0,4.0,0.4,False,0.000954594233969325,3.1415926535897927,0.11,1633478.507816798,ST,0.05605040118181492
orbit_p0.1200.bin,1.0,4.0,0.4,False,0.000954594233969325,3.1415926535897927,0.12,74010.49265752228,CA,
