file,m_A (Msun),m_B (Msun),e,apapse,m_P (Msun),l (rad),a (AU),t_stop (day),stability,delta_r
orbit_a0.14.bin,1.0,1.0,0.4,True,0.0,4.712388980384691,0.14,2582756.29681712,ST,0.04524772594175807
orbit_a0.15.bin,1.0,1.0,0.4,True,0.0,4.712388980384691,0.15,2582756.29681712,ST,0.05191543504082081
orbit_a0.16.bin,1.0,1.0,0.4,True,0.0,4.712388980384691,0.16,2582756.29681712,ST,0.05006727571082093
orbit_a0.17.bin,1.0,1.0,0.4,True,0.0,4.712388980384691,0.17,227189.32508911344,CA,
