file,m_A (Msun),m_B (Msun),e,apapse,m_P (Msun),l (rad),a (AU),t_stop (day),stability,delta_r
orbit_a0.0700.bin,1.0,1.0,0.6,True,0.000954594233969325,0.0,0.06999999999999999,2582756.29681712,ST,0.0522492932020253
orbit_a0.0800.bin,1.0,1.0,0.6,True,0.000954594233969325,0.0,0.08,2582756.29681712,ST,0.052679015255485545
orbit_a0.0900.bin,1.0,1.0,0.6,True,0.000954594233969325,0.0,0.09,2582756.29681712,ST,0.053898759785017104
orbit_a0.1000.bin,1.0,1.0,0.6,True,0.000954594233969325,0.0,0.1,337405.34810786764,EJ,
orbit_a0.1100.bin,1.0,1.0,0.6,True,0.000954594233969325,0.0,0.11,69122.99676799454,CA,
