file,m_A (Msun),m_B (Msun),e,apapse,m_P (Msun),l (rad),a (AU),t_stop (day),stability,delta_r
orbit_p0.0700.bin,1.0,1.0,0.6,False,0.000954594233969325,0.0,0.06999999999999999,2582756.29681712,ST,0.055833231558578625
orbit_p0.0800.bin,1.0,1.0,0.6,False,0.000954594233969325,0.0,0.08,2582756.29681712,ST,0.06369563466863844
orbit_p0.0900.bin,1.0,1.0,0.6,False,0.000954594233969325,0.0,0.09,2582756.29681712,ST,0.07113278837979714
orbit_p0.1000.bin,1.0,1.0,0.6,False,0.000954594233969325,0.0,0.1,1417659.1860905162,CA,
orbit_p0.1100.bin,1.0,1.0,0.6,False,0.000954594233969325,0.0,0.11,46496.43245426006,CA,
