file,m_A (Msun),m_B (Msun),e,apapse,m_P (Msun),l (rad),a (AU),t_stop (day),stability,delta_r
orbit_p0.15.bin,1.0,2.333333333333333,0.2,False,0.0,3.1415926535897927,0.15,2000594.4249770087,ST,0.028596567002230098
orbit_p0.16.bin,1.0,2.333333333333333,0.2,False,0.0,3.1415926535897927,0.16,2000594.4249770087,ST,0.03647288908325502
orbit_p0.17.bin,1.0,2.333333333333333,0.2,False,0.0,3.1415926535897927,0.17,2000594.4249770087,ST,0.044267202683201584
orbit_p0.18.bin,1.0,2.333333333333333,0.2,False,0.0,3.1415926535897927,0.18,2000594.4249770087,ST,0.052873723548198415
