file,m_A (Msun),m_B (Msun),e,apapse,m_P (Msun),l (rad),a (AU),t_stop (day),stability,delta_r
orbit_p0.1100.bin,1.0,9.0,0.0,False,0.028637827019079756,3.1415926535897927,0.11,1155043.7297997407,ST,0.028848165293311502
orbit_p0.1200.bin,1.0,9.0,0.0,False,0.028637827019079756,3.1415926535897927,0.12,1155043.7297997407,ST,0.03865782262530844
orbit_p0.1300.bin,1.0,9.0,0.0,False,0.028637827019079756,3.1415926535897927,0.13,1155043.7297997407,ST,0.05191126312684465
orbit_p0.1400.bin,1.0,9.0,0.0,False,0.028637827019079756,3.1415926535897927,0.14,1155043.7297997407,ST,0.107861244921053
orbit_p0.1500.bin,1.0,9.0,0.0,False,0.028637827019079756,3.1415926535897927,0.15,37853.260434471405,CB,
