file,m_A (Msun),m_B (Msun),e,apapse,m_P (Msun),l (rad),a (AU),t_stop (day),stability,delta_r
orbit_a0.0900.bin,1.0,4.0,0.4,True,0.0,3.1415926535897927,0.09,1633478.507816798,ST,0.02926449269082315
orbit_a0.1000.bin,1.0,4.0,0.4,True,0.0,3.1415926535897927,0.1,1633478.507816798,ST,0.025130103637716325
orbit_a0.1100.bin,1.0,4.0,0.4,True,0.0,3.1415926535897927,0.11,1633478.507816798,ST,0.030668871785583515
orbit_a0.1200.bin,1.0,4.0,0.4,True,0.0,3.1415926535897927,0.12,8092.247086393852,CA,
