file,m_A (Msun),m_B (Msun),e,apapse,m_P (Msun),l (rad),a (AU),t_stop (day),stability,delta_r
orbit_p0.0900.bin,1.0,4.0,0.4,False,0.0,3.1415926535897927,0.09,1633478.507816798,ST,0.024493097550900438
orbit_p0.1000.bin,1.0,4.0,0.4,False,0.0,3.1415926535897927,0.1,1633478.507816798,ST,0.03648530687418831
orbit_p0.1100.bin,1.0,4.0,0.4,False,0.0,3.1415926535897927,0.11,1633478.507816798,ST,0.05380719472522001
orbit_p0.1200.bin,1.0,4.0,0.4,False,0.0,3.1415926535897927,0.12,59680.42270036935,EJ,
