file,m_A (Msun),m_B (Msun),e,apapse,m_P (Msun),l (rad),a (AU),t_stop (day),stability,delta_r
orbit_a0.0800.bin,1.0,0.6666666666666667,0.6,True,0.028637827019079756,1.5707963267948966,0.08,2829267.7686104896,ST,0.05711219935984871
orbit_a0.0900.bin,1.0,0.6666666666666667,0.6,True,0.028637827019079756,1.5707963267948966,0.09000000000000001,2829267.7686104896,ST,0.05825740518709777
orbit_a0.1000.bin,1.0,0.6666666666666667,0.6,True,0.028637827019079756,1.5707963267948966,0.1,2829267.7686104896,ST,0.09912839649302614
orbit_a0.1100.bin,1.0,0.6666666666666667,0.6,True,0.028637827019079756,1.5707963267948966,0.11,1216419.1897933446,CA,
orbit_a0.1200.bin,1.0,0.6666666666666667,0.6,True,0.028637827019079756,1.5707963267948966,0.12,49294.89663062,CA,
