file,m_A (Msun),m_B (Msun),e,apapse,m_P (Msun),l (rad),a (AU),t_stop (day),stability,delta_r
orbit_p0.31.bin,1.0,0.1111111111111111,0.2,False,0.0,4.712388980384691,0.31,3465131.189399222,ST,0.055925177425481976
orbit_p0.32.bin,1.0,0.1111111111111111,0.2,False,0.0,4.712388980384691,0.32,3465131.189399222,ST,0.057998692332141104
orbit_p0.33.bin,1.0,0.1111111111111111,0.2,False,0.0,4.712388980384691,0.33,352470.7163647954,CA,
orbit_p0.34.bin,1.0,0.1111111111111111,0.2,False,0.0,4.712388980384691,0.34,3465131.189399222,ST,0.05008797794195753
orbit_p0.35.bin,1.0,0.1111111111111111,0.2,False,0.0,4.712388980384691,0.35,3465131.189399222,ST,0.061189426949714354
orbit_p0.36.bin,1.0,0.1111111111111111,0.2,False,0.0,4.712388980384691,0.36,1009427.9312355156,CA,
