file,m_A (Msun),m_B (Msun),e,apapse,m_P (Msun),l (rad),a (AU),t_stop (day),stability,delta_r
orbit_a0.3000.bin,1.0,0.25,0.1,True,0.000954594233969325,0.0,0.3,3266957.015633596,ST,0.02327533652394243
orbit_a0.3100.bin,1.0,0.25,0.1,True,0.000954594233969325,0.0,0.31,3266957.015633596,ST,0.025440835370163485
orbit_a0.3200.bin,1.0,0.25,0.1,True,0.000954594233969325,0.0,0.32,3266957.015633596,ST,0.028212592433828492
orbit_a0.3300.bin,1.0,0.25,0.1,True,0.000954594233969325,0.0,0.33,3266957.015633596,ST,0.04476972172955953
orbit_a0.3400.bin,1.0,0.25,0.1,True,0.000954594233969325,0.0,0.34,3266957.015633596,ST,0.04079868909861322
