file,m_A (Msun),m_B (Msun),e,apapse,m_P (Msun),l (rad),a (AU),t_stop (day),stability,delta_r
orbit_p0.3000.bin,1.0,0.25,0.1,False,0.000954594233969325,0.0,0.3,3266957.015633596,ST,0.037581995404518266
orbit_p0.3100.bin,1.0,0.25,0.1,False,0.000954594233969325,0.0,0.31,3266957.015633596,ST,0.04217317844637823
orbit_p0.3200.bin,1.0,0.25,0.1,False,0.000954594233969325,0.0,0.32,3266957.015633596,ST,0.04779329427426588
orbit_p0.3300.bin,1.0,0.25,0.1,False,0.000954594233969325,0.0,0.33,3266957.015633596,ST,0.06037853276208195
orbit_p0.3400.bin,1.0,0.25,0.1,False,0.000954594233969325,0.0,0.34,3266957.015633596,ST,0.09511418676789722
