file,m_A (Msun),m_B (Msun),e,apapse,m_P (Msun),l (rad),a (AU),t_stop (day),stability,delta_r
orbit_a0.2300.bin,1.0,0.4285714285714286,0.2,True,0.028637827019079756,3.1415926535897927,0.23,3055958.462454599,ST,0.030675828897231295
orbit_a0.2400.bin,1.0,0.4285714285714286,0.2,True,0.028637827019079756,3.1415926535897927,0.24,3055958.462454599,ST,0.029638488520777363
orbit_a0.2500.bin,1.0,0.4285714285714286,0.2,True,0.028637827019079756,3.1415926535897927,0.25,3055958.462454599,ST,0.028820677777177773
orbit_a0.2600.bin,1.0,0.4285714285714286,0.2,True,0.028637827019079756,3.1415926535897927,0.26,3055958.462454599,ST,0.022477052003354526
orbit_a0.2700.bin,1.0,0.4285714285714286,0.2,True,0.028637827019079756,3.1415926535897927,0.27,3055958.462454599,ST,0.02990697386338857
