file,m_A (Msun),m_B (Msun),e,apapse,m_P (Msun),l (rad),a (AU),t_stop (day),stability,delta_r
orbit_p0.1900.bin,1.0,0.4285714285714286,0.3,False,0.000954594233969325,3.1415926535897927,0.19,3055958.462454599,ST,0.03293759812426493
orbit_p0.2000.bin,1.0,0.4285714285714286,0.3,False,0.000954594233969325,3.1415926535897927,0.2,3055958.462454599,ST,0.03212605846191245
orbit_p0.2100.bin,1.0,0.4285714285714286,0.3,False,0.000954594233969325,3.1415926535897927,0.21,3055958.462454599,ST,0.05860049112504646
orbit_p0.2200.bin,1.0,0.4285714285714286,0.3,False,0.000954594233969325,3.1415926535897927,0.22,3055958.462454599,ST,0.031591106962085065
orbit_p0.2300.bin,1.0,0.4285714285714286,0.3,False,0.000954594233969325,3.1415926535897927,0.23,3055958.462454599,ST,0.08873924759538988
