file,m_A (Msun),m_B (Msun),e,apapse,m_P (Msun),l (rad),a (AU),t_stop (day),stability,delta_r
orbit_a0.1900.bin,1.0,0.4285714285714286,0.3,True,0.000954594233969325,3.1415926535897927,0.19,3055958.462454599,ST,0.04009658082317135
orbit_a0.2000.bin,1.0,0.4285714285714286,0.3,True,0.000954594233969325,3.1415926535897927,0.2,3055958.462454599,ST,0.043718503219924786
orbit_a0.2100.bin,1.0,0.4285714285714286,0.3,True,0.000954594233969325,3.1415926535897927,0.21,3055958.462454599,ST,0.036372024778429296
orbit_a0.2200.bin,1.0,0.4285714285714286,0.3,True,0.000954594233969325,3.1415926535897927,0.22,3055958.462454599,ST,0.02684870985600659
orbit_a0.2300.bin,1.0,0.4285714285714286,0.3,True,0.000954594233969325,3.1415926535897927,0.23,465747.5989795037,CA,
