file,m_A (Msun),m_B (Msun),e,apapse,m_P (Msun),l (rad),a (AU),t_stop (day),stability,delta_r
orbit_p0.1600.bin,1.0,2.333333333333333,0.1,False,0.000954594233969325,0.0,0.16,2000594.4249770087,ST,0.029885107092957844
orbit_p0.1700.bin,1.0,2.333333333333333,0.1,False,0.000954594233969325,0.0,0.16999999999999998,2000594.4249770087,ST,0.036650212874768655
orbit_p0.1800.bin,1.0,2.333333333333333,0.1,False,0.000954594233969325,0.0,0.18,2000594.4249770087,ST,0.0438821913678225
orbit_p0.1900.bin,1.0,2.333333333333333,0.1,False,0.000954594233969325,0.0,0.19,2000594.4249770087,ST,0.05224557260796507
orbit_p0.2000.bin,1.0,2.333333333333333,0.1,False,0.000954594233969325,0.0,0.2,2000594.4249770087,ST,0.06327936809572757
