file,m_A (Msun),m_B (Msun),e,apapse,m_P (Msun),l (rad),a (AU),t_stop (day),stability,delta_r
orbit_a0.1600.bin,1.0,2.333333333333333,0.1,True,0.000954594233969325,0.0,0.16,2000594.4249770087,ST,0.03243202560472017
orbit_a0.1700.bin,1.0,2.333333333333333,0.1,True,0.000954594233969325,0.0,0.16999999999999998,2000594.4249770087,ST,0.036871735013394316
orbit_a0.1800.bin,1.0,2.333333333333333,0.1,True,0.000954594233969325,0.0,0.18,2000594.4249770087,ST,0.04769847245880928
orbit_a0.1900.bin,1.0,2.333333333333333,0.1,True,0.000954594233969325,0.0,0.19,2000594.4249770087,ST,0.05668810190062946
orbit_a0.2000.bin,1.0,2.333333333333333,0.1,True,0.000954594233969325,0.0,0.2,2000594.4249770087,ST,0.10735875987208963
