file,m_A (Msun),m_B (Msun),e,apapse,m_P (Msun),l (rad),a (AU),t_stop (day),stability,delta_r
orbit_p0.10.bin,1.0,0.4285714285714286,0.6,False,0.0,3.1415926535897927,0.1,3055958.462454599,ST,0.058984524330467136
orbit_p0.11.bin,1.0,0.4285714285714286,0.6,False,0.0,3.1415926535897927,0.11,3055958.462454599,ST,0.04909412274905606
orbit_p0.12.bin,1.0,0.4285714285714286,0.6,False,0.0,3.1415926535897927,0.12,3055958.462454599,ST,0.043895928063528135
orbit_p0.13.bin,1.0,0.4285714285714286,0.6,False,0.0,3.1415926535897927,0.13,214996.04717012387,EJ,
