file,m_A (Msun),m_B (Msun),e,apapse,m_P (Msun),l (rad),a (AU),t_stop (day),stability,delta_r
orbit_p0.0500.bin,1.0,0.4285714285714286,0.7,False,0.000954594233969325,4.712388980384691,0.05,3055958.462454599,ST,0.06292217437437443
orbit_p0.0600.bin,1.0,0.4285714285714286,0.7,False,0.000954594233969325,4.712388980384691,0.06000000000000001,3055958.462454599,ST,0.07556870483576533
orbit_p0.0700.bin,1.0,0.4285714285714286,0.7,False,0.000954594233969325,4.712388980384691,0.07,3055958.462454599,ST,0.07576657014789177
orbit_p0.0800.bin,1.0,0.4285714285714286,0.7,False,0.000954594233969325,4.712388980384691,0.08,2313787.5522305896,CA,
orbit_p0.0900.bin,1.0,0.4285714285714286,0.7,False,0.000954594233969325,4.712388980384691,0.09000000000000001,54089.37699555461,CA,
