file,m_A (Msun),m_B (Msun),e,apapse,m_P (Msun),l (rad),a (AU),t_stop (day),stability,delta_r
orbit_a0.0500.bin,1.0,0.4285714285714286,0.7,True,0.000954594233969325,4.712388980384691,0.05,3055958.462454599,ST,0.062109320581681476
orbit_a0.0600.bin,1.0,0.4285714285714286,0.7,True,0.000954594233969325,4.712388980384691,0.06000000000000001,3055958.462454599,ST,0.07002873565648177
orbit_a0.0700.bin,1.0,0.4285714285714286,0.7,True,0.000954594233969325,4.712388980384691,0.07,3055958.462454599,ST,0.07208839181243631
orbit_a0.0800.bin,1.0,0.4285714285714286,0.7,True,0.000954594233969325,4.712388980384691,0.08,3055958.462454599,ST,0.08172021810220871
orbit_a0.0900.bin,1.0,0.4285714285714286,0.7,True,0.000954594233969325,4.712388980384691,0.09000000000000001,306271.3616873221,CA,
