file,m_A (Msun),m_B (Msun),e,apapse,m_P (Msun),l (rad),a (AU),t_stop (day),stability,delta_r
orbit_p0.2300.bin,1.0,0.25,0.3,False,0.0,0.0,0.23,3266957.015633596,ST,0.06619597260883052
orbit_p0.2400.bin,1.0,0.25,0.3,False,0.0,0.0,0.24,3266957.015633596,ST,0.07532429109307058
orbit_p0.2500.bin,1.0,0.25,0.3,False,0.0,0.0,0.25,3266957.015633596,ST,0.06686959492305711
orbit_p0.2600.bin,1.0,0.25,0.3,False,0.0,0.0,0.26,3266957.015633596,ST,0.08946169423311014
