file,m_A (Msun),m_B (Msun),e,apapse,m_P (Msun),l (rad),a (AU),t_stop (day),stability,delta_r
orbit_p0.2100.bin,1.0,1.5,0.0,False,0.000954594233969325,4.712388980384691,0.21,2310087.4595994814,ST,0.07510426931010242
orbit_p0.2200.bin,1.0,1.5,0.0,False,0.000954594233969325,4.712388980384691,0.22,2310087.4595994814,ST,0.08502862318176974
orbit_p0.2300.bin,1.0,1.5,0.0,False,0.000954594233969325,4.712388980384691,0.23,2310087.4595994814,ST,0.14844876278727573
orbit_p0.2400.bin,1.0,1.5,0.0,False,0.000954594233969325,4.712388980384691,0.24,595.1030384815658,CB,
orbit_p0.2500.bin,1.0,1.5,0.0,False,0.000954594233969325,4.712388980384691,0.25,666.8593592632938,CA,
