file,m_A (Msun),m_B (Msun),e,apapse,m_P (Msun),l (rad),a (AU),t_stop (day),stability,delta_r
orbit_p0.0700.bin,1.0,0.11111111111111112,0.7,False,0.000954594233969325,3.1415926535897927,0.06999999999999999,3465131.189399222,ST,0.08830622695851749
orbit_p0.0800.bin,1.0,0.11111111111111112,0.7,False,0.000954594233969325,3.1415926535897927,0.08,3465131.189399222,ST,0.10564750080069997
orbit_p0.0900.bin,1.0,0.11111111111111112,0.7,False,0.000954594233969325,3.1415926535897927,0.09,3465131.189399222,ST,0.09542645862870436
orbit_p0.1000.bin,1.0,0.11111111111111112,0.7,False,0.000954594233969325,3.1415926535897927,0.1,2358283.761186149,CA,
orbit_p0.1100.bin,1.0,0.11111111111111112,0.7,False,0.000954594233969325,3.1415926535897927,0.11,658479.4298178243,CA,
