file,m_A (Msun),m_B (Msun),e,apapse,m_P (Msun),l (rad),a (AU),t_stop (day),stability,delta_r
orbit_a0.2800.bin,1.0,0.6666666666666667,0.0,True,0.028637827019079756,1.5707963267948966,0.28,2829267.7686104896,ST,0.05428091745504139
orbit_a0.2900.bin,1.0,0.6666666666666667,0.0,True,0.028637827019079756,1.5707963267948966,0.29,2829267.7686104896,ST,0.08965600858000512
orbit_a0.3000.bin,1.0,0.6666666666666667,0.0,True,0.028637827019079756,1.5707963267948966,0.3,2829267.7686104896,ST,0.11140110933978922
orbit_a0.3100.bin,1.0,0.6666666666666667,0.0,True,0.028637827019079756,1.5707963267948966,0.31,2829267.7686104896,ST,0.1397760598552859
orbit_a0.3200.bin,1.0,0.6666666666666667,0.0,True,0.028637827019079756,1.5707963267948966,0.32,374.3807722798092,CB,
