file,m_A (Msun),m_B (Msun),e,apapse,m_P (Msun),l (rad),a (AU),t_stop (day),stability,delta_r
orbit_p0.17.bin,1.0,2.333333333333333,0.1,False,0.0,1.5707963267948966,0.17,2000594.4249770087,ST,0.07852100187151946
orbit_p0.18.bin,1.0,2.333333333333333,0.1,False,0.0,1.5707963267948966,0.18,2000594.4249770087,ST,0.11480262678924197
orbit_p0.19.bin,1.0,2.333333333333333,0.1,False,0.0,1.5707963267948966,0.19,1259.3880653382105,CA,
orbit_p0.20.bin,1.0,2.333333333333333,0.1,False,0.0,1.5707963267948966,0.2,3820.728762702808,CA,
