file,m_A (Msun),m_B (Msun),e,apapse,m_P (Msun),l (rad),a (AU),t_stop (day),stability,delta_r
orbit_a0.17.bin,1.0,2.333333333333333,0.1,True,0.0,1.5707963267948966,0.17,2000594.4249770087,ST,0.04652535453227054
orbit_a0.18.bin,1.0,2.333333333333333,0.1,True,0.0,1.5707963267948966,0.18,2000594.4249770087,ST,0.05675343869616873
orbit_a0.19.bin,1.0,2.333333333333333,0.1,True,0.0,1.5707963267948966,0.19,2000594.4249770087,ST,0.09150745347761108
orbit_a0.20.bin,1.0,2.333333333333333,0.1,True,0.0,1.5707963267948966,0.2,1108.0862670105726,CA,
