file,m_A (Msun),m_B (Msun),e,apapse,m_P (Msun),l (rad),a (AU),t_stop (day),stability,delta_r
orbit_a0.1000.bin,1.0,1.0,0.5,True,0.000954594233969325,3.1415926535897927,0.1,2582756.29681712,ST,0.0486603214804041
orbit_a0.1100.bin,1.0,1.0,0.5,True,0.000954594233969325,3.1415926535897927,0.11,2582756.29681712,ST,0.04959741218373108
orbit_a0.1200.bin,1.0,1.0,0.5,True,0.000954594233969325,3.1415926535897927,0.12,2582756.29681712,ST,0.06502293681113507
orbit_a0.1300.bin,1.0,1.0,0.5,True,0.000954594233969325,3.1415926535897927,0.13,246279.35154708536,CA,
orbit_a0.1400.bin,1.0,1.0,0.5,True,0.000954594233969325,3.1415926535897927,0.14,70733.26080454212,CA,
