file,m_A (Msun),m_B (Msun),e,apapse,m_P (Msun),l (rad),a (AU),t_stop (day),stability,delta_r
orbit_p0.3200.bin,1.0,0.11111111111111112,0.2,False,0.000954594233969325,3.1415926535897927,0.32,3465131.189399222,ST,0.02325655990062082
orbit_p0.3300.bin,1.0,0.11111111111111112,0.2,False,0.000954594233969325,3.1415926535897927,0.33,3465131.189399222,ST,0.04436123559800832
orbit_p0.3400.bin,1.0,0.11111111111111112,0.2,False,0.000954594233969325,3.1415926535897927,0.34,496506.4989021587,CA,
orbit_p0.3500.bin,1.0,0.11111111111111112,0.2,False,0.000954594233969325,3.1415926535897927,0.35000000000000003,3465131.189399222,ST,0.030554740292750092
orbit_p0.3600.bin,1.0,0.11111111111111112,0.2,False,0.000954594233969325,3.1415926535897927,0.36000000000000004,3465131.189399222,ST,0.03947852373826807
