file,m_A (Msun),m_B (Msun),e,apapse,m_P (Msun),l (rad),a (AU),t_stop (day),stability,delta_r
orbit_a0.3200.bin,1.0,0.11111111111111112,0.2,True,0.000954594233969325,3.1415926535897927,0.32,3465131.189399222,ST,0.03247482040882956
orbit_a0.3300.bin,1.0,0.11111111111111112,0.2,True,0.000954594233969325,3.1415926535897927,0.33,3465131.189399222,ST,0.041753375754958
orbit_a0.3400.bin,1.0,0.11111111111111112,0.2,True,0.000954594233969325,3.1415926535897927,0.34,401089.07481153007,CA,
orbit_a0.3500.bin,1.0,0.11111111111111112,0.2,True,0.000954594233969325,3.1415926535897927,0.35000000000000003,3465131.189399222,ST,0.027631018382633
orbit_a0.3600.bin,1.0,0.11111111111111112,0.2,True,0.000954594233969325,3.1415926535897927,0.36000000000000004,3465131.189399222,ST,0.027715432329973946
