file,m_A (Msun),m_B (Msun),e,apapse,m_P (Msun),l (rad),a (AU),t_stop (day),stability,delta_r
orbit_a0.06.bin,1.0,2.333333333333333,0.6,True,0.0,4.712388980384691,0.06,2000594.4249770087,ST,0.04098204225025177
orbit_a0.07.bin,1.0,2.333333333333333,0.6,True,0.0,4.712388980384691,0.07,2000594.4249770087,ST,0.04202398603668338
orbit_a0.08.bin,1.0,2.333333333333333,0.6,True,0.0,4.712388980384691,0.08,586670.8507948078,CA,
orbit_a0.09.bin,1.0,2.333333333333333,0.6,True,0.0,4.712388980384691,0.09,18165.172826000147,EJ,
