file,m_A (Msun),m_B (Msun),e,apapse,m_P (Msun),l (rad),a (AU),t_stop (day),stability,delta_r
orbit_p0.06.bin,1.0,2.333333333333333,0.6,False,0.0,4.712388980384691,0.06,2000594.4249770087,ST,0.04586390624721177
orbit_p0.07.bin,1.0,2.333333333333333,0.6,False,0.0,4.712388980384691,0.07,2000594.4249770087,ST,0.06097023999200206
orbit_p0.08.bin,1.0,2.333333333333333,0.6,False,0.0,4.712388980384691,0.08,66431.44799225585,CA,
orbit_p0.09.bin,1.0,2.333333333333333,0.6,False,0.0,4.712388980384691,0.09,2213.064294127696,CA,
