file,m_A (Msun),m_B (Msun),e,apapse,m_P (Msun),l (rad),a (AU),t_stop (day),stability,delta_r
orbit_p0.20.bin,1.0,0.4285714285714286,0.3,False,0.0,0.0,0.2,3055958.462454599,ST,0.05624164910827278
orbit_p0.21.bin,1.0,0.4285714285714286,0.3,False,0.0,0.0,0.21,3055958.462454599,ST,0.06620964698361624
orbit_p0.22.bin,1.0,0.4285714285714286,0.3,False,0.0,0.0,0.22,3055958.462454599,ST,0.06509838184331479
orbit_p0.23.bin,1.0,0.4285714285714286,0.3,False,0.0,0.0,0.23,3055958.462454599,ST,0.07899318657211583
