file,m_A (Msun),m_B (Msun),e,apapse,m_P (Msun),l (rad),a (AU),t_stop (day),stability,delta_r
orbit_a0.0700.bin,1.0,0.11111111111111112,0.7,True,0.028637827019079756,0.0,0.07,3465131.189399222,ST,0.09382920301756313
orbit_a0.0800.bin,1.0,0.11111111111111112,0.7,True,0.028637827019079756,0.0,0.08,3465131.189399222,ST,0.0952398367498348
orbit_a0.0900.bin,1.0,0.11111111111111112,0.7,True,0.028637827019079756,0.0,0.09,2824645.795343806,CA,
orbit_a0.1000.bin,1.0,0.11111111111111112,0.7,True,0.028637827019079756,0.0,0.1,3465131.189399222,ST,0.22451508506583304
orbit_a0.1100.bin,1.0,0.11111111111111112,0.7,True,0.028637827019079756,0.0,0.11,365249.221824622,CA,
