file,m_A (Msun),m_B (Msun),e,apapse,m_P (Msun),l (rad),a (AU),t_stop (day),stability,delta_r
orbit_p0.0300.bin,1.0,0.25,0.8,False,0.028637827019079756,1.5707963267948966,0.03,3266957.015633596,ST,0.06213414046978679
orbit_p0.0400.bin,1.0,0.25,0.8,False,0.028637827019079756,1.5707963267948966,0.04,3266957.015633596,ST,0.0783003877763244
orbit_p0.0500.bin,1.0,0.25,0.8,False,0.028637827019079756,1.5707963267948966,0.05,3266957.015633596,ST,0.1926837891725464
orbit_p0.0600.bin,1.0,0.25,0.8,False,0.028637827019079756,1.5707963267948966,0.06,353801.28396653384,CA,
orbit_p0.0700.bin,1.0,0.25,0.8,False,0.028637827019079756,1.5707963267948966,0.07,312345.8219655922,CA,
