file,m_A (Msun),m_B (Msun),e,apapse,m_P (Msun),l (rad),a (AU),t_stop (day),stability,delta_r
orbit_p0.3600.bin,1.0,0.25,0.0,False,0.028637827019079756,4.712388980384691,0.36,3266957.015633596,ST,0.05777945892963927
orbit_p0.3700.bin,1.0,0.25,0.0,False,0.028637827019079756,4.712388980384691,0.37,88465.22379358178,CA,
orbit_p0.3800.bin,1.0,0.25,0.0,False,0.028637827019079756,4.712388980384691,0.38,10793.41556110157,CA,
orbit_p0.3900.bin,1.0,0.25,0.0,False,0.028637827019079756,4.712388980384691,0.39,20131.863889714965,EJ,
orbit_p0.4000.bin,1.0,0.25,0.0,False,0.028637827019079756,4.712388980384691,0.4,17186.10004341771,CA,
