file,m_A (Msun),m_B (Msun),e,apapse,m_P (Msun),l (rad),a (AU),t_stop (day),stability,delta_r
orbit_p0.0300.bin,1.0,2.333333333333333,0.7,False,0.000954594233969325,3.1415926535897927,0.03,2000594.4249770087,ST,0.03297562424085604
orbit_p0.0400.bin,1.0,2.333333333333333,0.7,False,0.000954594233969325,3.1415926535897927,0.04,2000594.4249770087,ST,0.03558709052535367
orbit_p0.0500.bin,1.0,2.333333333333333,0.7,False,0.000954594233969325,3.1415926535897927,0.05,2000594.4249770087,ST,0.03359162212977364
orbit_p0.0600.bin,1.0,2.333333333333333,0.7,False,0.000954594233969325,3.1415926535897927,0.06000000000000001,140231.3275959573,EJ,
orbit_p0.0700.bin,1.0,2.333333333333333,0.7,False,0.000954594233969325,3.1415926535897927,0.07,214650.90017564892,CA,
