file,m_A (Msun),m_B (Msun),e,apapse,m_P (Msun),l (rad),a (AU),t_stop (day),stability,delta_r
orbit_p0.1100.bin,1.0,4.0,0.3,False,0.0,4.712388980384691,0.11,1633478.507816798,ST,0.07168708631961834
orbit_p0.1200.bin,1.0,4.0,0.3,False,0.0,4.712388980384691,0.12,1633478.507816798,ST,0.11655672151990076
orbit_p0.1300.bin,1.0,4.0,0.3,False,0.0,4.712388980384691,0.13,1640.4607301179346,CA,
orbit_p0.1400.bin,1.0,4.0,0.3,False,0.0,4.712388980384691,0.14,5230.8098192877005,CA,
