file,m_A (Msun),m_B (Msun),e,apapse,m_P (Msun),l (rad),a (AU),t_stop (day),stability,delta_r
orbit_a0.1100.bin,1.0,4.0,0.3,True,0.0,4.712388980384691,0.11,1633478.507816798,ST,0.03231034496510628
orbit_a0.1200.bin,1.0,4.0,0.3,True,0.0,4.712388980384691,0.12,1633478.507816798,ST,0.03599195942061511
orbit_a0.1300.bin,1.0,4.0,0.3,True,0.0,4.712388980384691,0.13,1633478.507816798,ST,0.044211367234169
orbit_a0.1400.bin,1.0,4.0,0.3,True,0.0,4.712388980384691,0.14,1733.6656408842978,CA,
