file,m_A (Msun),m_B (Msun),e,apapse,m_P (Msun),l (rad),a (AU),t_stop (day),stability,delta_r
orbit_a0.2300.bin,1.0,0.4285714285714286,0.2,True,0.028637827019079756,4.712388980384691,0.23,3055958.462454599,ST,0.03479002915561553
orbit_a0.2400.bin,1.0,0.4285714285714286,0.2,True,0.028637827019079756,4.712388980384691,0.24,3055958.462454599,ST,0.03792065604398919
orbit_a0.2500.bin,1.0,0.4285714285714286,0.2,True,0.028637827019079756,4.712388980384691,0.25,3055958.462454599,ST,0.03780098399273436
orbit_a0.2600.bin,1.0,0.4285714285714286,0.2,True,0.028637827019079756,4.712388980384691,0.26,3055958.462454599,ST,0.0371351509868367
orbit_a0.2700.bin,1.0,0.4285714285714286,0.2,True,0.028637827019079756,4.712388980384691,0.27,2882880.518969644,CA,
