file,m_A (Msun),m_B (Msun),e,apapse,m_P (Msun),l (rad),a (AU),t_stop (day),stability,delta_r
orbit_p0.2300.bin,1.0,0.4285714285714286,0.2,False,0.028637827019079756,4.712388980384691,0.23,3055958.462454599,ST,0.0479119202429642
orbit_p0.2400.bin,1.0,0.4285714285714286,0.2,False,0.028637827019079756,4.712388980384691,0.24,3055958.462454599,ST,0.08015047852229429
orbit_p0.2500.bin,1.0,0.4285714285714286,0.2,False,0.028637827019079756,4.712388980384691,0.25,3055958.462454599,ST,0.06567255702186679
orbit_p0.2600.bin,1.0,0.4285714285714286,0.2,False,0.028637827019079756,4.712388980384691,0.26,3055958.462454599,ST,0.08112177429913067
orbit_p0.2700.bin,1.0,0.4285714285714286,0.2,False,0.028637827019079756,4.712388980384691,0.27,59247.00509513971,CA,
