file,m_A (Msun),m_B (Msun),e,apapse,m_P (Msun),l (rad),a (AU),t_stop (day),stability,delta_r
orbit_p0.0400.bin,1.0,1.0,0.7,False,0.000954594233969325,4.712388980384691,0.04,2582756.29681712,ST,0.04780599164970171
orbit_p0.0500.bin,1.0,1.0,0.7,False,0.000954594233969325,4.712388980384691,0.05,2582756.29681712,ST,0.05546382204022767
orbit_p0.0600.bin,1.0,1.0,0.7,False,0.000954594233969325,4.712388980384691,0.06,2582756.29681712,ST,0.07145812455177773
orbit_p0.0700.bin,1.0,1.0,0.7,False,0.000954594233969325,4.712388980384691,0.06999999999999999,134944.2367230057,EJ,
orbit_p0.0800.bin,1.0,1.0,0.7,False,0.000954594233969325,4.712388980384691,0.08,28435.372750326478,CA,
