file,m_A (Msun),m_B (Msun),e,apapse,m_P (Msun),l (rad),a (AU),t_stop (day),stability,delta_r
orbit_a0.10.bin,1.0,9.000000000000002,0.1,True,0.0,3.1415926535897927,0.1,1155043.7297997407,ST,0.01428305988211078
orbit_a0.11.bin,1.0,9.000000000000002,0.1,True,0.0,3.1415926535897927,0.11,1155043.7297997407,ST,0.01942670551072908
orbit_a0.12.bin,1.0,9.000000000000002,0.1,True,0.0,3.1415926535897927,0.12,1155043.7297997407,ST,0.026484164645475917
orbit_a0.13.bin,1.0,9.000000000000002,0.1,True,0.0,3.1415926535897927,0.13,4936.180574263475,CA,
