file,m_A (Msun),m_B (Msun),e,apapse,m_P (Msun),l (rad),a (AU),t_stop (day),stability,delta_r
orbit_p0.10.bin,1.0,9.000000000000002,0.1,False,0.0,3.1415926535897927,0.1,1155043.7297997407,ST,0.023758930966115064
orbit_p0.11.bin,1.0,9.000000000000002,0.1,False,0.0,3.1415926535897927,0.11,1155043.7297997407,ST,0.03260420464185917
orbit_p0.12.bin,1.0,9.000000000000002,0.1,False,0.0,3.1415926535897927,0.12,1155043.7297997407,ST,0.04007492023808565
orbit_p0.13.bin,1.0,9.000000000000002,0.1,False,0.0,3.1415926535897927,0.13,1155043.7297997407,ST,0.056462340619721774
