file,m_A (Msun),m_B (Msun),e,apapse,m_P (Msun),l (rad),a (AU),t_stop (day),stability,delta_r
orbit_p0.1800.bin,1.0,1.0,0.2,False,0.028637827019079756,4.712388980384691,0.18000000000000002,2582756.29681712,ST,0.050118502908050096
orbit_p0.1900.bin,1.0,1.0,0.2,False,0.028637827019079756,4.712388980384691,0.19,2582756.29681712,ST,0.06052933466006528
orbit_p0.2000.bin,1.0,1.0,0.2,False,0.028637827019079756,4.712388980384691,0.2,2582756.29681712,ST,0.07928211780041723
orbit_p0.2100.bin,1.0,1.0,0.2,False,0.028637827019079756,4.712388980384691,0.21,2436408.9030148173,CA,
orbit_p0.2200.bin,1.0,1.0,0.2,False,0.028637827019079756,4.712388980384691,0.22,39337.63614314191,CB,
