file,m_A (Msun),m_B (Msun),e,apapse,m_P (Msun),l (rad),a (AU),t_stop (day),stability,delta_r
orbit_p0.24.bin,1.0,0.4285714285714286,0.2,False,0.0,4.712388980384691,0.24,3055958.462454599,ST,0.08775172562373243
orbit_p0.25.bin,1.0,0.4285714285714286,0.2,False,0.0,4.712388980384691,0.25,3055958.462454599,ST,0.07121870914109642
orbit_p0.26.bin,1.0,0.4285714285714286,0.2,False,0.0,4.712388980384691,0.26,779684.615088609,CB,
orbit_p0.27.bin,1.0,0.4285714285714286,0.2,False,0.0,4.712388980384691,0.27,12242.775445594028,CA,
