file,m_A (Msun),m_B (Msun),e,apapse,m_P (Msun),l (rad),a (AU),t_stop (day),stability,delta_r
orbit_p0.0300.bin,1.0,0.11111111111111112,0.8,False,0.000954594233969325,4.712388980384691,0.03,3465131.189399222,ST,0.06605786014678368
orbit_p0.0400.bin,1.0,0.11111111111111112,0.8,False,0.000954594233969325,4.712388980384691,0.04,3465131.189399222,ST,0.08599927937139637
orbit_p0.0500.bin,1.0,0.11111111111111112,0.8,False,0.000954594233969325,4.712388980384691,0.05,3465131.189399222,ST,0.10332400227818918
orbit_p0.0600.bin,1.0,0.11111111111111112,0.8,False,0.000954594233969325,4.712388980384691,0.06000000000000001,2441086.287647722,CA,
orbit_p0.0700.bin,1.0,0.11111111111111112,0.8,False,0.000954594233969325,4.712388980384691,0.07,195520.79995070887,CA,
