file,m_A (Msun),m_B (Msun),e,apapse,m_P (Msun),l (rad),a (AU),t_stop (day),stability,delta_r
orbit_a0.0300.bin,1.0,0.11111111111111112,0.8,True,0.000954594233969325,4.712388980384691,0.03,3465131.189399222,ST,0.06602984004531479
orbit_a0.0400.bin,1.0,0.11111111111111112,0.8,True,0.000954594233969325,4.712388980384691,0.04,3465131.189399222,ST,0.08613163738384601
orbit_a0.0500.bin,1.0,0.11111111111111112,0.8,True,0.000954594233969325,4.712388980384691,0.05,3465131.189399222,ST,0.09893858096954423
orbit_a0.0600.bin,1.0,0.11111111111111112,0.8,True,0.000954594233969325,4.712388980384691,0.06000000000000001,3465131.189399222,ST,0.1314627430724518
orbit_a0.0700.bin,1.0,0.11111111111111112,0.8,True,0.000954594233969325,4.712388980384691,0.07,100337.9782854261,CA,
