file,m_A (Msun),m_B (Msun),e,apapse,m_P (Msun),l (rad),a (AU),t_stop (day),stability,delta_r
orbit_a0.1600.bin,1.0,1.5,0.2,True,0.000954594233969325,0.0,0.16,2310087.4595994814,ST,0.033847713652028544
orbit_a0.1700.bin,1.0,1.5,0.2,True,0.000954594233969325,0.0,0.16999999999999998,2310087.4595994814,ST,0.03594736990163842
orbit_a0.1800.bin,1.0,1.5,0.2,True,0.000954594233969325,0.0,0.18,2310087.4595994814,ST,0.04030735119793124
orbit_a0.1900.bin,1.0,1.5,0.2,True,0.000954594233969325,0.0,0.19,2310087.4595994814,ST,0.04528939989903154
orbit_a0.2000.bin,1.0,1.5,0.2,True,0.000954594233969325,0.0,0.2,2310087.4595994814,ST,0.046152261793219795
