file,m_A (Msun),m_B (Msun),e,apapse,m_P (Msun),l (rad),a (AU),t_stop (day),stability,delta_r
orbit_p0.1600.bin,1.0,1.5,0.2,False,0.000954594233969325,0.0,0.16,2310087.4595994814,ST,0.0402640075443701
orbit_p0.1700.bin,1.0,1.5,0.2,False,0.000954594233969325,0.0,0.16999999999999998,2310087.4595994814,ST,0.04384211260848379
orbit_p0.1800.bin,1.0,1.5,0.2,False,0.000954594233969325,0.0,0.18,2310087.4595994814,ST,0.049596813241124534
orbit_p0.1900.bin,1.0,1.5,0.2,False,0.000954594233969325,0.0,0.19,2310087.4595994814,ST,0.05840338187729534
orbit_p0.2000.bin,1.0,1.5,0.2,False,0.000954594233969325,0.0,0.2,2310087.4595994814,ST,0.06096175770234924
