file,m_A (Msun),m_B (Msun),e,apapse,m_P (Msun),l (rad),a (AU),t_stop (day),stability,delta_r
orbit_a0.08.bin,1.0,9.000000000000002,0.3,True,0.0,4.712388980384691,0.08,1155043.7297997407,ST,0.022633990006992618
orbit_a0.09.bin,1.0,9.000000000000002,0.3,True,0.0,4.712388980384691,0.09,1155043.7297997407,ST,0.029035877342822394
orbit_a0.10.bin,1.0,9.000000000000002,0.3,True,0.0,4.712388980384691,0.1,1155043.7297997407,ST,0.0462139202185858
orbit_a0.11.bin,1.0,9.000000000000002,0.3,True,0.0,4.712388980384691,0.11,4383.635009668492,EJ,
