file,m_A (Msun),m_B (Msun),e,apapse,m_P (Msun),l (rad),a (AU),t_stop (day),stability,delta_r
orbit_a0.2800.bin,1.0,0.4285714285714286,0.1,True,0.000954594233969325,1.5707963267948966,0.28,3055958.462454599,ST,0.03658324406622325
orbit_a0.2900.bin,1.0,0.4285714285714286,0.1,True,0.000954594233969325,1.5707963267948966,0.29,3055958.462454599,ST,0.03687663070793448
orbit_a0.3000.bin,1.0,0.4285714285714286,0.1,True,0.000954594233969325,1.5707963267948966,0.3,3055958.462454599,ST,0.04080108006747948
orbit_a0.3100.bin,1.0,0.4285714285714286,0.1,True,0.000954594233969325,1.5707963267948966,0.31,613430.6361134594,CB,
orbit_a0.3200.bin,1.0,0.4285714285714286,0.1,True,0.000954594233969325,1.5707963267948966,0.32,341424.00629112177,CA,
