file,m_A (Msun),m_B (Msun),e,apapse,m_P (Msun),l (rad),a (AU),t_stop (day),stability,delta_r
orbit_p0.2800.bin,1.0,0.4285714285714286,0.1,False,0.000954594233969325,1.5707963267948966,0.28,3055958.462454599,ST,0.06504569548274923
orbit_p0.2900.bin,1.0,0.4285714285714286,0.1,False,0.000954594233969325,1.5707963267948966,0.29,3055958.462454599,ST,0.07614848181707028
orbit_p0.3000.bin,1.0,0.4285714285714286,0.1,False,0.000954594233969325,1.5707963267948966,0.3,3055958.462454599,ST,0.09722783942017411
orbit_p0.3100.bin,1.0,0.4285714285714286,0.1,False,0.000954594233969325,1.5707963267948966,0.31,14555.193760347991,CB,
orbit_p0.3200.bin,1.0,0.4285714285714286,0.1,False,0.000954594233969325,1.5707963267948966,0.32,3087.215031798933,CA,
