file,m_A (Msun),m_B (Msun),e,apapse,m_P (Msun),l (rad),a (AU),t_stop (day),stability,delta_r
orbit_a0.1100.bin,1.0,0.25,0.6,True,0.0,1.5707963267948966,0.11,3266957.015633596,ST,0.0808096012612242
orbit_a0.1200.bin,1.0,0.25,0.6,True,0.0,1.5707963267948966,0.12,3266957.015633596,ST,0.07253502922446552
orbit_a0.1300.bin,1.0,0.25,0.6,True,0.0,1.5707963267948966,0.13,979263.9639398354,CA,
orbit_a0.1400.bin,1.0,0.25,0.6,True,0.0,1.5707963267948966,0.14,67126.20188615526,CA,
