file,m_A (Msun),m_B (Msun),e,apapse,m_P (Msun),l (rad),a (AU),t_stop (day),stability,delta_r
orbit_a0.1400.bin,1.0,1.4999999999999998,0.3,True,0.028637827019079756,4.712388980384691,0.14,2310087.4595994814,ST,0.033588990885287905
orbit_a0.1500.bin,1.0,1.4999999999999998,0.3,True,0.028637827019079756,4.712388980384691,0.15,2310087.4595994814,ST,0.05112373271774855
orbit_a0.1600.bin,1.0,1.4999999999999998,0.3,True,0.028637827019079756,4.712388980384691,0.16,2310087.4595994814,ST,0.05260504649746622
orbit_a0.1700.bin,1.0,1.4999999999999998,0.3,True,0.028637827019079756,4.712388980384691,0.17,2310087.4595994814,ST,0.03765861524495774
orbit_a0.1800.bin,1.0,1.4999999999999998,0.3,True,0.028637827019079756,4.712388980384691,0.18,2310087.4595994814,ST,0.060854214971067626
