file,m_A (Msun),m_B (Msun),e,apapse,m_P (Msun),l (rad),a (AU),t_stop (day),stability,delta_r
orbit_a0.1500.bin,1.0,4.0,0.0,True,0.0,1.5707963267948966,0.15,1633478.507816798,ST,0.06753149361622618
orbit_a0.1600.bin,1.0,4.0,0.0,True,0.0,1.5707963267948966,0.16,1633478.507816798,ST,0.10201925878776451
orbit_a0.1700.bin,1.0,4.0,0.0,True,0.0,1.5707963267948966,0.17,4118.3436096661935,CB,
orbit_a0.1800.bin,1.0,4.0,0.0,True,0.0,1.5707963267948966,0.18,589.6899992885433,CA,
