file,m_A (Msun),m_B (Msun),e,apapse,m_P (Msun),l (rad),a (AU),t_stop (day),stability,delta_r
orbit_a0.0400.bin,1.0,1.0,0.7,True,0.028637827019079756,1.5707963267948966,0.04,2582756.29681712,ST,0.0434560757305237
orbit_a0.0500.bin,1.0,1.0,0.7,True,0.028637827019079756,1.5707963267948966,0.05,2582756.29681712,ST,0.051666405950346654
orbit_a0.0600.bin,1.0,1.0,0.7,True,0.028637827019079756,1.5707963267948966,0.06,2582756.29681712,ST,0.0548004427846863
orbit_a0.0700.bin,1.0,1.0,0.7,True,0.028637827019079756,1.5707963267948966,0.06999999999999999,1431958.6110380825,CA,
orbit_a0.0800.bin,1.0,1.0,0.7,True,0.028637827019079756,1.5707963267948966,0.08,431203.1739736908,CA,
