file,m_A (Msun),m_B (Msun),e,apapse,m_P (Msun),l (rad),a (AU),t_stop (day),stability,delta_r
orbit_p0.0400.bin,1.0,1.0,0.7,False,0.028637827019079756,1.5707963267948966,0.04,2582756.29681712,ST,0.045333976468199186
orbit_p0.0500.bin,1.0,1.0,0.7,False,0.028637827019079756,1.5707963267948966,0.05,2582756.29681712,ST,0.05327076583271436
orbit_p0.0600.bin,1.0,1.0,0.7,False,0.028637827019079756,1.5707963267948966,0.06,2582756.29681712,ST,0.05922339833602813
orbit_p0.0700.bin,1.0,1.0,0.7,False,0.028637827019079756,1.5707963267948966,0.06999999999999999,199277.996229774,EJ,
orbit_p0.0800.bin,1.0,1.0,0.7,False,0.028637827019079756,1.5707963267948966,0.08,11442.131053076875,CA,
