file,m_A (Msun),m_B (Msun),e,apapse,m_P (Msun),l (rad),a (AU),t_stop (day),stability,delta_r
orbit_p0.03.bin,1.0,0.4285714285714286,0.8,False,0.0,3.1415926535897927,0.03,3055958.462454599,ST,0.05916366552640586
orbit_p0.04.bin,1.0,0.4285714285714286,0.8,False,0.0,3.1415926535897927,0.04,3055958.462454599,ST,0.06880221169050962
orbit_p0.05.bin,1.0,0.4285714285714286,0.8,False,0.0,3.1415926535897927,0.05,3055958.462454599,ST,0.1107044527604922
orbit_p0.06.bin,1.0,0.4285714285714286,0.8,False,0.0,3.1415926535897927,0.06,318385.9867996872,EJ,
