file,m_A (Msun),m_B (Msun),e,apapse,m_P (Msun),l (rad),a (AU),t_stop (day),stability,delta_r
orbit_p0.15.bin,1.0,2.333333333333333,0.2,False,0.0,0.0,0.15,2000594.4249770087,ST,0.044572268287127674
orbit_p0.16.bin,1.0,2.333333333333333,0.2,False,0.0,0.0,0.16,2000594.4249770087,ST,0.050442173640024665
orbit_p0.17.bin,1.0,2.333333333333333,0.2,False,0.0,0.0,0.17,2000594.4249770087,ST,0.05917348871008937
orbit_p0.18.bin,1.0,2.333333333333333,0.2,False,0.0,0.0,0.18,2000594.4249770087,ST,0.0743159804762395
