file,m_A (Msun),m_B (Msun),e,apapse,m_P (Msun),l (rad),a (AU),t_stop (day),stability,delta_r
orbit_a0.15.bin,1.0,2.333333333333333,0.2,True,0.0,0.0,0.15,2000594.4249770087,ST,0.035066264123545056
orbit_a0.16.bin,1.0,2.333333333333333,0.2,True,0.0,0.0,0.16,2000594.4249770087,ST,0.04789873365747866
orbit_a0.17.bin,1.0,2.333333333333333,0.2,True,0.0,0.0,0.17,2000594.4249770087,ST,0.054566978804014114
orbit_a0.18.bin,1.0,2.333333333333333,0.2,True,0.0,0.0,0.18,5159.26115220887,CB,
