file,m_A (Msun),m_B (Msun),e,apapse,m_P (Msun),l (rad),a (AU),t_stop (day),stability,delta_r
orbit_a0.0400.bin,1.0,1.4999999999999998,0.7,True,0.0,0.0,0.04,2310087.4595994814,ST,0.04593512042393511
orbit_a0.0500.bin,1.0,1.4999999999999998,0.7,True,0.0,0.0,0.05,2310087.4595994814,ST,0.05080387783519807
orbit_a0.0600.bin,1.0,1.4999999999999998,0.7,True,0.0,0.0,0.06,2310087.4595994814,ST,0.05386766515759818
orbit_a0.0700.bin,1.0,1.4999999999999998,0.7,True,0.0,0.0,0.07,117703.78805838195,CA,
