file,m_A (Msun),m_B (Msun),e,apapse,m_P (Msun),l (rad),a (AU),t_stop (day),stability,delta_r
orbit_p0.1800.bin,1.0,0.25,0.4,False,0.028637827019079756,0.0,0.18,3266957.015633596,ST,0.07209917003271328
orbit_p0.1900.bin,1.0,0.25,0.4,False,0.028637827019079756,0.0,0.19,3266957.015633596,ST,0.07533078884602531
orbit_p0.2000.bin,1.0,0.25,0.4,False,0.028637827019079756,0.0,0.2,3266957.015633596,ST,0.06337187541776998
orbit_p0.2100.bin,1.0,0.25,0.4,False,0.028637827019079756,0.0,0.21,401168.2189161317,CA,
orbit_p0.2200.bin,1.0,0.25,0.4,False,0.028637827019079756,0.0,0.22,126671.86832200151,CA,
