file,m_A (Msun),m_B (Msun),e,apapse,m_P (Msun),l (rad),a (AU),t_stop (day),stability,delta_r
orbit_a0.1800.bin,1.0,0.25,0.4,True,0.028637827019079756,0.0,0.18,3266957.015633596,ST,0.057234767301169644
orbit_a0.1900.bin,1.0,0.25,0.4,True,0.028637827019079756,0.0,0.19,3266957.015633596,ST,0.053860619986980905
orbit_a0.2000.bin,1.0,0.25,0.4,True,0.028637827019079756,0.0,0.2,3266957.015633596,ST,0.07608227543460841
orbit_a0.2100.bin,1.0,0.25,0.4,True,0.028637827019079756,0.0,0.21,3266957.015633596,ST,0.03203820583557722
orbit_a0.2200.bin,1.0,0.25,0.4,True,0.028637827019079756,0.0,0.22,110073.6926967022,CA,
