file,m_A (Msun),m_B (Msun),e,apapse,m_P (Msun),l (rad),a (AU),t_stop (day),stability,delta_r
orbit_a0.3600.bin,1.0,0.25,0.0,True,0.000954594233969325,1.5707963267948966,0.36,3266957.015633596,ST,0.060404307232169455
orbit_a0.3700.bin,1.0,0.25,0.0,True,0.000954594233969325,1.5707963267948966,0.37,3266957.015633596,ST,0.06560611799325489
orbit_a0.3800.bin,1.0,0.25,0.0,True,0.000954594233969325,1.5707963267948966,0.38,352680.8319878284,CA,
orbit_a0.3900.bin,1.0,0.25,0.0,True,0.000954594233969325,1.5707963267948966,0.39,11608.566368678396,CA,
orbit_a0.4000.bin,1.0,0.25,0.0,True,0.000954594233969325,1.5707963267948966,0.4,2507.2052208211244,CA,
