file,m_A (Msun),m_B (Msun),e,apapse,m_P (Msun),l (rad),a (AU),t_stop (day),stability,delta_r
orbit_p0.3600.bin,1.0,0.25,0.0,False,0.000954594233969325,1.5707963267948966,0.36,3266957.015633596,ST,0.05924983569021384
orbit_p0.3700.bin,1.0,0.25,0.0,False,0.000954594233969325,1.5707963267948966,0.37,3266957.015633596,ST,0.06541463290237168
orbit_p0.3800.bin,1.0,0.25,0.0,False,0.000954594233969325,1.5707963267948966,0.38,360383.92678000784,CA,
orbit_p0.3900.bin,1.0,0.25,0.0,False,0.000954594233969325,1.5707963267948966,0.39,4023.962205682828,CA,
orbit_p0.4000.bin,1.0,0.25,0.0,False,0.000954594233969325,1.5707963267948966,0.4,1571.9973951640452,CA,
