file,m_A (Msun),m_B (Msun),e,apapse,m_P (Msun),l (rad),a (AU),t_stop (day),stability,delta_r
orbit_p0.17.bin,1.0,1.0,0.3,False,0.0,0.7853981633974483,0.17,2582756.29681712,ST,0.06021948577157725
orbit_p0.18.bin,1.0,1.0,0.3,False,0.0,0.7853981633974483,0.18,2582756.29681712,ST,0.07575241700019295
orbit_p0.19.bin,1.0,1.0,0.3,False,0.0,0.7853981633974483,0.19,182897.16063455067,CA,
orbit_p0.20.bin,1.0,1.0,0.3,False,0.0,0.7853981633974483,0.2,100266.81201881061,CA,
