file,m_A (Msun),m_B (Msun),e,apapse,m_P (Msun),l (rad),a (AU),t_stop (day),stability,delta_r
orbit_a0.17.bin,1.0,1.0,0.3,True,0.0,0.7853981633974483,0.17,2582756.29681712,ST,0.04623323523885788
orbit_a0.18.bin,1.0,1.0,0.3,True,0.0,0.7853981633974483,0.18,2582756.29681712,ST,0.0362238483771678
orbit_a0.19.bin,1.0,1.0,0.3,True,0.0,0.7853981633974483,0.19,218945.48393386512,CA,
orbit_a0.20.bin,1.0,1.0,0.3,True,0.0,0.7853981633974483,0.2,1329768.6460483794,CA,
