file,m_A (Msun),m_B (Msun),e,apapse,m_P (Msun),l (rad),a (AU),t_stop (day),stability,delta_r
orbit_a0.2200.bin,1.0,1.4999999999999998,0.0,True,0.0,1.5707963267948966,0.22,2310087.4595994814,ST,0.09704084084597038
orbit_a0.2300.bin,1.0,1.4999999999999998,0.0,True,0.0,1.5707963267948966,0.23,2310087.4595994814,ST,0.15281921514394384
orbit_a0.2400.bin,1.0,1.4999999999999998,0.0,True,0.0,1.5707963267948966,0.24,378.99749835905686,CB,
orbit_a0.2500.bin,1.0,1.4999999999999998,0.0,True,0.0,1.5707963267948966,0.25,650.5677210710099,CA,
