file,m_A (Msun),m_B (Msun),e,apapse,m_P (Msun),l (rad),a (AU),t_stop (day),stability,delta_r
orbit_p0.0600.bin,1.0,0.6666666666666667,0.7,False,0.0,1.5707963267948966,0.06,2829267.7686104896,ST,0.06640251585927011
orbit_p0.0700.bin,1.0,0.6666666666666667,0.7,False,0.0,1.5707963267948966,0.07,2829267.7686104896,ST,0.06598812696558849
orbit_p0.0800.bin,1.0,0.6666666666666667,0.7,False,0.0,1.5707963267948966,0.08,53471.083634762246,CA,
orbit_p0.0900.bin,1.0,0.6666666666666667,0.7,False,0.0,1.5707963267948966,0.09,18665.764975270213,CA,
