file,m_A (Msun),m_B (Msun),e,apapse,m_P (Msun),l (rad),a (AU),t_stop (day),stability,delta_r
orbit_p0.1200.bin,1.0,2.333333333333333,0.3,False,0.000954594233969325,4.712388980384691,0.12,2000594.4249770087,ST,0.04957939812598138
orbit_p0.1300.bin,1.0,2.333333333333333,0.3,False,0.000954594233969325,4.712388980384691,0.13,2000594.4249770087,ST,0.07212477785812856
orbit_p0.1400.bin,1.0,2.333333333333333,0.3,False,0.000954594233969325,4.712388980384691,0.14,2000594.4249770087,ST,0.1238471554752757
orbit_p0.1500.bin,1.0,2.333333333333333,0.3,False,0.000954594233969325,4.712388980384691,0.15000000000000002,22769.19502740581,EJ,
orbit_p0.1600.bin,1.0,2.333333333333333,0.3,False,0.000954594233969325,4.712388980384691,0.16,4881.075105518427,CA,
