file,m_A (Msun),m_B (Msun),e,apapse,m_P (Msun),l (rad),a (AU),t_stop (day),stability,delta_r
orbit_a0.1200.bin,1.0,2.333333333333333,0.3,True,0.000954594233969325,4.712388980384691,0.12,2000594.4249770087,ST,0.0324232717903587
orbit_a0.1300.bin,1.0,2.333333333333333,0.3,True,0.000954594233969325,4.712388980384691,0.13,2000594.4249770087,ST,0.03380637737729229
orbit_a0.1400.bin,1.0,2.333333333333333,0.3,True,0.000954594233969325,4.712388980384691,0.14,2000594.4249770087,ST,0.03809246487555595
orbit_a0.1500.bin,1.0,2.333333333333333,0.3,True,0.000954594233969325,4.712388980384691,0.15000000000000002,2000594.4249770087,ST,0.03854465761222925
orbit_a0.1600.bin,1.0,2.333333333333333,0.3,True,0.000954594233969325,4.712388980384691,0.16,163350.77073700467,CA,
