file,m_A (Msun),m_B (Msun),e,apapse,m_P (Msun),l (rad),a (AU),t_stop (day),stability,delta_r
orbit_p0.1600.bin,1.0,1.4999999999999998,0.2,False,0.028637827019079756,3.1415926535897927,0.16,2310087.4595994814,ST,0.022375606527700983
orbit_p0.1700.bin,1.0,1.4999999999999998,0.2,False,0.028637827019079756,3.1415926535897927,0.16999999999999998,2310087.4595994814,ST,0.02772041324993676
orbit_p0.1800.bin,1.0,1.4999999999999998,0.2,False,0.028637827019079756,3.1415926535897927,0.18,2310087.4595994814,ST,0.03242415540995572
orbit_p0.1900.bin,1.0,1.4999999999999998,0.2,False,0.028637827019079756,3.1415926535897927,0.19,2310087.4595994814,ST,0.03970551179809109
orbit_p0.2000.bin,1.0,1.4999999999999998,0.2,False,0.028637827019079756,3.1415926535897927,0.2,2310087.4595994814,ST,0.04711960038116925
