file,m_A (Msun),m_B (Msun),e,apapse,m_P (Msun),l (rad),a (AU),t_stop (day),stability,delta_r
orbit_a0.1600.bin,1.0,1.4999999999999998,0.2,True,0.028637827019079756,3.1415926535897927,0.16,2310087.4595994814,ST,0.023547140281242437
orbit_a0.1700.bin,1.0,1.4999999999999998,0.2,True,0.028637827019079756,3.1415926535897927,0.16999999999999998,2310087.4595994814,ST,0.025528160906776547
orbit_a0.1800.bin,1.0,1.4999999999999998,0.2,True,0.028637827019079756,3.1415926535897927,0.18,2310087.4595994814,ST,0.025893044357740768
orbit_a0.1900.bin,1.0,1.4999999999999998,0.2,True,0.028637827019079756,3.1415926535897927,0.19,2310087.4595994814,ST,0.04899987365164528
orbit_a0.2000.bin,1.0,1.4999999999999998,0.2,True,0.028637827019079756,3.1415926535897927,0.2,2310087.4595994814,ST,0.03447332358316515
