file,m_A (Msun),m_B (Msun),e,apapse,m_P (Msun),l (rad),a (AU),t_stop (day),stability,delta_r
orbit_p0.0400.bin,1.0,9.0,0.5,False,0.028637827019079756,4.712388980384691,0.04,1155043.7297997407,ST,0.02352869829842175
orbit_p0.0500.bin,1.0,9.0,0.5,False,0.028637827019079756,4.712388980384691,0.05,1155043.7297997407,ST,0.03744297465810438
orbit_p0.0600.bin,1.0,9.0,0.5,False,0.028637827019079756,4.712388980384691,0.06,1155043.7297997407,ST,0.06839964828350897
orbit_p0.0700.bin,1.0,9.0,0.5,False,0.028637827019079756,4.712388980384691,0.06999999999999999,2736.9309767920718,CA,
orbit_p0.0800.bin,1.0,9.0,0.5,False,0.028637827019079756,4.712388980384691,0.08,576.7584342766751,CA,
