file,m_A (Msun),m_B (Msun),e,apapse,m_P (Msun),l (rad),a (AU),t_stop (day),stability,delta_r
orbit_a0.0400.bin,1.0,9.0,0.5,True,0.028637827019079756,4.712388980384691,0.04,1155043.7297997407,ST,0.02098564746743961
orbit_a0.0500.bin,1.0,9.0,0.5,True,0.028637827019079756,4.712388980384691,0.05,1155043.7297997407,ST,0.02380345673768596
orbit_a0.0600.bin,1.0,9.0,0.5,True,0.028637827019079756,4.712388980384691,0.06,1155043.7297997407,ST,0.02488640839248736
orbit_a0.0700.bin,1.0,9.0,0.5,True,0.028637827019079756,4.712388980384691,0.06999999999999999,1155043.7297997407,ST,0.03624230203374743
orbit_a0.0800.bin,1.0,9.0,0.5,True,0.028637827019079756,4.712388980384691,0.08,9661.779765884568,EJ,
