file,m_A (Msun),m_B (Msun),e,apapse,m_P (Msun),l (rad),a (AU),t_stop (day),stability,delta_r
orbit_p0.12.bin,1.0,0.1111111111111111,0.6,False,0.0,3.1415926535897927,0.12,3465131.189399222,ST,0.10592642611762575
orbit_p0.13.bin,1.0,0.1111111111111111,0.6,False,0.0,3.1415926535897927,0.13,3465131.189399222,ST,0.08806323347499016
orbit_p0.14.bin,1.0,0.1111111111111111,0.6,False,0.0,3.1415926535897927,0.14,3465131.189399222,ST,0.06492524681547804
orbit_p0.15.bin,1.0,0.1111111111111111,0.6,False,0.0,3.1415926535897927,0.15,3091245.8857795605,CA,
