file,m_A (Msun),m_B (Msun),e,apapse,m_P (Msun),l (rad),a (AU),t_stop (day),stability,delta_r
orbit_a0.08.bin,1.0,9.000000000000002,0.3,True,0.0,1.5707963267948966,0.08,1155043.7297997407,ST,0.024872508801860753
orbit_a0.09.bin,1.0,9.000000000000002,0.3,True,0.0,1.5707963267948966,0.09,1155043.7297997407,ST,0.028686606931796796
orbit_a0.10.bin,1.0,9.000000000000002,0.3,True,0.0,1.5707963267948966,0.1,1155043.7297997407,ST,0.04768491152453407
orbit_a0.11.bin,1.0,9.000000000000002,0.3,True,0.0,1.5707963267948966,0.11,3004.8843019980222,EJ,
