file,m_A (Msun),m_B (Msun),e,apapse,m_P (Msun),l (rad),a (AU),t_stop (day),stability,delta_r
orbit_p0.0400.bin,1.0,4.0,0.6,False,0.028637827019079756,3.1415926535897927,0.04,1633478.507816798,ST,0.025172816939490295
orbit_p0.0500.bin,1.0,4.0,0.6,False,0.028637827019079756,3.1415926535897927,0.05,1633478.507816798,ST,0.026213725823307023
orbit_p0.0600.bin,1.0,4.0,0.6,False,0.028637827019079756,3.1415926535897927,0.06,1633478.507816798,ST,0.026904369443805143
orbit_p0.0700.bin,1.0,4.0,0.6,False,0.028637827019079756,3.1415926535897927,0.06999999999999999,1633478.507816798,ST,0.037652178461555365
orbit_p0.0800.bin,1.0,4.0,0.6,False,0.028637827019079756,3.1415926535897927,0.08,20845.549332267914,EJ,
