file,m_A (Msun),m_B (Msun),e,apapse,m_P (Msun),l (rad),a (AU),t_stop (day),stability,delta_r
orbit_p0.1200.bin,1.0,0.4285714285714286,0.5,False,0.000954594233969325,1.5707963267948966,0.12,3055958.462454599,ST,0.06217543868837122
orbit_p0.1300.bin,1.0,0.4285714285714286,0.5,False,0.000954594233969325,1.5707963267948966,0.13,3055958.462454599,ST,0.0677034143837007
orbit_p0.1400.bin,1.0,0.4285714285714286,0.5,False,0.000954594233969325,1.5707963267948966,0.14,3055958.462454599,ST,0.06752003475752645
orbit_p0.1500.bin,1.0,0.4285714285714286,0.5,False,0.000954594233969325,1.5707963267948966,0.15000000000000002,211458.25060268762,CA,
orbit_p0.1600.bin,1.0,0.4285714285714286,0.5,False,0.000954594233969325,1.5707963267948966,0.16,104782.07616067839,CA,
