file,m_A (Msun),m_B (Msun),e,apapse,m_P (Msun),l (rad),a (AU),t_stop (day),stability,delta_r
orbit_a0.1200.bin,1.0,0.4285714285714286,0.5,True,0.000954594233969325,1.5707963267948966,0.12,3055958.462454599,ST,0.061721408432669336
orbit_a0.1300.bin,1.0,0.4285714285714286,0.5,True,0.000954594233969325,1.5707963267948966,0.13,3055958.462454599,ST,0.06294865447816035
orbit_a0.1400.bin,1.0,0.4285714285714286,0.5,True,0.000954594233969325,1.5707963267948966,0.14,3055958.462454599,ST,0.0676705533646864
orbit_a0.1500.bin,1.0,0.4285714285714286,0.5,True,0.000954594233969325,1.5707963267948966,0.15000000000000002,3055958.462454599,ST,0.0527391508560763
orbit_a0.1600.bin,1.0,0.4285714285714286,0.5,True,0.000954594233969325,1.5707963267948966,0.16,133114.01538628506,CA,
