file,m_A (Msun),m_B (Msun),e,apapse,m_P (Msun),l (rad),a (AU),t_stop (day),stability,delta_r
orbit_p0.06.bin,1.0,2.333333333333333,0.6,False,0.0,3.1415926535897927,0.06,2000594.4249770087,ST,0.03352529816274986
orbit_p0.07.bin,1.0,2.333333333333333,0.6,False,0.0,3.1415926535897927,0.07,2000594.4249770087,ST,0.031187036312043837
orbit_p0.08.bin,1.0,2.333333333333333,0.6,False,0.0,3.1415926535897927,0.08,2000594.4249770087,ST,0.034831243863618126
orbit_p0.09.bin,1.0,2.333333333333333,0.6,False,0.0,3.1415926535897927,0.09,45626.78543752498,EJ,
