file,m_A (Msun),m_B (Msun),e,apapse,m_P (Msun),l (rad),a (AU),t_stop (day),stability,delta_r
orbit_a0.06.bin,1.0,2.333333333333333,0.6,True,0.0,3.1415926535897927,0.06,2000594.4249770087,ST,0.04135772694350394
orbit_a0.07.bin,1.0,2.333333333333333,0.6,True,0.0,3.1415926535897927,0.07,2000594.4249770087,ST,0.04292623421683423
orbit_a0.08.bin,1.0,2.333333333333333,0.6,True,0.0,3.1415926535897927,0.08,2000594.4249770087,ST,0.028733699757428035
orbit_a0.09.bin,1.0,2.333333333333333,0.6,True,0.0,3.1415926535897927,0.09,64728.8829030593,CA,
