file,m_A (Msun),m_B (Msun),e,apapse,m_P (Msun),l (rad),a (AU),t_stop (day),stability,delta_r
orbit_p0.1200.bin,1.0,4.0,0.2,False,0.0,0.0,0.12,1633478.507816798,ST,0.03443933617252048
orbit_p0.1300.bin,1.0,4.0,0.2,False,0.0,0.0,0.13,1633478.507816798,ST,0.044112446688341994
orbit_p0.1400.bin,1.0,4.0,0.2,False,0.0,0.0,0.14,1633478.507816798,ST,0.05163923537771097
orbit_p0.1500.bin,1.0,4.0,0.2,False,0.0,0.0,0.15,1633478.507816798,ST,0.06298659056356057
