file,m_A (Msun),m_B (Msun),e,apapse,m_P (Msun),l (rad),a (AU),t_stop (day),stability,delta_r
orbit_p0.12.bin,1.0,0.1111111111111111,0.6,False,0.0,4.712388980384691,0.12,3465131.189399222,ST,0.09685011759821664
orbit_p0.13.bin,1.0,0.1111111111111111,0.6,False,0.0,4.712388980384691,0.13,3465131.189399222,ST,0.12478559084420161
orbit_p0.14.bin,1.0,0.1111111111111111,0.6,False,0.0,4.712388980384691,0.14,826802.7103831287,EJ,
orbit_p0.15.bin,1.0,0.1111111111111111,0.6,False,0.0,4.712388980384691,0.15,119244.44799547305,CA,
