file,m_A (Msun),m_B (Msun),e,apapse,m_P (Msun),l (rad),a (AU),t_stop (day),stability,delta_r
orbit_a0.12.bin,1.0,0.1111111111111111,0.6,True,0.0,4.712388980384691,0.12,3465131.189399222,ST,0.09549595284099376
orbit_a0.13.bin,1.0,0.1111111111111111,0.6,True,0.0,4.712388980384691,0.13,3465131.189399222,ST,0.084972973128254
orbit_a0.14.bin,1.0,0.1111111111111111,0.6,True,0.0,4.712388980384691,0.14,3073413.624847053,CA,
orbit_a0.15.bin,1.0,0.1111111111111111,0.6,True,0.0,4.712388980384691,0.15,1323897.3932649463,CA,
