file,m_A (Msun),m_B (Msun),e,apapse,m_P (Msun),l (rad),a (AU),t_stop (day),stability,delta_r
orbit_a0.0250.bin,1.0,1.5,0.8,True,0.000954594233969325,4.712388980384691,0.025,2310087.4595994814,ST,0.04734345872762787
orbit_a0.0300.bin,1.0,1.5,0.8,True,0.000954594233969325,4.712388980384691,0.03,2310087.4595994814,ST,0.05101097640666133
orbit_a0.0350.bin,1.0,1.5,0.8,True,0.000954594233969325,4.712388980384691,0.035,2310087.4595994814,ST,0.05378062801449621
orbit_a0.0400.bin,1.0,1.5,0.8,True,0.000954594233969325,4.712388980384691,0.04,2246937.767126657,CA,
orbit_a0.0450.bin,1.0,1.5,0.8,True,0.000954594233969325,4.712388980384691,0.045000000000000005,38019.22261679612,CA,
