file,m_A (Msun),m_B (Msun),e,apapse,m_P (Msun),l (rad),a (AU),t_stop (day),stability,delta_r
orbit_p0.1700.bin,1.0,0.6666666666666667,0.3,False,0.028637827019079756,1.5707963267948966,0.17,2829267.7686104896,ST,0.045691700811366025
orbit_p0.1800.bin,1.0,0.6666666666666667,0.3,False,0.028637827019079756,1.5707963267948966,0.18,2829267.7686104896,ST,0.07245630541829616
orbit_p0.1900.bin,1.0,0.6666666666666667,0.3,False,0.028637827019079756,1.5707963267948966,0.19,2829267.7686104896,ST,0.07340240367721253
orbit_p0.2000.bin,1.0,0.6666666666666667,0.3,False,0.028637827019079756,1.5707963267948966,0.2,2829267.7686104896,ST,0.106959222827282
orbit_p0.2100.bin,1.0,0.6666666666666667,0.3,False,0.028637827019079756,1.5707963267948966,0.21,14721.036174577788,CA,
