file,m_A (Msun),m_B (Msun),e,apapse,m_P (Msun),l (rad),a (AU),t_stop (day),stability,delta_r
orbit_p0.2200.bin,1.0,0.6666666666666667,0.2,False,0.0,3.1415926535897927,0.22,2829267.7686104896,ST,0.025111387851712182
orbit_p0.2300.bin,1.0,0.6666666666666667,0.2,False,0.0,3.1415926535897927,0.23,2829267.7686104896,ST,0.03433218858547414
orbit_p0.2400.bin,1.0,0.6666666666666667,0.2,False,0.0,3.1415926535897927,0.24,2829267.7686104896,ST,0.03479340719331392
orbit_p0.2500.bin,1.0,0.6666666666666667,0.2,False,0.0,3.1415926535897927,0.25,2829267.7686104896,ST,0.04534618440802196
