file,m_A (Msun),m_B (Msun),e,apapse,m_P (Msun),l (rad),a (AU),t_stop (day),stability,delta_r
orbit_p0.19.bin,1.0,2.333333333333333,0.0,False,0.0,4.712388980384691,0.19,2000594.4249770087,ST,0.09666390976859503
orbit_p0.20.bin,1.0,2.333333333333333,0.0,False,0.0,4.712388980384691,0.2,2000594.4249770087,ST,0.2131248013612804
orbit_p0.21.bin,1.0,2.333333333333333,0.0,False,0.0,4.712388980384691,0.21,4602.0048810510525,CA,
orbit_p0.22.bin,1.0,2.333333333333333,0.0,False,0.0,4.712388980384691,0.22,103.04027366564578,CA,
