file,m_A (Msun),m_B (Msun),e,apapse,m_P (Msun),l (rad),a (AU),t_stop (day),stability,delta_r
orbit_p0.0900.bin,1.0,4.0,0.4,False,0.0,0.0,0.09,1633478.507816798,ST,0.046283952468752915
orbit_p0.1000.bin,1.0,4.0,0.4,False,0.0,0.0,0.1,1633478.507816798,ST,0.05854184285671306
orbit_p0.1100.bin,1.0,4.0,0.4,False,0.0,0.0,0.11,1633478.507816798,ST,0.0714979612329335
orbit_p0.1200.bin,1.0,4.0,0.4,False,0.0,0.0,0.12,232761.18605519144,CA,
