file,m_A (Msun),m_B (Msun),e,apapse,m_P (Msun),l (rad),a (AU),t_stop (day),stability,delta_r
orbit_p0.1600.bin,1.0,1.5,0.2,False,0.000954594233969325,1.5707963267948966,0.16,2310087.4595994814,ST,0.05280779158368222
orbit_p0.1700.bin,1.0,1.5,0.2,False,0.000954594233969325,1.5707963267948966,0.16999999999999998,2310087.4595994814,ST,0.06437368326911141
orbit_p0.1800.bin,1.0,1.5,0.2,False,0.000954594233969325,1.5707963267948966,0.18,2310087.4595994814,ST,0.08643982835994218
orbit_p0.1900.bin,1.0,1.5,0.2,False,0.000954594233969325,1.5707963267948966,0.19,2310087.4595994814,ST,0.11344688336245577
orbit_p0.2000.bin,1.0,1.5,0.2,False,0.000954594233969325,1.5707963267948966,0.2,24082.142830199125,CB,
