file,m_A (Msun),m_B (Msun),e,apapse,m_P (Msun),l (rad),a (AU),t_stop (day),stability,delta_r
orbit_a0.1600.bin,1.0,1.5,0.2,True,0.000954594233969325,1.5707963267948966,0.16,2310087.4595994814,ST,0.03280657105115716
orbit_a0.1700.bin,1.0,1.5,0.2,True,0.000954594233969325,1.5707963267948966,0.16999999999999998,2310087.4595994814,ST,0.0348809389278117
orbit_a0.1800.bin,1.0,1.5,0.2,True,0.000954594233969325,1.5707963267948966,0.18,2310087.4595994814,ST,0.028557389845830106
orbit_a0.1900.bin,1.0,1.5,0.2,True,0.000954594233969325,1.5707963267948966,0.19,2310087.4595994814,ST,0.044624524994633034
orbit_a0.2000.bin,1.0,1.5,0.2,True,0.000954594233969325,1.5707963267948966,0.2,2310087.4595994814,ST,0.05780448701342589
