file,m_A (Msun),m_B (Msun),e,apapse,m_P (Msun),l (rad),a (AU),t_stop (day),stability,delta_r
orbit_p0.0500.bin,1.0,9.0,0.4,False,0.028637827019079756,0.0,0.05,1155043.7297997407,ST,0.022286166854278318
orbit_p0.0600.bin,1.0,9.0,0.4,False,0.028637827019079756,0.0,0.06000000000000001,1155043.7297997407,ST,0.029030085312270682
orbit_p0.0700.bin,1.0,9.0,0.4,False,0.028637827019079756,0.0,0.07,1155043.7297997407,ST,0.03998168428843832
orbit_p0.0800.bin,1.0,9.0,0.4,False,0.028637827019079756,0.0,0.08,1155043.7297997407,ST,0.05419592231076716
orbit_p0.0900.bin,1.0,9.0,0.4,False,0.028637827019079756,0.0,0.09000000000000001,1155043.7297997407,ST,0.07767224737884068
