file,m_A (Msun),m_B (Msun),e,apapse,m_P (Msun),l (rad),a (AU),t_stop (day),stability,delta_r
orbit_a0.1800.bin,1.0,1.0,0.2,True,0.028637827019079756,3.1415926535897927,0.18000000000000002,2582756.29681712,ST,0.02602064738737024
orbit_a0.1900.bin,1.0,1.0,0.2,True,0.028637827019079756,3.1415926535897927,0.19,2582756.29681712,ST,0.027035163198342083
orbit_a0.2000.bin,1.0,1.0,0.2,True,0.028637827019079756,3.1415926535897927,0.2,2582756.29681712,ST,0.02463641078141479
orbit_a0.2100.bin,1.0,1.0,0.2,True,0.028637827019079756,3.1415926535897927,0.21,2582756.29681712,ST,0.028683810024746674
orbit_a0.2200.bin,1.0,1.0,0.2,True,0.028637827019079756,3.1415926535897927,0.22,2582756.29681712,ST,0.036724749976556025
