file,m_A (Msun),m_B (Msun),e,apapse,m_P (Msun),l (rad),a (AU),t_stop (day),stability,delta_r
orbit_p0.3200.bin,1.0,0.11111111111111112,0.2,False,0.028637827019079756,0.0,0.32,3465131.189399222,ST,0.04941070654987794
orbit_p0.3300.bin,1.0,0.11111111111111112,0.2,False,0.028637827019079756,0.0,0.33,3465131.189399222,ST,0.05991963810563715
orbit_p0.3400.bin,1.0,0.11111111111111112,0.2,False,0.028637827019079756,0.0,0.34,3465131.189399222,ST,0.07038452615746096
orbit_p0.3500.bin,1.0,0.11111111111111112,0.2,False,0.028637827019079756,0.0,0.35,171818.40971498276,CA,
orbit_p0.3600.bin,1.0,0.11111111111111112,0.2,False,0.028637827019079756,0.0,0.36,45848.294693511416,CA,
