file,m_A (Msun),m_B (Msun),e,apapse,m_P (Msun),l (rad),a (AU),t_stop (day),stability,delta_r
orbit_p0.1600.bin,1.0,1.5,0.2,False,0.000954594233969325,3.1415926535897927,0.16,2310087.4595994814,ST,0.023200531813007186
orbit_p0.1700.bin,1.0,1.5,0.2,False,0.000954594233969325,3.1415926535897927,0.16999999999999998,2310087.4595994814,ST,0.027024587480981892
orbit_p0.1800.bin,1.0,1.5,0.2,False,0.000954594233969325,3.1415926535897927,0.18,2310087.4595994814,ST,0.03155110075188706
orbit_p0.1900.bin,1.0,1.5,0.2,False,0.000954594233969325,3.1415926535897927,0.19,2310087.4595994814,ST,0.04209617787979256
orbit_p0.2000.bin,1.0,1.5,0.2,False,0.000954594233969325,3.1415926535897927,0.2,2310087.4595994814,ST,0.044359800651917906
