file,m_A (Msun),m_B (Msun),e,apapse,m_P (Msun),l (rad),a (AU),t_stop (day),stability,delta_r
orbit_p0.36.bin,1.0,0.1111111111111111,0.1,False,0.0,1.5707963267948966,0.36,3465131.189399222,ST,0.04360190844164949
orbit_p0.37.bin,1.0,0.1111111111111111,0.1,False,0.0,1.5707963267948966,0.37,3465131.189399222,ST,0.057974750979852295
orbit_p0.38.bin,1.0,0.1111111111111111,0.1,False,0.0,1.5707963267948966,0.38,92295.23741091936,CB,
orbit_p0.39.bin,1.0,0.1111111111111111,0.1,False,0.0,1.5707963267948966,0.39,121882.17555669414,EJ,
