file,m_A (Msun),m_B (Msun),e,apapse,m_P (Msun),l (rad),a (AU),t_stop (day),stability,delta_r
orbit_a0.0200.bin,1.0,0.4285714285714286,0.8,True,0.000954594233969325,0.0,0.02,3055958.462454599,ST,0.0393413852983506
orbit_a0.0300.bin,1.0,0.4285714285714286,0.8,True,0.000954594233969325,0.0,0.03,3055958.462454599,ST,0.06131217498277446
orbit_a0.0400.bin,1.0,0.4285714285714286,0.8,True,0.000954594233969325,0.0,0.04,3055958.462454599,ST,0.07533686266743284
orbit_a0.0500.bin,1.0,0.4285714285714286,0.8,True,0.000954594233969325,0.0,0.05,2004023.501415278,CA,
orbit_a0.0600.bin,1.0,0.4285714285714286,0.8,True,0.000954594233969325,0.0,0.06,479346.96986149537,CA,
