file,m_A (Msun),m_B (Msun),e,apapse,m_P (Msun),l (rad),a (AU),t_stop (day),stability,delta_r
orbit_p0.0200.bin,1.0,0.4285714285714286,0.8,False,0.000954594233969325,0.0,0.02,3055958.462454599,ST,0.042972208986273665
orbit_p0.0300.bin,1.0,0.4285714285714286,0.8,False,0.000954594233969325,0.0,0.03,3055958.462454599,ST,0.062483198556038226
orbit_p0.0400.bin,1.0,0.4285714285714286,0.8,False,0.000954594233969325,0.0,0.04,3055958.462454599,ST,0.07766640022999292
orbit_p0.0500.bin,1.0,0.4285714285714286,0.8,False,0.000954594233969325,0.0,0.05,3055958.462454599,ST,0.08706917952727838
orbit_p0.0600.bin,1.0,0.4285714285714286,0.8,False,0.000954594233969325,0.0,0.06,134731.05366818927,CA,
