file,m_A (Msun),m_B (Msun),e,apapse,m_P (Msun),l (rad),a (AU),t_stop (day),stability,delta_r
orbit_a0.1500.bin,1.0,0.6666666666666667,0.4,True,0.0,0.0,0.15,2829267.7686104896,ST,0.047354081031626895
orbit_a0.1600.bin,1.0,0.6666666666666667,0.4,True,0.0,0.0,0.16,2829267.7686104896,ST,0.050460493999090375
orbit_a0.1700.bin,1.0,0.6666666666666667,0.4,True,0.0,0.0,0.17,2829267.7686104896,ST,0.051285861605080224
orbit_a0.1800.bin,1.0,0.6666666666666667,0.4,True,0.0,0.0,0.18,2829267.7686104896,ST,0.0510429501710604
