file,m_A (Msun),m_B (Msun),e,apapse,m_P (Msun),l (rad),a (AU),t_stop (day),stability,delta_r
orbit_a0.1800.bin,1.0,0.25,0.4,True,0.028637827019079756,1.5707963267948966,0.18,3266957.015633596,ST,0.060450469191258516
orbit_a0.1900.bin,1.0,0.25,0.4,True,0.028637827019079756,1.5707963267948966,0.19,3266957.015633596,ST,0.08981201261904194
orbit_a0.2000.bin,1.0,0.25,0.4,True,0.028637827019079756,1.5707963267948966,0.2,3266957.015633596,ST,0.07602810383945172
orbit_a0.2100.bin,1.0,0.25,0.4,True,0.028637827019079756,1.5707963267948966,0.21,2498405.397425424,CA,
orbit_a0.2200.bin,1.0,0.25,0.4,True,0.028637827019079756,1.5707963267948966,0.22,20659.437228350533,CA,
