file,m_A (Msun),m_B (Msun),e,apapse,m_P (Msun),l (rad),a (AU),t_stop (day),stability,delta_r
orbit_p0.1800.bin,1.0,0.25,0.4,False,0.028637827019079756,1.5707963267948966,0.18,3266957.015633596,ST,0.06545289649289227
orbit_p0.1900.bin,1.0,0.25,0.4,False,0.028637827019079756,1.5707963267948966,0.19,3266957.015633596,ST,0.05891592806026111
orbit_p0.2000.bin,1.0,0.25,0.4,False,0.028637827019079756,1.5707963267948966,0.2,3266957.015633596,ST,0.058472980433700965
orbit_p0.2100.bin,1.0,0.25,0.4,False,0.028637827019079756,1.5707963267948966,0.21,133318.429272516,CA,
orbit_p0.2200.bin,1.0,0.25,0.4,False,0.028637827019079756,1.5707963267948966,0.22,82044.22328813405,CA,
