file,m_A (Msun),m_B (Msun),e,apapse,m_P (Msun),l (rad),a (AU),t_stop (day),stability,delta_r
orbit_p0.1600.bin,1.0,0.11111111111111112,0.5,False,0.028637827019079756,4.712388980384691,0.16,3465131.189399222,ST,0.09060504836216537
orbit_p0.1700.bin,1.0,0.11111111111111112,0.5,False,0.028637827019079756,4.712388980384691,0.17,3465131.189399222,ST,0.06754990775369417
orbit_p0.1800.bin,1.0,0.11111111111111112,0.5,False,0.028637827019079756,4.712388980384691,0.18,911585.8164532321,CA,
orbit_p0.1900.bin,1.0,0.11111111111111112,0.5,False,0.028637827019079756,4.712388980384691,0.19,442437.04641751846,CA,
orbit_p0.2000.bin,1.0,0.11111111111111112,0.5,False,0.028637827019079756,4.712388980384691,0.2,214666.9789157905,CA,
