file,m_A (Msun),m_B (Msun),e,apapse,m_P (Msun),l (rad),a (AU),t_stop (day),stability,delta_r
orbit_a0.1600.bin,1.0,0.11111111111111112,0.5,True,0.028637827019079756,4.712388980384691,0.16,3465131.189399222,ST,0.1007977773503064
orbit_a0.1700.bin,1.0,0.11111111111111112,0.5,True,0.028637827019079756,4.712388980384691,0.17,3465131.189399222,ST,0.07821454334996783
orbit_a0.1800.bin,1.0,0.11111111111111112,0.5,True,0.028637827019079756,4.712388980384691,0.18,646892.2715288475,CA,
orbit_a0.1900.bin,1.0,0.11111111111111112,0.5,True,0.028637827019079756,4.712388980384691,0.19,258786.0449414268,CA,
orbit_a0.2000.bin,1.0,0.11111111111111112,0.5,True,0.028637827019079756,4.712388980384691,0.2,81776.00750986295,CA,
