file,m_A (Msun),m_B (Msun),e,apapse,m_P (Msun),l (rad),a (AU),t_stop (day),stability,delta_r
orbit_p0.0400.bin,1.0,1.0,0.7,False,0.028637827019079756,4.712388980384691,0.04,2582756.29681712,ST,0.04482645220127183
orbit_p0.0500.bin,1.0,1.0,0.7,False,0.028637827019079756,4.712388980384691,0.05,2582756.29681712,ST,0.05274575989880529
orbit_p0.0600.bin,1.0,1.0,0.7,False,0.028637827019079756,4.712388980384691,0.06,2582756.29681712,ST,0.05869865414762949
orbit_p0.0700.bin,1.0,1.0,0.7,False,0.028637827019079756,4.712388980384691,0.06999999999999999,810122.6699122451,CA,
orbit_p0.0800.bin,1.0,1.0,0.7,False,0.028637827019079756,4.712388980384691,0.08,14483.733453865007,CA,
