file,m_A (Msun),m_B (Msun),e,apapse,m_P (Msun),l (rad),a (AU),t_stop (day),stability,delta_r
orbit_p0.0300.bin,1.0,1.4999999999999998,0.8,False,0.0,0.0,0.03,2310087.4595994814,ST,0.055372213509219885
orbit_p0.0350.bin,1.0,1.4999999999999998,0.8,False,0.0,0.0,0.035,2310087.4595994814,ST,0.06815404911563488
orbit_p0.0400.bin,1.0,1.4999999999999998,0.8,False,0.0,0.0,0.04,2310087.4595994814,ST,0.21068091497564678
orbit_p0.0450.bin,1.0,1.4999999999999998,0.8,False,0.0,0.0,0.045,143458.52602080535,CA,
