file,m_A (Msun),m_B (Msun),e,apapse,m_P (Msun),l (rad),a (AU),t_stop (day),stability,delta_r
orbit_a0.0300.bin,1.0,1.4999999999999998,0.8,True,0.0,0.0,0.03,2310087.4595994814,ST,0.05123769531204648
orbit_a0.0350.bin,1.0,1.4999999999999998,0.8,True,0.0,0.0,0.035,2310087.4595994814,ST,0.05355544859938769
orbit_a0.0400.bin,1.0,1.4999999999999998,0.8,True,0.0,0.0,0.04,2310087.4595994814,ST,0.21040740239621808
orbit_a0.0450.bin,1.0,1.4999999999999998,0.8,True,0.0,0.0,0.045,105639.88470517275,EJ,
