file,m_A (Msun),m_B (Msun),e,apapse,m_P (Msun),l (rad),a (AU),t_stop (day),stability,delta_r
orbit_p0.1400.bin,1.0,2.333333333333333,0.2,False,0.000954594233969325,3.1415926535897927,0.14,2000594.4249770087,ST,0.022597230752043954
orbit_p0.1500.bin,1.0,2.333333333333333,0.2,False,0.000954594233969325,3.1415926535897927,0.15,2000594.4249770087,ST,0.029438950801447736
orbit_p0.1600.bin,1.0,2.333333333333333,0.2,False,0.000954594233969325,3.1415926535897927,0.16,2000594.4249770087,ST,0.03752047688014467
orbit_p0.1700.bin,1.0,2.333333333333333,0.2,False,0.000954594233969325,3.1415926535897927,0.17,2000594.4249770087,ST,0.04343336979444925
orbit_p0.1800.bin,1.0,2.333333333333333,0.2,False,0.000954594233969325,3.1415926535897927,0.18,2000594.4249770087,ST,0.050324420544103306
