file,m_A (Msun),m_B (Msun),e,apapse,m_P (Msun),l (rad),a (AU),t_stop (day),stability,delta_r
orbit_a0.1400.bin,1.0,0.6666666666666667,0.4,True,0.028637827019079756,1.5707963267948966,0.14,2829267.7686104896,ST,0.04697393770606028
orbit_a0.1500.bin,1.0,0.6666666666666667,0.4,True,0.028637827019079756,1.5707963267948966,0.15,2829267.7686104896,ST,0.04587425239535296
orbit_a0.1600.bin,1.0,0.6666666666666667,0.4,True,0.028637827019079756,1.5707963267948966,0.16,2829267.7686104896,ST,0.04324555701077557
orbit_a0.1700.bin,1.0,0.6666666666666667,0.4,True,0.028637827019079756,1.5707963267948966,0.17,2829267.7686104896,ST,0.049367396756402136
orbit_a0.1800.bin,1.0,0.6666666666666667,0.4,True,0.028637827019079756,1.5707963267948966,0.18,309015.2018382742,CA,
