file,m_A (Msun),m_B (Msun),e,apapse,m_P (Msun),l (rad),a (AU),t_stop (day),stability,delta_r
orbit_p0.1400.bin,1.0,0.6666666666666667,0.4,False,0.028637827019079756,1.5707963267948966,0.14,2829267.7686104896,ST,0.05138295908594749
orbit_p0.1500.bin,1.0,0.6666666666666667,0.4,False,0.028637827019079756,1.5707963267948966,0.15,2829267.7686104896,ST,0.06596014668871142
orbit_p0.1600.bin,1.0,0.6666666666666667,0.4,False,0.028637827019079756,1.5707963267948966,0.16,2829267.7686104896,ST,0.064311345176532
orbit_p0.1700.bin,1.0,0.6666666666666667,0.4,False,0.028637827019079756,1.5707963267948966,0.17,118239.5545678148,CA,
orbit_p0.1800.bin,1.0,0.6666666666666667,0.4,False,0.028637827019079756,1.5707963267948966,0.18,35447.38327619201,CA,
