file,m_A (Msun),m_B (Msun),e,apapse,m_P (Msun),l (rad),a (AU),t_stop (day),stability,delta_r
orbit_a0.1300.bin,1.0,4.0,0.1,True,0.000954594233969325,1.5707963267948966,0.13,1633478.507816798,ST,0.032021648229912436
orbit_a0.1400.bin,1.0,4.0,0.1,True,0.000954594233969325,1.5707963267948966,0.14,1633478.507816798,ST,0.04249043570030746
orbit_a0.1500.bin,1.0,4.0,0.1,True,0.000954594233969325,1.5707963267948966,0.15,1633478.507816798,ST,0.057221789176003436
orbit_a0.1600.bin,1.0,4.0,0.1,True,0.000954594233969325,1.5707963267948966,0.16,1633478.507816798,ST,0.12809912064771456
orbit_a0.1700.bin,1.0,4.0,0.1,True,0.000954594233969325,1.5707963267948966,0.16999999999999998,2562.271448548974,CA,
