file,m_A (Msun),m_B (Msun),e,apapse,m_P (Msun),l (rad),a (AU),t_stop (day),stability,delta_r
orbit_p0.0500.bin,1.0,2.333333333333333,0.6,False,0.028637827019079756,0.0,0.05,2000594.4249770087,ST,0.038213405797717474
orbit_p0.0600.bin,1.0,2.333333333333333,0.6,False,0.028637827019079756,0.0,0.06000000000000001,2000594.4249770087,ST,0.046598434263498155
orbit_p0.0700.bin,1.0,2.333333333333333,0.6,False,0.028637827019079756,0.0,0.07,2000594.4249770087,ST,0.05734982681817573
orbit_p0.0800.bin,1.0,2.333333333333333,0.6,False,0.028637827019079756,0.0,0.08,2000594.4249770087,ST,0.10029456407143236
orbit_p0.0900.bin,1.0,2.333333333333333,0.6,False,0.028637827019079756,0.0,0.09000000000000001,110927.83404171301,CA,
