file,m_A (Msun),m_B (Msun),e,apapse,m_P (Msun),l (rad),a (AU),t_stop (day),stability,delta_r
orbit_a0.0500.bin,1.0,2.333333333333333,0.6,True,0.028637827019079756,0.0,0.05,2000594.4249770087,ST,0.035857387154059214
orbit_a0.0600.bin,1.0,2.333333333333333,0.6,True,0.028637827019079756,0.0,0.06000000000000001,2000594.4249770087,ST,0.0381726199964922
orbit_a0.0700.bin,1.0,2.333333333333333,0.6,True,0.028637827019079756,0.0,0.07,2000594.4249770087,ST,0.03552763500520142
orbit_a0.0800.bin,1.0,2.333333333333333,0.6,True,0.028637827019079756,0.0,0.08,123692.82342478154,CA,
orbit_a0.0900.bin,1.0,2.333333333333333,0.6,True,0.028637827019079756,0.0,0.09000000000000001,34354.51257326959,CA,
