file,m_A (Msun),m_B (Msun),e,apapse,m_P (Msun),l (rad),a (AU),t_stop (day),stability,delta_r
orbit_a0.0600.bin,1.0,1.4999999999999998,0.6,True,0.028637827019079756,3.1415926535897927,0.06,2310087.4595994814,ST,0.04268269279120624
orbit_a0.0700.bin,1.0,1.4999999999999998,0.6,True,0.028637827019079756,3.1415926535897927,0.07,2310087.4595994814,ST,0.04488636435513856
orbit_a0.0800.bin,1.0,1.4999999999999998,0.6,True,0.028637827019079756,3.1415926535897927,0.08,2310087.4595994814,ST,0.03989310370030267
orbit_a0.0900.bin,1.0,1.4999999999999998,0.6,True,0.028637827019079756,3.1415926535897927,0.09,729997.067461281,CA,
orbit_a0.1000.bin,1.0,1.4999999999999998,0.6,True,0.028637827019079756,3.1415926535897927,0.1,12015.806243014173,CA,
