file,m_A (Msun),m_B (Msun),e,apapse,m_P (Msun),l (rad),a (AU),t_stop (day),stability,delta_r
orbit_p0.0200.bin,1.0,4.0,0.8,False,0.0,3.1415926535897927,0.02,1633478.507816798,ST,0.030495767777379088
orbit_p0.0250.bin,1.0,4.0,0.8,False,0.0,3.1415926535897927,0.025,1633478.507816798,ST,0.030568919119721136
orbit_p0.0300.bin,1.0,4.0,0.8,False,0.0,3.1415926535897927,0.03,1633478.507816798,ST,0.04519346585356659
orbit_p0.0350.bin,1.0,4.0,0.8,False,0.0,3.1415926535897927,0.035,177067.5829521087,CA,
