file,m_A (Msun),m_B (Msun),e,apapse,m_P (Msun),l (rad),a (AU),t_stop (day),stability,delta_r
orbit_a0.04.bin,1.0,2.333333333333333,0.7,True,0.0,3.1415926535897927,0.04,2000594.4249770087,ST,0.041910405928290324
orbit_a0.05.bin,1.0,2.333333333333333,0.7,True,0.0,3.1415926535897927,0.05,2000594.4249770087,ST,0.044665230116024
orbit_a0.06.bin,1.0,2.333333333333333,0.7,True,0.0,3.1415926535897927,0.06,83923.05372058523,CA,
orbit_a0.07.bin,1.0,2.333333333333333,0.7,True,0.0,3.1415926535897927,0.07,34103.82889276027,CA,
