file,m_A (Msun),m_B (Msun),e,apapse,m_P (Msun),l (rad),a (AU),t_stop (day),stability,delta_r
orbit_a0.1600.bin,1.0,0.4285714285714286,0.4,True,0.028637827019079756,4.712388980384691,0.16,3055958.462454599,ST,0.06248175550692654
orbit_a0.1700.bin,1.0,0.4285714285714286,0.4,True,0.028637827019079756,4.712388980384691,0.16999999999999998,3055958.462454599,ST,0.05781465386828984
orbit_a0.1800.bin,1.0,0.4285714285714286,0.4,True,0.028637827019079756,4.712388980384691,0.18,3055958.462454599,ST,0.05826606141702489
orbit_a0.1900.bin,1.0,0.4285714285714286,0.4,True,0.028637827019079756,4.712388980384691,0.19,644402.4635181994,CA,
orbit_a0.2000.bin,1.0,0.4285714285714286,0.4,True,0.028637827019079756,4.712388980384691,0.2,117316.08144201386,CA,
