file,m_A (Msun),m_B (Msun),e,apapse,m_P (Msun),l (rad),a (AU),t_stop (day),stability,delta_r
orbit_a0.1400.bin,1.0,0.6666666666666667,0.4,True,0.028637827019079756,3.1415926535897927,0.14,2829267.7686104896,ST,0.042939181982243106
orbit_a0.1500.bin,1.0,0.6666666666666667,0.4,True,0.028637827019079756,3.1415926535897927,0.15,2829267.7686104896,ST,0.0471247872879678
orbit_a0.1600.bin,1.0,0.6666666666666667,0.4,True,0.028637827019079756,3.1415926535897927,0.16,2829267.7686104896,ST,0.03604814213538005
orbit_a0.1700.bin,1.0,0.6666666666666667,0.4,True,0.028637827019079756,3.1415926535897927,0.17,2829267.7686104896,ST,0.04669137961973728
orbit_a0.1800.bin,1.0,0.6666666666666667,0.4,True,0.028637827019079756,3.1415926535897927,0.18,2829267.7686104896,ST,0.026757257674223645
