file,m_A (Msun),m_B (Msun),e,apapse,m_P (Msun),l (rad),a (AU),t_stop (day),stability,delta_r
orbit_p0.0300.bin,1.0,0.25,0.8,False,0.028637827019079756,4.712388980384691,0.03,3266957.015633596,ST,0.062070655999185466
orbit_p0.0400.bin,1.0,0.25,0.8,False,0.028637827019079756,4.712388980384691,0.04,3266957.015633596,ST,0.07869515881079749
orbit_p0.0500.bin,1.0,0.25,0.8,False,0.028637827019079756,4.712388980384691,0.05,3266957.015633596,ST,0.15299936495654665
orbit_p0.0600.bin,1.0,0.25,0.8,False,0.028637827019079756,4.712388980384691,0.06,442861.6692243229,CA,
orbit_p0.0700.bin,1.0,0.25,0.8,False,0.028637827019079756,4.712388980384691,0.07,44385.63866873561,CA,
