file,m_A (Msun),m_B (Msun),e,apapse,m_P (Msun),l (rad),a (AU),t_stop (day),stability,delta_r
orbit_a0.0200.bin,1.0,0.6666666666666667,0.8,True,0.000954594233969325,1.5707963267948966,0.02,2829267.7686104896,ST,0.041589302154493385
orbit_a0.0300.bin,1.0,0.6666666666666667,0.8,True,0.000954594233969325,1.5707963267948966,0.03,2829267.7686104896,ST,0.05765727664910658
orbit_a0.0400.bin,1.0,0.6666666666666667,0.8,True,0.000954594233969325,1.5707963267948966,0.04,2829267.7686104896,ST,0.06484259553829655
orbit_a0.0500.bin,1.0,0.6666666666666667,0.8,True,0.000954594233969325,1.5707963267948966,0.05,632756.3558351246,EJ,
orbit_a0.0600.bin,1.0,0.6666666666666667,0.8,True,0.000954594233969325,1.5707963267948966,0.06,132967.5290960252,CA,
