file,m_A (Msun),m_B (Msun),e,apapse,m_P (Msun),l (rad),a (AU),t_stop (day),stability,delta_r
orbit_p0.2100.bin,1.0,0.6666666666666667,0.2,False,0.028637827019079756,1.5707963267948966,0.21,2829267.7686104896,ST,0.05238577867832973
orbit_p0.2200.bin,1.0,0.6666666666666667,0.2,False,0.028637827019079756,1.5707963267948966,0.22,2829267.7686104896,ST,0.06593812591678724
orbit_p0.2300.bin,1.0,0.6666666666666667,0.2,False,0.028637827019079756,1.5707963267948966,0.23,2829267.7686104896,ST,0.12125138959947372
orbit_p0.2400.bin,1.0,0.6666666666666667,0.2,False,0.028637827019079756,1.5707963267948966,0.24,2829267.7686104896,ST,0.09965087043877352
orbit_p0.2500.bin,1.0,0.6666666666666667,0.2,False,0.028637827019079756,1.5707963267948966,0.25,28859.02596890393,CA,
