file,m_A (Msun),m_B (Msun),e,apapse,m_P (Msun),l (rad),a (AU),t_stop (day),stability,delta_r
orbit_p0.0300.bin,1.0,0.11111111111111112,0.8,False,0.000954594233969325,1.5707963267948966,0.03,3465131.189399222,ST,0.06589043028328696
orbit_p0.0400.bin,1.0,0.11111111111111112,0.8,False,0.000954594233969325,1.5707963267948966,0.04,3465131.189399222,ST,0.0861126442528364
orbit_p0.0500.bin,1.0,0.11111111111111112,0.8,False,0.000954594233969325,1.5707963267948966,0.05,3465131.189399222,ST,0.10288613260969003
orbit_p0.0600.bin,1.0,0.11111111111111112,0.8,False,0.000954594233969325,1.5707963267948966,0.06000000000000001,1008468.823039772,CA,
orbit_p0.0700.bin,1.0,0.11111111111111112,0.8,False,0.000954594233969325,1.5707963267948966,0.07,1502498.9900560244,CA,
