file,m_A (Msun),m_B (Msun),e,apapse,m_P (Msun),l (rad),a (AU),t_stop (day),stability,delta_r
orbit_a0.0300.bin,1.0,0.11111111111111112,0.8,True,0.000954594233969325,1.5707963267948966,0.03,3465131.189399222,ST,0.06623785166015674
orbit_a0.0400.bin,1.0,0.11111111111111112,0.8,True,0.000954594233969325,1.5707963267948966,0.04,3465131.189399222,ST,0.08583293055602953
orbit_a0.0500.bin,1.0,0.11111111111111112,0.8,True,0.000954594233969325,1.5707963267948966,0.05,3465131.189399222,ST,0.09994732340406538
orbit_a0.0600.bin,1.0,0.11111111111111112,0.8,True,0.000954594233969325,1.5707963267948966,0.06000000000000001,913221.2708748938,CA,
orbit_a0.0700.bin,1.0,0.11111111111111112,0.8,True,0.000954594233969325,1.5707963267948966,0.07,769689.8727454039,CA,
