file,m_A (Msun),m_B (Msun),e,apapse,m_P (Msun),l (rad),a (AU),t_stop (day),stability,delta_r
orbit_a0.3200.bin,1.0,0.11111111111111112,0.2,True,0.028637827019079756,3.1415926535897927,0.32,3465131.189399222,ST,0.030782101670186874
orbit_a0.3300.bin,1.0,0.11111111111111112,0.2,True,0.028637827019079756,3.1415926535897927,0.33,3465131.189399222,ST,0.03856500702828999
orbit_a0.3400.bin,1.0,0.11111111111111112,0.2,True,0.028637827019079756,3.1415926535897927,0.34,437322.1263568488,CA,
orbit_a0.3500.bin,1.0,0.11111111111111112,0.2,True,0.028637827019079756,3.1415926535897927,0.35,3465131.189399222,ST,0.02613838003420163
orbit_a0.3600.bin,1.0,0.11111111111111112,0.2,True,0.028637827019079756,3.1415926535897927,0.36,1998800.2474331215,CA,
