file,m_A (Msun),m_B (Msun),e,apapse,m_P (Msun),l (rad),a (AU),t_stop (day),stability,delta_r
orbit_a0.13.bin,1.0,2.333333333333333,0.3,True,0.0,0.0,0.13,2000594.4249770087,ST,0.034214825577562044
orbit_a0.14.bin,1.0,2.333333333333333,0.3,True,0.0,0.0,0.14,2000594.4249770087,ST,0.04143763651144074
orbit_a0.15.bin,1.0,2.333333333333333,0.3,True,0.0,0.0,0.15,2000594.4249770087,ST,0.04346005680269277
orbit_a0.16.bin,1.0,2.333333333333333,0.3,True,0.0,0.0,0.16,28946.869029534286,CA,
