file,m_A (Msun),m_B (Msun),e,apapse,m_P (Msun),l (rad),a (AU),t_stop (day),stability,delta_r
orbit_p0.0500.bin,1.0,4.0,0.6,False,0.0,1.5707963267948966,0.05,1633478.507816798,ST,0.04219138682877557
orbit_p0.0600.bin,1.0,4.0,0.6,False,0.0,1.5707963267948966,0.06,1633478.507816798,ST,0.0640336642762743
orbit_p0.0700.bin,1.0,4.0,0.6,False,0.0,1.5707963267948966,0.07,32172.909226622254,CA,
orbit_p0.0800.bin,1.0,4.0,0.6,False,0.0,1.5707963267948966,0.08,2933.3908568074585,EJ,
