file,m_A (Msun),m_B (Msun),e,apapse,m_P (Msun),l (rad),a (AU),t_stop (day),stability,delta_r
orbit_p0.0400.bin,1.0,0.25,0.8,False,0.0,4.712388980384691,0.04,3266957.015633596,ST,0.08062006697553092
orbit_p0.0500.bin,1.0,0.25,0.8,False,0.0,4.712388980384691,0.05,3266957.015633596,ST,0.07399174878641235
orbit_p0.0600.bin,1.0,0.25,0.8,False,0.0,4.712388980384691,0.06,544924.6938806084,CA,
orbit_p0.0700.bin,1.0,0.25,0.8,False,0.0,4.712388980384691,0.07,71547.46937038907,CA,
