file,m_A (Msun),m_B (Msun),e,apapse,m_P (Msun),l (rad),a (AU),t_stop (day),stability,delta_r
orbit_a0.0400.bin,1.0,0.25,0.8,True,0.0,4.712388980384691,0.04,3266957.015633596,ST,0.08185946332285465
orbit_a0.0500.bin,1.0,0.25,0.8,True,0.0,4.712388980384691,0.05,3266957.015633596,ST,0.08234940087547875
orbit_a0.0600.bin,1.0,0.25,0.8,True,0.0,4.712388980384691,0.06,901189.728530574,CA,
orbit_a0.0700.bin,1.0,0.25,0.8,True,0.0,4.712388980384691,0.07,50144.14536765036,CA,
