file,m_A (Msun),m_B (Msun),e,apapse,m_P (Msun),l (rad),a (AU),t_stop (day),stability,delta_r
orbit_a0.1300.bin,1.0,4.0,0.1,True,0.000954594233969325,3.1415926535897927,0.13,1633478.507816798,ST,0.01635177041719426
orbit_a0.1400.bin,1.0,4.0,0.1,True,0.000954594233969325,3.1415926535897927,0.14,1633478.507816798,ST,0.02016904600128459
orbit_a0.1500.bin,1.0,4.0,0.1,True,0.000954594233969325,3.1415926535897927,0.15,1633478.507816798,ST,0.02510301132818788
orbit_a0.1600.bin,1.0,4.0,0.1,True,0.000954594233969325,3.1415926535897927,0.16,237454.49204829358,CA,
orbit_a0.1700.bin,1.0,4.0,0.1,True,0.000954594233969325,3.1415926535897927,0.16999999999999998,16294.544206256864,CA,
