file,m_A (Msun),m_B (Msun),e,apapse,m_P (Msun),l (rad),a (AU),t_stop (day),stability,delta_r
orbit_p0.1300.bin,1.0,4.0,0.1,False,0.000954594233969325,3.1415926535897927,0.13,1633478.507816798,ST,0.023025755560567643
orbit_p0.1400.bin,1.0,4.0,0.1,False,0.000954594233969325,3.1415926535897927,0.14,1633478.507816798,ST,0.0298711658646858
orbit_p0.1500.bin,1.0,4.0,0.1,False,0.000954594233969325,3.1415926535897927,0.15,1633478.507816798,ST,0.03867304814490258
orbit_p0.1600.bin,1.0,4.0,0.1,False,0.000954594233969325,3.1415926535897927,0.16,1633478.507816798,ST,0.05041647590816101
orbit_p0.1700.bin,1.0,4.0,0.1,False,0.000954594233969325,3.1415926535897927,0.16999999999999998,1633478.507816798,ST,0.05609878021926336
