file,m_A (Msun),m_B (Msun),e,apapse,m_P (Msun),l (rad),a (AU),t_stop (day),stability,delta_r
orbit_p0.0600.bin,1.0,1.4999999999999998,0.6,False,0.028637827019079756,4.712388980384691,0.06,2310087.4595994814,ST,0.04356170391168564
orbit_p0.0700.bin,1.0,1.4999999999999998,0.6,False,0.028637827019079756,4.712388980384691,0.07,2310087.4595994814,ST,0.04941222103406121
orbit_p0.0800.bin,1.0,1.4999999999999998,0.6,False,0.028637827019079756,4.712388980384691,0.08,2310087.4595994814,ST,0.06525033312076942
orbit_p0.0900.bin,1.0,1.4999999999999998,0.6,False,0.028637827019079756,4.712388980384691,0.09,66281.84222484344,CA,
orbit_p0.1000.bin,1.0,1.4999999999999998,0.6,False,0.028637827019079756,4.712388980384691,0.1,32957.16360873377,EJ,
