file,m_A (Msun),m_B (Msun),e,apapse,m_P (Msun),l (rad),a (AU),t_stop (day),stability,delta_r
orbit_a0.0600.bin,1.0,1.4999999999999998,0.6,True,0.028637827019079756,4.712388980384691,0.06,2310087.4595994814,ST,0.04266349559048094
orbit_a0.0700.bin,1.0,1.4999999999999998,0.6,True,0.028637827019079756,4.712388980384691,0.07,2310087.4595994814,ST,0.044999067676899346
orbit_a0.0800.bin,1.0,1.4999999999999998,0.6,True,0.028637827019079756,4.712388980384691,0.08,2310087.4595994814,ST,0.04392718522323525
orbit_a0.0900.bin,1.0,1.4999999999999998,0.6,True,0.028637827019079756,4.712388980384691,0.09,2310087.4595994814,ST,0.23349925024128307
orbit_a0.1000.bin,1.0,1.4999999999999998,0.6,True,0.028637827019079756,4.712388980384691,0.1,94029.3645736202,CA,
