file,m_A (Msun),m_B (Msun),e,apapse,m_P (Msun),l (rad),a (AU),t_stop (day),stability,delta_r
orbit_a0.06.bin,1.0,0.4285714285714286,0.7,True,0.0,3.1415926535897927,0.06,3055958.462454599,ST,0.0695777780777489
orbit_a0.07.bin,1.0,0.4285714285714286,0.7,True,0.0,3.1415926535897927,0.07,3055958.462454599,ST,0.07797515082125239
orbit_a0.08.bin,1.0,0.4285714285714286,0.7,True,0.0,3.1415926535897927,0.08,3055958.462454599,ST,0.1054950880466762
orbit_a0.09.bin,1.0,0.4285714285714286,0.7,True,0.0,3.1415926535897927,0.09,82964.56859382655,CA,
