file,m_A (Msun),m_B (Msun),e,apapse,m_P (Msun),l (rad),a (AU),t_stop (day),stability,delta_r
orbit_a0.2500.bin,1.0,0.25,0.2,True,0.000954594233969325,3.1415926535897927,0.25,3266957.015633596,ST,0.035114217869067404
orbit_a0.2600.bin,1.0,0.25,0.2,True,0.000954594233969325,3.1415926535897927,0.26,3266957.015633596,ST,0.029576317334564856
orbit_a0.2700.bin,1.0,0.25,0.2,True,0.000954594233969325,3.1415926535897927,0.27,3266957.015633596,ST,0.02735915178588638
orbit_a0.2800.bin,1.0,0.25,0.2,True,0.000954594233969325,3.1415926535897927,0.28,3266957.015633596,ST,0.02198503202056429
orbit_a0.2900.bin,1.0,0.25,0.2,True,0.000954594233969325,3.1415926535897927,0.29000000000000004,1097571.5432423651,CA,
