file,m_A (Msun),m_B (Msun),e,apapse,m_P (Msun),l (rad),a (AU),t_stop (day),stability,delta_r
orbit_p0.2500.bin,1.0,0.25,0.2,False,0.000954594233969325,3.1415926535897927,0.25,3266957.015633596,ST,0.026134893459337054
orbit_p0.2600.bin,1.0,0.25,0.2,False,0.000954594233969325,3.1415926535897927,0.26,3266957.015633596,ST,0.026379708464801983
orbit_p0.2700.bin,1.0,0.25,0.2,False,0.000954594233969325,3.1415926535897927,0.27,3266957.015633596,ST,0.025207340495819124
orbit_p0.2800.bin,1.0,0.25,0.2,False,0.000954594233969325,3.1415926535897927,0.28,3266957.015633596,ST,0.02896106414227282
orbit_p0.2900.bin,1.0,0.25,0.2,False,0.000954594233969325,3.1415926535897927,0.29000000000000004,3266957.015633596,ST,0.10808158493663576
