file,m_A (Msun),m_B (Msun),e,apapse,m_P (Msun),l (rad),a (AU),t_stop (day),stability,delta_r
orbit_a0.44.bin,1.0,0.1111111111111111,0.0,True,0.0,4.712388980384691,0.44,3465131.189399222,ST,0.06856271291374577
orbit_a0.45.bin,1.0,0.1111111111111111,0.0,True,0.0,4.712388980384691,0.45,3465131.189399222,ST,0.09638836774801478
orbit_a0.46.bin,1.0,0.1111111111111111,0.0,True,0.0,4.712388980384691,0.46,127889.55026031984,CA,
orbit_a0.47.bin,1.0,0.1111111111111111,0.0,True,0.0,4.712388980384691,0.47,3279.2692814129296,CA,
