file,m_A (Msun),m_B (Msun),e,apapse,m_P (Msun),l (rad),a (AU),t_stop (day),stability,delta_r
orbit_p0.44.bin,1.0,0.1111111111111111,0.0,False,0.0,4.712388980384691,0.44,3465131.189399222,ST,0.06874882385215549
orbit_p0.45.bin,1.0,0.1111111111111111,0.0,False,0.0,4.712388980384691,0.45,3465131.189399222,ST,0.09652237966253419
orbit_p0.46.bin,1.0,0.1111111111111111,0.0,False,0.0,4.712388980384691,0.46,38664.1183854468,CA,
orbit_p0.47.bin,1.0,0.1111111111111111,0.0,False,0.0,4.712388980384691,0.47,25711.96164530407,EJ,
