file,m_A (Msun),m_B (Msun),e,apapse,m_P (Msun),l (rad),a (AU),t_stop (day),stability,delta_r
orbit_p0.2100.bin,1.0,0.6666666666666667,0.2,False,0.028637827019079756,3.1415926535897927,0.21,2829267.7686104896,ST,0.024932688502911044
orbit_p0.2200.bin,1.0,0.6666666666666667,0.2,False,0.028637827019079756,3.1415926535897927,0.22,2829267.7686104896,ST,0.029203414774724934
orbit_p0.2300.bin,1.0,0.6666666666666667,0.2,False,0.028637827019079756,3.1415926535897927,0.23,2829267.7686104896,ST,0.03361174649056576
orbit_p0.2400.bin,1.0,0.6666666666666667,0.2,False,0.028637827019079756,3.1415926535897927,0.24,2829267.7686104896,ST,0.06232635737695862
orbit_p0.2500.bin,1.0,0.6666666666666667,0.2,False,0.028637827019079756,3.1415926535897927,0.25,2829267.7686104896,ST,0.04562892934261671
