file,m_A (Msun),m_B (Msun),e,apapse,m_P (Msun),l (rad),a (AU),t_stop (day),stability,delta_r
orbit_p0.0300.bin,1.0,0.6666666666666667,0.8,False,0.0,1.5707963267948966,0.03,2829267.7686104896,ST,0.05818471908888765
orbit_p0.0400.bin,1.0,0.6666666666666667,0.8,False,0.0,1.5707963267948966,0.04,2829267.7686104896,ST,0.0716397959897709
orbit_p0.0500.bin,1.0,0.6666666666666667,0.8,False,0.0,1.5707963267948966,0.05,222375.33936003072,CA,
orbit_p0.0600.bin,1.0,0.6666666666666667,0.8,False,0.0,1.5707963267948966,0.06,4235.129006291132,CA,
