file,m_A (Msun),m_B (Msun),e,apapse,m_P (Msun),l (rad),a (AU),t_stop (day),stability,delta_r
orbit_p0.06.bin,1.0,0.4285714285714286,0.7,False,0.0,4.712388980384691,0.06,3055958.462454599,ST,0.06996518596032081
orbit_p0.07.bin,1.0,0.4285714285714286,0.7,False,0.0,4.712388980384691,0.07,3055958.462454599,ST,0.07373430289366972
orbit_p0.08.bin,1.0,0.4285714285714286,0.7,False,0.0,4.712388980384691,0.08,3055958.462454599,ST,0.220147279011761
orbit_p0.09.bin,1.0,0.4285714285714286,0.7,False,0.0,4.712388980384691,0.09,223383.44504528356,CA,
