file,m_A (Msun),m_B (Msun),e,apapse,m_P (Msun),l (rad),a (AU),t_stop (day),stability,delta_r
orbit_a0.06.bin,1.0,0.4285714285714286,0.7,True,0.0,4.712388980384691,0.06,3055958.462454599,ST,0.0701535718986294
orbit_a0.07.bin,1.0,0.4285714285714286,0.7,True,0.0,4.712388980384691,0.07,3055958.462454599,ST,0.07228289596957305
orbit_a0.08.bin,1.0,0.4285714285714286,0.7,True,0.0,4.712388980384691,0.08,3055958.462454599,ST,0.13574309805050508
orbit_a0.09.bin,1.0,0.4285714285714286,0.7,True,0.0,4.712388980384691,0.09,65239.04343680007,CA,
