file,m_A (Msun),m_B (Msun),e,apapse,m_P (Msun),l (rad),a (AU),t_stop (day),stability,delta_r
orbit_a0.19.bin,1.0,1.0,0.2,True,0.0,3.1415926535897927,0.19,2582756.29681712,ST,0.027102343196721883
orbit_a0.20.bin,1.0,1.0,0.2,True,0.0,3.1415926535897927,0.2,2582756.29681712,ST,0.027446316023164868
orbit_a0.21.bin,1.0,1.0,0.2,True,0.0,3.1415926535897927,0.21,2582756.29681712,ST,0.03113001045756161
orbit_a0.22.bin,1.0,1.0,0.2,True,0.0,3.1415926535897927,0.22,2582756.29681712,ST,0.038111433864443656
