file,m_A (Msun),m_B (Msun),e,apapse,m_P (Msun),l (rad),a (AU),t_stop (day),stability,delta_r
orbit_a0.1900.bin,1.0,0.4285714285714286,0.3,True,0.028637827019079756,3.1415926535897927,0.19,3055958.462454599,ST,0.039028915741332736
orbit_a0.2000.bin,1.0,0.4285714285714286,0.3,True,0.028637827019079756,3.1415926535897927,0.2,3055958.462454599,ST,0.04176112619035923
orbit_a0.2100.bin,1.0,0.4285714285714286,0.3,True,0.028637827019079756,3.1415926535897927,0.21,3055958.462454599,ST,0.034603787369046436
orbit_a0.2200.bin,1.0,0.4285714285714286,0.3,True,0.028637827019079756,3.1415926535897927,0.22,3055958.462454599,ST,0.026456770366419115
orbit_a0.2300.bin,1.0,0.4285714285714286,0.3,True,0.028637827019079756,3.1415926535897927,0.23,537190.0024992963,CA,
