file,m_A (Msun),m_B (Msun),e,apapse,m_P (Msun),l (rad),a (AU),t_stop (day),stability,delta_r
orbit_p0.1900.bin,1.0,0.4285714285714286,0.3,False,0.028637827019079756,3.1415926535897927,0.19,3055958.462454599,ST,0.032172400074431395
orbit_p0.2000.bin,1.0,0.4285714285714286,0.3,False,0.028637827019079756,3.1415926535897927,0.2,3055958.462454599,ST,0.030254048208481876
orbit_p0.2100.bin,1.0,0.4285714285714286,0.3,False,0.028637827019079756,3.1415926535897927,0.21,3055958.462454599,ST,0.05829417718556603
orbit_p0.2200.bin,1.0,0.4285714285714286,0.3,False,0.028637827019079756,3.1415926535897927,0.22,3055958.462454599,ST,0.030578056757578704
orbit_p0.2300.bin,1.0,0.4285714285714286,0.3,False,0.028637827019079756,3.1415926535897927,0.23,785750.7581398793,CA,
