file,m_A (Msun),m_B (Msun),e,apapse,m_P (Msun),l (rad),a (AU),t_stop (day),stability,delta_r
orbit_p0.0500.bin,1.0,0.6666666666666667,0.7,False,0.000954594233969325,0.0,0.05,2829267.7686104896,ST,0.05992873426285326
orbit_p0.0600.bin,1.0,0.6666666666666667,0.7,False,0.000954594233969325,0.0,0.06000000000000001,2829267.7686104896,ST,0.06972783180535773
orbit_p0.0700.bin,1.0,0.6666666666666667,0.7,False,0.000954594233969325,0.0,0.07,2829267.7686104896,ST,0.07391096720217669
orbit_p0.0800.bin,1.0,0.6666666666666667,0.7,False,0.000954594233969325,0.0,0.08,459571.88614524994,CA,
orbit_p0.0900.bin,1.0,0.6666666666666667,0.7,False,0.000954594233969325,0.0,0.09000000000000001,32546.762147358266,CA,
