file,m_A (Msun),m_B (Msun),e,apapse,m_P (Msun),l (rad),a (AU),t_stop (day),stability,delta_r
orbit_p0.2100.bin,1.0,0.6666666666666667,0.2,False,0.028637827019079756,4.712388980384691,0.21,2829267.7686104896,ST,0.0428545460345232
orbit_p0.2200.bin,1.0,0.6666666666666667,0.2,False,0.028637827019079756,4.712388980384691,0.22,2829267.7686104896,ST,0.06553241267975295
orbit_p0.2300.bin,1.0,0.6666666666666667,0.2,False,0.028637827019079756,4.712388980384691,0.23,2829267.7686104896,ST,0.10940209925406526
orbit_p0.2400.bin,1.0,0.6666666666666667,0.2,False,0.028637827019079756,4.712388980384691,0.24,331150.79138154705,CA,
orbit_p0.2500.bin,1.0,0.6666666666666667,0.2,False,0.028637827019079756,4.712388980384691,0.25,24471.02245037584,CA,
