file,m_A (Msun),m_B (Msun),e,apapse,m_P (Msun),l (rad),a (AU),t_stop (day),stability,delta_r
orbit_a0.2100.bin,1.0,0.6666666666666667,0.2,True,0.028637827019079756,4.712388980384691,0.21,2829267.7686104896,ST,0.0324621736261441
orbit_a0.2200.bin,1.0,0.6666666666666667,0.2,True,0.028637827019079756,4.712388980384691,0.22,2829267.7686104896,ST,0.03457737673818106
orbit_a0.2300.bin,1.0,0.6666666666666667,0.2,True,0.028637827019079756,4.712388980384691,0.23,2829267.7686104896,ST,0.039230802110207415
orbit_a0.2400.bin,1.0,0.6666666666666667,0.2,True,0.028637827019079756,4.712388980384691,0.24,2829267.7686104896,ST,0.04666761293683499
orbit_a0.2500.bin,1.0,0.6666666666666667,0.2,True,0.028637827019079756,4.712388980384691,0.25,2829267.7686104896,ST,0.04785271930615832
