file,m_A (Msun),m_B (Msun),e,apapse,m_P (Msun),l (rad),a (AU),t_stop (day),stability,delta_r
orbit_a0.0800.bin,1.0,4.0,0.4,True,0.000954594233969325,1.5707963267948966,0.08,1633478.507816798,ST,0.030305065307020068
orbit_a0.0900.bin,1.0,4.0,0.4,True,0.000954594233969325,1.5707963267948966,0.09000000000000001,1633478.507816798,ST,0.030780724125785804
orbit_a0.1000.bin,1.0,4.0,0.4,True,0.000954594233969325,1.5707963267948966,0.1,1633478.507816798,ST,0.03270897284657097
orbit_a0.1100.bin,1.0,4.0,0.4,True,0.000954594233969325,1.5707963267948966,0.11,1633478.507816798,ST,0.03637734274156296
orbit_a0.1200.bin,1.0,4.0,0.4,True,0.000954594233969325,1.5707963267948966,0.12,13150.031909612837,CA,
