file,m_A (Msun),m_B (Msun),e,apapse,m_P (Msun),l (rad),a (AU),t_stop (day),stability,delta_r
orbit_p0.0800.bin,1.0,4.0,0.4,False,0.000954594233969325,1.5707963267948966,0.08,1633478.507816798,ST,0.038500393582784787
orbit_p0.0900.bin,1.0,4.0,0.4,False,0.000954594233969325,1.5707963267948966,0.09000000000000001,1633478.507816798,ST,0.058418698843490116
orbit_p0.1000.bin,1.0,4.0,0.4,False,0.000954594233969325,1.5707963267948966,0.1,1633478.507816798,ST,0.09939073135393038
orbit_p0.1100.bin,1.0,4.0,0.4,False,0.000954594233969325,1.5707963267948966,0.11,5602.9780840421545,EJ,
orbit_p0.1200.bin,1.0,4.0,0.4,False,0.000954594233969325,1.5707963267948966,0.12,3326.5378952887672,CB,
