file,m_A (Msun),m_B (Msun),e,apapse,m_P (Msun),l (rad),a (AU),t_stop (day),stability,delta_r
orbit_a0.0300.bin,1.0,0.11111111111111112,0.8,True,0.028637827019079756,4.712388980384691,0.03,3465131.189399222,ST,0.06729076550073927
orbit_a0.0400.bin,1.0,0.11111111111111112,0.8,True,0.028637827019079756,4.712388980384691,0.04,3465131.189399222,ST,0.08851128784077919
orbit_a0.0500.bin,1.0,0.11111111111111112,0.8,True,0.028637827019079756,4.712388980384691,0.05,3465131.189399222,ST,0.12177521411972116
orbit_a0.0600.bin,1.0,0.11111111111111112,0.8,True,0.028637827019079756,4.712388980384691,0.06,919499.0516701607,CA,
orbit_a0.0700.bin,1.0,0.11111111111111112,0.8,True,0.028637827019079756,4.712388980384691,0.07,93690.73241406148,CA,
