file,m_A (Msun),m_B (Msun),e,apapse,m_P (Msun),l (rad),a (AU),t_stop (day),stability,delta_r
orbit_p0.0300.bin,1.0,0.11111111111111112,0.8,False,0.028637827019079756,4.712388980384691,0.03,3465131.189399222,ST,0.06683294376958437
orbit_p0.0400.bin,1.0,0.11111111111111112,0.8,False,0.028637827019079756,4.712388980384691,0.04,3465131.189399222,ST,0.0882014473419764
orbit_p0.0500.bin,1.0,0.11111111111111112,0.8,False,0.028637827019079756,4.712388980384691,0.05,3465131.189399222,ST,0.10367978273936544
orbit_p0.0600.bin,1.0,0.11111111111111112,0.8,False,0.028637827019079756,4.712388980384691,0.06,3465131.189399222,ST,0.1911951683429164
orbit_p0.0700.bin,1.0,0.11111111111111112,0.8,False,0.028637827019079756,4.712388980384691,0.07,216651.2347547285,EJ,
