file,m_A (Msun),m_B (Msun),e,apapse,m_P (Msun),l (rad),a (AU),t_stop (day),stability,delta_r
orbit_p0.06.bin,1.0,0.4285714285714286,0.7,False,0.0,0.0,0.06,3055958.462454599,ST,0.07249507455370603
orbit_p0.07.bin,1.0,0.4285714285714286,0.7,False,0.0,0.0,0.07,3055958.462454599,ST,0.08595732582800673
orbit_p0.08.bin,1.0,0.4285714285714286,0.7,False,0.0,0.0,0.08,3055958.462454599,ST,0.10839296772709779
orbit_p0.09.bin,1.0,0.4285714285714286,0.7,False,0.0,0.0,0.09,201097.14103925106,CA,
