file,m_A (Msun),m_B (Msun),e,apapse,m_P (Msun),l (rad),a (AU),t_stop (day),stability,delta_r
orbit_p0.0900.bin,1.0,0.6666666666666667,0.6,False,0.0,3.1415926535897927,0.09,2829267.7686104896,ST,0.048278210336113646
orbit_p0.1000.bin,1.0,0.6666666666666667,0.6,False,0.0,3.1415926535897927,0.1,2829267.7686104896,ST,0.034550287142566465
orbit_p0.1100.bin,1.0,0.6666666666666667,0.6,False,0.0,3.1415926535897927,0.11,1738036.962823931,CA,
orbit_p0.1200.bin,1.0,0.6666666666666667,0.6,False,0.0,3.1415926535897927,0.12,2201165.7607612927,CA,
