file,m_A (Msun),m_B (Msun),e,apapse,m_P (Msun),l (rad),a (AU),t_stop (day),stability,delta_r
orbit_a0.0900.bin,1.0,0.6666666666666667,0.6,True,0.0,3.1415926535897927,0.09,2829267.7686104896,ST,0.05867985323221736
orbit_a0.1000.bin,1.0,0.6666666666666667,0.6,True,0.0,3.1415926535897927,0.1,2829267.7686104896,ST,0.05706416405277932
orbit_a0.1100.bin,1.0,0.6666666666666667,0.6,True,0.0,3.1415926535897927,0.11,473184.6225856653,CA,
orbit_a0.1200.bin,1.0,0.6666666666666667,0.6,True,0.0,3.1415926535897927,0.12,122390.4982993419,CA,
