file,m_A (Msun),m_B (Msun),e,apapse,m_P (Msun),l (rad),a (AU),t_stop (day),stability,delta_r
orbit_a0.1800.bin,1.0,0.6666666666666667,0.3,True,0.0,3.1415926535897927,0.18,2829267.7686104896,ST,0.03691225072701793
orbit_a0.1900.bin,1.0,0.6666666666666667,0.3,True,0.0,3.1415926535897927,0.19,2829267.7686104896,ST,0.03895366904386818
orbit_a0.2000.bin,1.0,0.6666666666666667,0.3,True,0.0,3.1415926535897927,0.2,2829267.7686104896,ST,0.030617653878647493
orbit_a0.2100.bin,1.0,0.6666666666666667,0.3,True,0.0,3.1415926535897927,0.21,2829267.7686104896,ST,0.026280203980203497
