file,m_A (Msun),m_B (Msun),e,apapse,m_P (Msun),l (rad),a (AU),t_stop (day),stability,delta_r
orbit_p0.1800.bin,1.0,0.6666666666666667,0.3,False,0.0,3.1415926535897927,0.18,2829267.7686104896,ST,0.02765633089980568
orbit_p0.1900.bin,1.0,0.6666666666666667,0.3,False,0.0,3.1415926535897927,0.19,2829267.7686104896,ST,0.029541502221840103
orbit_p0.2000.bin,1.0,0.6666666666666667,0.3,False,0.0,3.1415926535897927,0.2,2829267.7686104896,ST,0.05410319780248044
orbit_p0.2100.bin,1.0,0.6666666666666667,0.3,False,0.0,3.1415926535897927,0.21,2829267.7686104896,ST,0.04037146672336011
