file,m_A (Msun),m_B (Msun),e,apapse,m_P (Msun),l (rad),a (AU),t_stop (day),stability,delta_r
orbit_a0.0300.bin,1.0,1.4999999999999998,0.7,True,0.028637827019079756,0.0,0.03,2310087.4595994814,ST,0.03532976427022721
orbit_a0.0400.bin,1.0,1.4999999999999998,0.7,True,0.028637827019079756,0.0,0.04,2310087.4595994814,ST,0.043698713453329006
orbit_a0.0500.bin,1.0,1.4999999999999998,0.7,True,0.028637827019079756,0.0,0.05,2310087.4595994814,ST,0.047433485074228725
orbit_a0.0600.bin,1.0,1.4999999999999998,0.7,True,0.028637827019079756,0.0,0.06000000000000001,2310087.4595994814,ST,0.043185957842510274
orbit_a0.0700.bin,1.0,1.4999999999999998,0.7,True,0.028637827019079756,0.0,0.07,129846.34006101449,CA,
