file,m_A (Msun),m_B (Msun),e,apapse,m_P (Msun),l (rad),a (AU),t_stop (day),stability,delta_r
orbit_p0.0300.bin,1.0,1.4999999999999998,0.7,False,0.028637827019079756,0.0,0.03,2310087.4595994814,ST,0.03606744366654277
orbit_p0.0400.bin,1.0,1.4999999999999998,0.7,False,0.028637827019079756,0.0,0.04,2310087.4595994814,ST,0.04640655247213073
orbit_p0.0500.bin,1.0,1.4999999999999998,0.7,False,0.028637827019079756,0.0,0.05,2310087.4595994814,ST,0.05522786110798675
orbit_p0.0600.bin,1.0,1.4999999999999998,0.7,False,0.028637827019079756,0.0,0.06000000000000001,2310087.4595994814,ST,0.06890175339547748
orbit_p0.0700.bin,1.0,1.4999999999999998,0.7,False,0.028637827019079756,0.0,0.07,70119.99626315362,CA,
