file,m_A (Msun),m_B (Msun),e,apapse,m_P (Msun),l (rad),a (AU),t_stop (day),stability,delta_r
orbit_p0.0800.bin,1.0,9.0,0.2,False,0.000954594233969325,0.0,0.08,1155043.7297997407,ST,0.02293963427667843
orbit_p0.0900.bin,1.0,9.0,0.2,False,0.000954594233969325,0.0,0.09000000000000001,1155043.7297997407,ST,0.029958750082693643
orbit_p0.1000.bin,1.0,9.0,0.2,False,0.000954594233969325,0.0,0.1,1155043.7297997407,ST,0.04184281928213485
orbit_p0.1100.bin,1.0,9.0,0.2,False,0.000954594233969325,0.0,0.11,1155043.7297997407,ST,0.053270343408024334
orbit_p0.1200.bin,1.0,9.0,0.2,False,0.000954594233969325,0.0,0.12,73827.688275529,CA,
