file,m_A (Msun),m_B (Msun),e,apapse,m_P (Msun),l (rad),a (AU),t_stop (day),stability,delta_r
orbit_p0.1200.bin,1.0,1.4999999999999998,0.4,False,0.0,1.5707963267948966,0.12,2310087.4595994814,ST,0.056969811660565556
orbit_p0.1300.bin,1.0,1.4999999999999998,0.4,False,0.0,1.5707963267948966,0.13,2310087.4595994814,ST,0.08344146498543178
orbit_p0.1400.bin,1.0,1.4999999999999998,0.4,False,0.0,1.5707963267948966,0.14,1184216.574907169,CA,
orbit_p0.1500.bin,1.0,1.4999999999999998,0.4,False,0.0,1.5707963267948966,0.15,9495.052831810704,CA,
