file,m_A (Msun),m_B (Msun),e,apapse,m_P (Msun),l (rad),a (AU),t_stop (day),stability,delta_r
orbit_a0.1500.bin,1.0,0.6666666666666667,0.4,True,0.0,1.5707963267948966,0.15,2829267.7686104896,ST,0.04859050393415074
orbit_a0.1600.bin,1.0,0.6666666666666667,0.4,True,0.0,1.5707963267948966,0.16,2829267.7686104896,ST,0.054830190328744574
orbit_a0.1700.bin,1.0,0.6666666666666667,0.4,True,0.0,1.5707963267948966,0.17,2829267.7686104896,ST,0.04938817231978226
orbit_a0.1800.bin,1.0,0.6666666666666667,0.4,True,0.0,1.5707963267948966,0.18,685441.0197982828,CA,
