file,m_A (Msun),m_B (Msun),e,apapse,m_P (Msun),l (rad),a (AU),t_stop (day),stability,delta_r
orbit_p0.1400.bin,1.0,0.6666666666666667,0.4,False,0.000954594233969325,3.1415926535897927,0.14,2829267.7686104896,ST,0.03543642198497553
orbit_p0.1500.bin,1.0,0.6666666666666667,0.4,False,0.000954594233969325,3.1415926535897927,0.15,2829267.7686104896,ST,0.03587237729132889
orbit_p0.1600.bin,1.0,0.6666666666666667,0.4,False,0.000954594233969325,3.1415926535897927,0.16,2829267.7686104896,ST,0.033976373370898705
orbit_p0.1700.bin,1.0,0.6666666666666667,0.4,False,0.000954594233969325,3.1415926535897927,0.17,2829267.7686104896,ST,0.035382805651964784
orbit_p0.1800.bin,1.0,0.6666666666666667,0.4,False,0.000954594233969325,3.1415926535897927,0.18,2829267.7686104896,ST,0.0371043836973299
