file,m_A (Msun),m_B (Msun),e,apapse,m_P (Msun),l (rad),a (AU),t_stop (day),stability,delta_r
orbit_p0.1000.bin,1.0,0.25,0.6,False,0.000954594233969325,3.1415926535897927,0.1,3266957.015633596,ST,0.07025824200096345
orbit_p0.1100.bin,1.0,0.25,0.6,False,0.000954594233969325,3.1415926535897927,0.11,3266957.015633596,ST,0.07098299740177033
orbit_p0.1200.bin,1.0,0.25,0.6,False,0.000954594233969325,3.1415926535897927,0.12,3266957.015633596,ST,0.10229894332185284
orbit_p0.1300.bin,1.0,0.25,0.6,False,0.000954594233969325,3.1415926535897927,0.13,3266957.015633596,ST,0.049166883670070397
orbit_p0.1400.bin,1.0,0.25,0.6,False,0.000954594233969325,3.1415926535897927,0.14,508667.9062587032,EJ,
