file,m_A (Msun),m_B (Msun),e,apapse,m_P (Msun),l (rad),a (AU),t_stop (day),stability,delta_r
orbit_p0.0350.bin,1.0,4.0,0.7,False,0.028637827019079756,1.5707963267948966,0.035,1633478.507816798,ST,0.036907973214643564
orbit_p0.0400.bin,1.0,4.0,0.7,False,0.028637827019079756,1.5707963267948966,0.04,1633478.507816798,ST,0.04671369055358451
orbit_p0.0450.bin,1.0,4.0,0.7,False,0.028637827019079756,1.5707963267948966,0.045,1633478.507816798,ST,0.06072318205338243
orbit_p0.0500.bin,1.0,4.0,0.7,False,0.028637827019079756,1.5707963267948966,0.05,434084.9944252128,CA,
orbit_p0.0550.bin,1.0,4.0,0.7,False,0.028637827019079756,1.5707963267948966,0.055,6098.6478644850295,CA,
