file,m_A (Msun),m_B (Msun),e,apapse,m_P (Msun),l (rad),a (AU),t_stop (day),stability,delta_r
orbit_a0.1100.bin,1.0,1.4999999999999998,0.4,True,0.028637827019079756,0.0,0.11,2310087.4595994814,ST,0.03743766837288384
orbit_a0.1200.bin,1.0,1.4999999999999998,0.4,True,0.028637827019079756,0.0,0.12,2310087.4595994814,ST,0.03675367112797082
orbit_a0.1300.bin,1.0,1.4999999999999998,0.4,True,0.028637827019079756,0.0,0.13,2310087.4595994814,ST,0.035796866100516925
orbit_a0.1400.bin,1.0,1.4999999999999998,0.4,True,0.028637827019079756,0.0,0.14,2310087.4595994814,ST,0.041537058304152226
orbit_a0.1500.bin,1.0,1.4999999999999998,0.4,True,0.028637827019079756,0.0,0.15,2310087.4595994814,ST,0.042986086078250316
