file,m_A (Msun),m_B (Msun),e,apapse,m_P (Msun),l (rad),a (AU),t_stop (day),stability,delta_r
orbit_p0.0300.bin,1.0,2.333333333333333,0.7,False,0.028637827019079756,3.1415926535897927,0.03,2000594.4249770087,ST,0.032804038262921824
orbit_p0.0400.bin,1.0,2.333333333333333,0.7,False,0.028637827019079756,3.1415926535897927,0.04,2000594.4249770087,ST,0.034444776752823474
orbit_p0.0500.bin,1.0,2.333333333333333,0.7,False,0.028637827019079756,3.1415926535897927,0.05,2000594.4249770087,ST,0.0342468216471182
orbit_p0.0600.bin,1.0,2.333333333333333,0.7,False,0.028637827019079756,3.1415926535897927,0.06000000000000001,2000594.4249770087,ST,0.08150297783559406
orbit_p0.0700.bin,1.0,2.333333333333333,0.7,False,0.028637827019079756,3.1415926535897927,0.07,25043.09056752421,CA,
