file,m_A (Msun),m_B (Msun),e,apapse,m_P (Msun),l (rad),a (AU),t_stop (day),stability,delta_r
orbit_a0.0700.bin,1.0,1.0,0.6,True,0.028637827019079756,4.712388980384691,0.06999999999999999,2582756.29681712,ST,0.042028727460709694
orbit_a0.0800.bin,1.0,1.0,0.6,True,0.028637827019079756,4.712388980384691,0.08,2582756.29681712,ST,0.051791559186051966
orbit_a0.0900.bin,1.0,1.0,0.6,True,0.028637827019079756,4.712388980384691,0.09,2582756.29681712,ST,0.05126512405665788
orbit_a0.1000.bin,1.0,1.0,0.6,True,0.028637827019079756,4.712388980384691,0.1,447502.2055298971,CA,
orbit_a0.1100.bin,1.0,1.0,0.6,True,0.028637827019079756,4.712388980384691,0.11,47262.684638032566,CA,
