file,m_A (Msun),m_B (Msun),e,apapse,m_P (Msun),l (rad),a (AU),t_stop (day),stability,delta_r
orbit_p0.0700.bin,1.0,1.0,0.6,False,0.028637827019079756,4.712388980384691,0.06999999999999999,2582756.29681712,ST,0.05057041271620424
orbit_p0.0800.bin,1.0,1.0,0.6,False,0.028637827019079756,4.712388980384691,0.08,2582756.29681712,ST,0.0540194351372204
orbit_p0.0900.bin,1.0,1.0,0.6,False,0.028637827019079756,4.712388980384691,0.09,2582756.29681712,ST,0.05976274573738842
orbit_p0.1000.bin,1.0,1.0,0.6,False,0.028637827019079756,4.712388980384691,0.1,118686.36643339992,CA,
orbit_p0.1100.bin,1.0,1.0,0.6,False,0.028637827019079756,4.712388980384691,0.11,20115.57395792656,EJ,
