file,m_A (Msun),m_B (Msun),e,apapse,m_P (Msun),l (rad),a (AU),t_stop (day),stability,delta_r
orbit_a0.0600.bin,1.0,0.25,0.7,True,0.000954594233969325,1.5707963267948966,0.06,3266957.015633596,ST,0.07543985556118052
orbit_a0.0700.bin,1.0,0.25,0.7,True,0.000954594233969325,1.5707963267948966,0.07,3266957.015633596,ST,0.0835715464228175
orbit_a0.0800.bin,1.0,0.25,0.7,True,0.000954594233969325,1.5707963267948966,0.08,3266957.015633596,ST,0.08798335430827074
orbit_a0.0900.bin,1.0,0.25,0.7,True,0.000954594233969325,1.5707963267948966,0.09,683742.1541598829,CA,
orbit_a0.1000.bin,1.0,0.25,0.7,True,0.000954594233969325,1.5707963267948966,0.1,281807.3597976413,CA,
