file,m_A (Msun),m_B (Msun),e,apapse,m_P (Msun),l (rad),a (AU),t_stop (day),stability,delta_r
orbit_p0.0600.bin,1.0,0.25,0.7,False,0.000954594233969325,1.5707963267948966,0.06,3266957.015633596,ST,0.0749518497106203
orbit_p0.0700.bin,1.0,0.25,0.7,False,0.000954594233969325,1.5707963267948966,0.07,3266957.015633596,ST,0.08061517391553602
orbit_p0.0800.bin,1.0,0.25,0.7,False,0.000954594233969325,1.5707963267948966,0.08,3266957.015633596,ST,0.09852092442901124
orbit_p0.0900.bin,1.0,0.25,0.7,False,0.000954594233969325,1.5707963267948966,0.09,2271775.5516896355,CA,
orbit_p0.1000.bin,1.0,0.25,0.7,False,0.000954594233969325,1.5707963267948966,0.1,244901.8150706424,CA,
