file,m_A (Msun),m_B (Msun),e,apapse,m_P (Msun),l (rad),a (AU),t_stop (day),stability,delta_r
orbit_a0.17.bin,1.0,1.0,0.3,True,0.0,1.5707963267948966,0.17,2582756.29681712,ST,0.03289042495923321
orbit_a0.18.bin,1.0,1.0,0.3,True,0.0,1.5707963267948966,0.18,2582756.29681712,ST,0.03890429958665913
orbit_a0.19.bin,1.0,1.0,0.3,True,0.0,1.5707963267948966,0.19,2582756.29681712,ST,0.043968025825874044
orbit_a0.20.bin,1.0,1.0,0.3,True,0.0,1.5707963267948966,0.2,878598.3514980284,CA,
