file,m_A (Msun),m_B (Msun),e,apapse,m_P (Msun),l (rad),a (AU),t_stop (day),stability,delta_r
orbit_p0.2100.bin,1.0,0.6666666666666667,0.2,False,0.000954594233969325,4.712388980384691,0.21,2829267.7686104896,ST,0.04579905194129342
orbit_p0.2200.bin,1.0,0.6666666666666667,0.2,False,0.000954594233969325,4.712388980384691,0.22,2829267.7686104896,ST,0.07109178389316688
orbit_p0.2300.bin,1.0,0.6666666666666667,0.2,False,0.000954594233969325,4.712388980384691,0.23,2829267.7686104896,ST,0.14594274647223784
orbit_p0.2400.bin,1.0,0.6666666666666667,0.2,False,0.000954594233969325,4.712388980384691,0.24,1477692.69597229,CA,
orbit_p0.2500.bin,1.0,0.6666666666666667,0.2,False,0.000954594233969325,4.712388980384691,0.25,39363.84290749109,CA,
