file,m_A (Msun),m_B (Msun),e,apapse,m_P (Msun),l (rad),a (AU),t_stop (day),stability,delta_r
orbit_a0.2100.bin,1.0,0.6666666666666667,0.2,True,0.000954594233969325,4.712388980384691,0.21,2829267.7686104896,ST,0.04363466503934889
orbit_a0.2200.bin,1.0,0.6666666666666667,0.2,True,0.000954594233969325,4.712388980384691,0.22,2829267.7686104896,ST,0.035242756618353945
orbit_a0.2300.bin,1.0,0.6666666666666667,0.2,True,0.000954594233969325,4.712388980384691,0.23,2829267.7686104896,ST,0.04727740847324604
orbit_a0.2400.bin,1.0,0.6666666666666667,0.2,True,0.000954594233969325,4.712388980384691,0.24,2829267.7686104896,ST,0.044104614590005926
orbit_a0.2500.bin,1.0,0.6666666666666667,0.2,True,0.000954594233969325,4.712388980384691,0.25,2829267.7686104896,ST,0.05217213102688751
