file,m_A (Msun),m_B (Msun),e,apapse,m_P (Msun),l (rad),a (AU),t_stop (day),stability,delta_r
orbit_a0.1500.bin,1.0,0.6666666666666667,0.4,True,0.0,4.712388980384691,0.15,2829267.7686104896,ST,0.0481791900649353
orbit_a0.1600.bin,1.0,0.6666666666666667,0.4,True,0.0,4.712388980384691,0.16,2829267.7686104896,ST,0.0526804396108757
orbit_a0.1700.bin,1.0,0.6666666666666667,0.4,True,0.0,4.712388980384691,0.17,2829267.7686104896,ST,0.05771534633391159
orbit_a0.1800.bin,1.0,0.6666666666666667,0.4,True,0.0,4.712388980384691,0.18,1378627.4716161916,CB,
