file,m_A (Msun),m_B (Msun),e,apapse,m_P (Msun),l (rad),a (AU),t_stop (day),stability,delta_r
orbit_p0.1500.bin,1.0,0.6666666666666667,0.4,False,0.0,4.712388980384691,0.15,2829267.7686104896,ST,0.06350085087312334
orbit_p0.1600.bin,1.0,0.6666666666666667,0.4,False,0.0,4.712388980384691,0.16,2829267.7686104896,ST,0.06611362214110839
orbit_p0.1700.bin,1.0,0.6666666666666667,0.4,False,0.0,4.712388980384691,0.17,371182.95369029726,CA,
orbit_p0.1800.bin,1.0,0.6666666666666667,0.4,False,0.0,4.712388980384691,0.18,8798.343407611055,CA,
