file,m_A (Msun),m_B (Msun),e,apapse,m_P (Msun),l (rad),a (AU),t_stop (day),stability,delta_r
orbit_p0.19.bin,1.0,2.333333333333333,0.0,False,0.0,1.5707963267948966,0.19,2000594.4249770087,ST,0.09298549363100221
orbit_p0.20.bin,1.0,2.333333333333333,0.0,False,0.0,1.5707963267948966,0.2,2000594.4249770087,ST,0.21390560217686969
orbit_p0.21.bin,1.0,2.333333333333333,0.0,False,0.0,1.5707963267948966,0.21,729.2562719975191,CA,
orbit_p0.22.bin,1.0,2.333333333333333,0.0,False,0.0,1.5707963267948966,0.22,1080.0982583259718,CA,
