file,m_A (Msun),m_B (Msun),e,apapse,m_P (Msun),l (rad),a (AU),t_stop (day),stability,delta_r
orbit_a0.19.bin,1.0,2.333333333333333,0.0,True,0.0,1.5707963267948966,0.19,2000594.4249770087,ST,0.09657449027445932
orbit_a0.20.bin,1.0,2.333333333333333,0.0,True,0.0,1.5707963267948966,0.2,2000594.4249770087,ST,0.21295876285327353
orbit_a0.21.bin,1.0,2.333333333333333,0.0,True,0.0,1.5707963267948966,0.21,4602.000568691451,CA,
orbit_a0.22.bin,1.0,2.333333333333333,0.0,True,0.0,1.5707963267948966,0.22,103.04027921556965,CA,
