file,m_A (Msun),m_B (Msun),e,apapse,m_P (Msun),l (rad),a (AU),t_stop (day),stability,delta_r
orbit_p0.0300.bin,1.0,2.333333333333333,0.7,False,0.028637827019079756,4.712388980384691,0.03,2000594.4249770087,ST,0.03370181449295038
orbit_p0.0400.bin,1.0,2.333333333333333,0.7,False,0.028637827019079756,4.712388980384691,0.04,2000594.4249770087,ST,0.04206204929743226
orbit_p0.0500.bin,1.0,2.333333333333333,0.7,False,0.028637827019079756,4.712388980384691,0.05,2000594.4249770087,ST,0.06300629820329981
orbit_p0.0600.bin,1.0,2.333333333333333,0.7,False,0.028637827019079756,4.712388980384691,0.06000000000000001,94794.65455438194,CA,
orbit_p0.0700.bin,1.0,2.333333333333333,0.7,False,0.028637827019079756,4.712388980384691,0.07,3133.1071485418474,CA,
