file,m_A (Msun),m_B (Msun),e,apapse,m_P (Msun),l (rad),a (AU),t_stop (day),stability,delta_r
orbit_p0.2200.bin,1.0,1.0,0.1,False,0.000954594233969325,3.1415926535897927,0.22,2582756.29681712,ST,0.035464131439684514
orbit_p0.2300.bin,1.0,1.0,0.1,False,0.000954594233969325,3.1415926535897927,0.23,2582756.29681712,ST,0.038498650999894135
orbit_p0.2400.bin,1.0,1.0,0.1,False,0.000954594233969325,3.1415926535897927,0.24,2582756.29681712,ST,0.044288523605501826
orbit_p0.2500.bin,1.0,1.0,0.1,False,0.000954594233969325,3.1415926535897927,0.25,2582756.29681712,ST,0.05079831696829462
orbit_p0.2600.bin,1.0,1.0,0.1,False,0.000954594233969325,3.1415926535897927,0.26,2582756.29681712,ST,0.056884848965878025
