file,m_A (Msun),m_B (Msun),e,apapse,m_P (Msun),l (rad),a (AU),t_stop (day),stability,delta_r
orbit_a0.1800.bin,1.0,2.333333333333333,0.0,True,0.000954594233969325,3.1415926535897927,0.18000000000000002,2000594.4249770087,ST,0.027147817598264082
orbit_a0.1900.bin,1.0,2.333333333333333,0.0,True,0.000954594233969325,3.1415926535897927,0.19,2000594.4249770087,ST,0.03295171362879344
orbit_a0.2000.bin,1.0,2.333333333333333,0.0,True,0.000954594233969325,3.1415926535897927,0.2,2000594.4249770087,ST,0.03933485505758245
orbit_a0.2100.bin,1.0,2.333333333333333,0.0,True,0.000954594233969325,3.1415926535897927,0.21,2000594.4249770087,ST,0.047225453915663934
orbit_a0.2200.bin,1.0,2.333333333333333,0.0,True,0.000954594233969325,3.1415926535897927,0.22,2000594.4249770087,ST,0.05753470022264184
