file,m_A (Msun),m_B (Msun),e,apapse,m_P (Msun),l (rad),a (AU),t_stop (day),stability,delta_r
orbit_a0.2600.bin,1.0,0.11111111111111112,0.3,True,0.000954594233969325,1.5707963267948966,0.26,3465131.189399222,ST,0.041820061900210315
orbit_a0.2700.bin,1.0,0.11111111111111112,0.3,True,0.000954594233969325,1.5707963267948966,0.27,3465131.189399222,ST,0.06722681108516859
orbit_a0.2800.bin,1.0,0.11111111111111112,0.3,True,0.000954594233969325,1.5707963267948966,0.28,3465131.189399222,ST,0.04747528569480521
orbit_a0.2900.bin,1.0,0.11111111111111112,0.3,True,0.000954594233969325,1.5707963267948966,0.29000000000000004,386824.7720322621,CA,
orbit_a0.3000.bin,1.0,0.11111111111111112,0.3,True,0.000954594233969325,1.5707963267948966,0.30000000000000004,85039.11845940539,CA,
