file,m_A (Msun),m_B (Msun),e,apapse,m_P (Msun),l (rad),a (AU),t_stop (day),stability,delta_r
orbit_p0.2600.bin,1.0,0.11111111111111112,0.3,False,0.000954594233969325,1.5707963267948966,0.26,3465131.189399222,ST,0.07700581110834721
orbit_p0.2700.bin,1.0,0.11111111111111112,0.3,False,0.000954594233969325,1.5707963267948966,0.27,3465131.189399222,ST,0.05684359686946058
orbit_p0.2800.bin,1.0,0.11111111111111112,0.3,False,0.000954594233969325,1.5707963267948966,0.28,3465131.189399222,ST,0.05619050272421521
orbit_p0.2900.bin,1.0,0.11111111111111112,0.3,False,0.000954594233969325,1.5707963267948966,0.29000000000000004,589789.0235026979,CA,
orbit_p0.3000.bin,1.0,0.11111111111111112,0.3,False,0.000954594233969325,1.5707963267948966,0.30000000000000004,2800117.791690023,CA,
