file,m_A (Msun),m_B (Msun),e,apapse,m_P (Msun),l (rad),a (AU),t_stop (day),stability,delta_r
orbit_p0.0800.bin,1.0,0.6666666666666667,0.6,False,0.000954594233969325,3.1415926535897927,0.08,2829267.7686104896,ST,0.05100332531035885
orbit_p0.0900.bin,1.0,0.6666666666666667,0.6,False,0.000954594233969325,3.1415926535897927,0.09000000000000001,2829267.7686104896,ST,0.04809166932573754
orbit_p0.1000.bin,1.0,0.6666666666666667,0.6,False,0.000954594233969325,3.1415926535897927,0.1,2829267.7686104896,ST,0.032631147675328424
orbit_p0.1100.bin,1.0,0.6666666666666667,0.6,False,0.000954594233969325,3.1415926535897927,0.11,752556.0152257857,CA,
orbit_p0.1200.bin,1.0,0.6666666666666667,0.6,False,0.000954594233969325,3.1415926535897927,0.12,273180.4078387519,CA,
