file,m_A (Msun),m_B (Msun),e,apapse,m_P (Msun),l (rad),a (AU),t_stop (day),stability,delta_r
orbit_p0.0300.bin,1.0,2.333333333333333,0.7,False,0.028637827019079756,1.5707963267948966,0.03,2000594.4249770087,ST,0.03418044870997304
orbit_p0.0400.bin,1.0,2.333333333333333,0.7,False,0.028637827019079756,1.5707963267948966,0.04,2000594.4249770087,ST,0.04159843008199538
orbit_p0.0500.bin,1.0,2.333333333333333,0.7,False,0.028637827019079756,1.5707963267948966,0.05,2000594.4249770087,ST,0.057522535112924704
orbit_p0.0600.bin,1.0,2.333333333333333,0.7,False,0.028637827019079756,1.5707963267948966,0.06000000000000001,72147.35908805554,EJ,
orbit_p0.0700.bin,1.0,2.333333333333333,0.7,False,0.028637827019079756,1.5707963267948966,0.07,4089.7200728874873,EJ,
