file,m_A (Msun),m_B (Msun),e,apapse,m_P (Msun),l (rad),a (AU),t_stop (day),stability,delta_r
orbit_a0.1100.bin,1.0,9.0,0.0,True,0.000954594233969325,4.712388980384691,0.11,1155043.7297997407,ST,0.05407264768158879
orbit_a0.1200.bin,1.0,9.0,0.0,True,0.000954594233969325,4.712388980384691,0.12,1155043.7297997407,ST,0.0925048881716084
orbit_a0.1300.bin,1.0,9.0,0.0,True,0.000954594233969325,4.712388980384691,0.13,1155043.7297997407,ST,0.22951679361241242
orbit_a0.1400.bin,1.0,9.0,0.0,True,0.000954594233969325,4.712388980384691,0.14,4693.209844878236,CA,
orbit_a0.1500.bin,1.0,9.0,0.0,True,0.000954594233969325,4.712388980384691,0.15,6305.9205142033325,CA,
