file,m_A (Msun),m_B (Msun),e,apapse,m_P (Msun),l (rad),a (AU),t_stop (day),stability,delta_r
orbit_p0.0200.bin,1.0,4.0,0.8,False,0.0,1.5707963267948966,0.02,1633478.507816798,ST,0.03619046065113888
orbit_p0.0250.bin,1.0,4.0,0.8,False,0.0,1.5707963267948966,0.025,1633478.507816798,ST,0.046077552861149056
orbit_p0.0300.bin,1.0,4.0,0.8,False,0.0,1.5707963267948966,0.03,516341.101247809,CA,
orbit_p0.0350.bin,1.0,4.0,0.8,False,0.0,1.5707963267948966,0.035,8496.732129757893,CA,
