file,m_A (Msun),m_B (Msun),e,apapse,m_P (Msun),l (rad),a (AU),t_stop (day),stability,delta_r
orbit_p0.31.bin,1.0,0.1111111111111111,0.2,False,0.0,3.1415926535897927,0.31,3465131.189399222,ST,0.027614150685309077
orbit_p0.32.bin,1.0,0.1111111111111111,0.2,False,0.0,3.1415926535897927,0.32,3465131.189399222,ST,0.02354455823360617
orbit_p0.33.bin,1.0,0.1111111111111111,0.2,False,0.0,3.1415926535897927,0.33,3465131.189399222,ST,0.04378315771598575
orbit_p0.34.bin,1.0,0.1111111111111111,0.2,False,0.0,3.1415926535897927,0.34,886171.2570457427,CB,
orbit_p0.35.bin,1.0,0.1111111111111111,0.2,False,0.0,3.1415926535897927,0.35,3465131.189399222,ST,0.03198215766393433
orbit_p0.36.bin,1.0,0.1111111111111111,0.2,False,0.0,3.1415926535897927,0.36,3465131.189399222,ST,0.03878680590665744
