file,m_A (Msun),m_B (Msun),e,apapse,m_P (Msun),l (rad),a (AU),t_stop (day),stability,delta_r
orbit_a0.31.bin,1.0,0.1111111111111111,0.2,True,0.0,3.1415926535897927,0.31,3465131.189399222,ST,0.03815613908913727
orbit_a0.32.bin,1.0,0.1111111111111111,0.2,True,0.0,3.1415926535897927,0.32,3465131.189399222,ST,0.03316675086816722
orbit_a0.33.bin,1.0,0.1111111111111111,0.2,True,0.0,3.1415926535897927,0.33,3465131.189399222,ST,0.041618628420339296
orbit_a0.34.bin,1.0,0.1111111111111111,0.2,True,0.0,3.1415926535897927,0.34,3465131.189399222,ST,0.04170168155155461
orbit_a0.35.bin,1.0,0.1111111111111111,0.2,True,0.0,3.1415926535897927,0.35,3465131.189399222,ST,0.027175595120473246
orbit_a0.36.bin,1.0,0.1111111111111111,0.2,True,0.0,3.1415926535897927,0.36,3465131.189399222,ST,0.027634069329830875
