file,m_A (Msun),m_B (Msun),e,apapse,m_P (Msun),l (rad),a (AU),t_stop (day),stability,delta_r
orbit_a0.2200.bin,1.0,0.25,0.3,True,0.028637827019079756,1.5707963267948966,0.22,3266957.015633596,ST,0.04553050797360318
orbit_a0.2300.bin,1.0,0.25,0.3,True,0.028637827019079756,1.5707963267948966,0.23,3266957.015633596,ST,0.060085245977577924
orbit_a0.2400.bin,1.0,0.25,0.3,True,0.028637827019079756,1.5707963267948966,0.24,3266957.015633596,ST,0.04390360425056807
orbit_a0.2500.bin,1.0,0.25,0.3,True,0.028637827019079756,1.5707963267948966,0.25,3266957.015633596,ST,0.03666745138432772
orbit_a0.2600.bin,1.0,0.25,0.3,True,0.028637827019079756,1.5707963267948966,0.26,23018.148220108287,CA,
