file,m_A (Msun),m_B (Msun),e,apapse,m_P (Msun),l (rad),a (AU),t_stop (day),stability,delta_r
orbit_p0.2200.bin,1.0,0.25,0.3,False,0.028637827019079756,1.5707963267948966,0.22,3266957.015633596,ST,0.05221888321435027
orbit_p0.2300.bin,1.0,0.25,0.3,False,0.028637827019079756,1.5707963267948966,0.23,3266957.015633596,ST,0.08568875415678291
orbit_p0.2400.bin,1.0,0.25,0.3,False,0.028637827019079756,1.5707963267948966,0.24,3266957.015633596,ST,0.06205463537553515
orbit_p0.2500.bin,1.0,0.25,0.3,False,0.028637827019079756,1.5707963267948966,0.25,136493.10339324485,CA,
orbit_p0.2600.bin,1.0,0.25,0.3,False,0.028637827019079756,1.5707963267948966,0.26,375814.8742940999,CA,
