file,m_A (Msun),m_B (Msun),e,apapse,m_P (Msun),l (rad),a (AU),t_stop (day),stability,delta_r
orbit_a0.06.bin,1.0,2.333333333333333,0.6,True,0.0,0.0,0.06,2000594.4249770087,ST,0.042319958606545374
orbit_a0.07.bin,1.0,2.333333333333333,0.6,True,0.0,0.0,0.07,2000594.4249770087,ST,0.03974838273529621
orbit_a0.08.bin,1.0,2.333333333333333,0.6,True,0.0,0.0,0.08,791931.0382605118,CA,
orbit_a0.09.bin,1.0,2.333333333333333,0.6,True,0.0,0.0,0.09,14597.550145016758,EJ,
