file,m_A (Msun),m_B (Msun),e,apapse,m_P (Msun),l (rad),a (AU),t_stop (day),stability,delta_r
orbit_p0.06.bin,1.0,2.333333333333333,0.6,False,0.0,0.0,0.06,2000594.4249770087,ST,0.0487023020853691
orbit_p0.07.bin,1.0,2.333333333333333,0.6,False,0.0,0.0,0.07,2000594.4249770087,ST,0.06413874123063712
orbit_p0.08.bin,1.0,2.333333333333333,0.6,False,0.0,0.0,0.08,2000594.4249770087,ST,0.06701856589621065
orbit_p0.09.bin,1.0,2.333333333333333,0.6,False,0.0,0.0,0.09,25378.636879897847,CA,
