file,m_A (Msun),m_B (Msun),e,apapse,m_P (Msun),l (rad),a (AU),t_stop (day),stability,delta_r
orbit_a0.0215.bin,1.0,9.0,0.8,True,0.028637827019079756,4.712388980384691,0.0215,1155043.7297997407,ST,0.028139679677810378
orbit_a0.0220.bin,1.0,9.0,0.8,True,0.028637827019079756,4.712388980384691,0.022000000000000002,1155043.7297997407,ST,0.031730105801103595
orbit_a0.0225.bin,1.0,9.0,0.8,True,0.028637827019079756,4.712388980384691,0.0225,1155043.7297997407,ST,0.03397102178180906
orbit_a0.0230.bin,1.0,9.0,0.8,True,0.028637827019079756,4.712388980384691,0.023,1155043.7297997407,ST,0.05080278222094033
orbit_a0.0235.bin,1.0,9.0,0.8,True,0.028637827019079756,4.712388980384691,0.0235,1155043.7297997407,ST,0.04961352501188242
