file,m_A (Msun),m_B (Msun),e,apapse,m_P (Msun),l (rad),a (AU),t_stop (day),stability,delta_r
orbit_p0.4300.bin,1.0,0.11111111111111112,0.0,False,0.028637827019079756,4.712388980384691,0.43,3465131.189399222,ST,0.04700853915639878
orbit_p0.4400.bin,1.0,0.11111111111111112,0.0,False,0.028637827019079756,4.712388980384691,0.44,273416.7264754335,CA,
orbit_p0.4500.bin,1.0,0.11111111111111112,0.0,False,0.028637827019079756,4.712388980384691,0.45,8038.348230884228,CA,
orbit_p0.4600.bin,1.0,0.11111111111111112,0.0,False,0.028637827019079756,4.712388980384691,0.46,847.4468661523207,CA,
orbit_p0.4700.bin,1.0,0.11111111111111112,0.0,False,0.028637827019079756,4.712388980384691,0.47,7193.0085969633865,CA,
