file,m_A (Msun),m_B (Msun),e,apapse,m_P (Msun),l (rad),a (AU),t_stop (day),stability,delta_r
orbit_a0.4300.bin,1.0,0.11111111111111112,0.0,True,0.028637827019079756,4.712388980384691,0.43,3465131.189399222,ST,0.048129069904860745
orbit_a0.4400.bin,1.0,0.11111111111111112,0.0,True,0.028637827019079756,4.712388980384691,0.44,644470.5674604053,CA,
orbit_a0.4500.bin,1.0,0.11111111111111112,0.0,True,0.028637827019079756,4.712388980384691,0.45,3744.815584756957,CA,
orbit_a0.4600.bin,1.0,0.11111111111111112,0.0,True,0.028637827019079756,4.712388980384691,0.46,33073.2160589635,EJ,
orbit_a0.4700.bin,1.0,0.11111111111111112,0.0,True,0.028637827019079756,4.712388980384691,0.47,30475.676168446564,EJ,
