file,m_A (Msun),m_B (Msun),e,apapse,m_P (Msun),l (rad),a (AU),t_stop (day),stability,delta_r
orbit_p0.1000.bin,1.0,0.25,0.6,False,0.000954594233969325,4.712388980384691,0.1,3266957.015633596,ST,0.08910197029786737
orbit_p0.1100.bin,1.0,0.25,0.6,False,0.000954594233969325,4.712388980384691,0.11,3266957.015633596,ST,0.07577533702671202
orbit_p0.1200.bin,1.0,0.25,0.6,False,0.000954594233969325,4.712388980384691,0.12,3266957.015633596,ST,0.0943643258877252
orbit_p0.1300.bin,1.0,0.25,0.6,False,0.000954594233969325,4.712388980384691,0.13,1764685.9059789688,CA,
orbit_p0.1400.bin,1.0,0.25,0.6,False,0.000954594233969325,4.712388980384691,0.14,189122.14912470567,CA,
