file,m_A (Msun),m_B (Msun),e,apapse,m_P (Msun),l (rad),a (AU),t_stop (day),stability,delta_r
orbit_p0.1800.bin,1.0,0.25,0.4,False,0.028637827019079756,4.712388980384691,0.18,3266957.015633596,ST,0.06434863330230318
orbit_p0.1900.bin,1.0,0.25,0.4,False,0.028637827019079756,4.712388980384691,0.19,3266957.015633596,ST,0.057425629185498615
orbit_p0.2000.bin,1.0,0.25,0.4,False,0.028637827019079756,4.712388980384691,0.2,3266957.015633596,ST,0.06237012291446874
orbit_p0.2100.bin,1.0,0.25,0.4,False,0.028637827019079756,4.712388980384691,0.21,147606.46313117756,CA,
orbit_p0.2200.bin,1.0,0.25,0.4,False,0.028637827019079756,4.712388980384691,0.22,53174.63578695335,CA,
