file,m_A (Msun),m_B (Msun),e,apapse,m_P (Msun),l (rad),a (AU),t_stop (day),stability,delta_r
orbit_p0.1000.bin,1.0,0.25,0.6,False,0.028637827019079756,3.1415926535897927,0.1,3266957.015633596,ST,0.0703174226946306
orbit_p0.1100.bin,1.0,0.25,0.6,False,0.028637827019079756,3.1415926535897927,0.11,3266957.015633596,ST,0.08197714742888612
orbit_p0.1200.bin,1.0,0.25,0.6,False,0.028637827019079756,3.1415926535897927,0.12,513411.3705501536,CA,
orbit_p0.1300.bin,1.0,0.25,0.6,False,0.028637827019079756,3.1415926535897927,0.13,782137.1322906922,CA,
orbit_p0.1400.bin,1.0,0.25,0.6,False,0.028637827019079756,3.1415926535897927,0.14,191229.1521610418,CA,
