file,m_A (Msun),m_B (Msun),e,apapse,m_P (Msun),l (rad),a (AU),t_stop (day),stability,delta_r
orbit_a0.1000.bin,1.0,0.25,0.6,True,0.028637827019079756,3.1415926535897927,0.1,3266957.015633596,ST,0.07605816020654782
orbit_a0.1100.bin,1.0,0.25,0.6,True,0.028637827019079756,3.1415926535897927,0.11,3266957.015633596,ST,0.07300870309090983
orbit_a0.1200.bin,1.0,0.25,0.6,True,0.028637827019079756,3.1415926535897927,0.12,2925481.2718876232,CA,
orbit_a0.1300.bin,1.0,0.25,0.6,True,0.028637827019079756,3.1415926535897927,0.13,266840.9539782471,CA,
orbit_a0.1400.bin,1.0,0.25,0.6,True,0.028637827019079756,3.1415926535897927,0.14,139675.9547450976,CA,
