file,m_A (Msun),m_B (Msun),e,apapse,m_P (Msun),l (rad),a (AU),t_stop (day),stability,delta_r
orbit_a0.0350.bin,1.0,9.0,0.6,True,0.000954594233969325,1.5707963267948966,0.035,1155043.7297997407,ST,0.024973652120675868
orbit_a0.0400.bin,1.0,9.0,0.6,True,0.000954594233969325,1.5707963267948966,0.04,1155043.7297997407,ST,0.02610104559900925
orbit_a0.0450.bin,1.0,9.0,0.6,True,0.000954594233969325,1.5707963267948966,0.045,1155043.7297997407,ST,0.0271394579435189
orbit_a0.0500.bin,1.0,9.0,0.6,True,0.000954594233969325,1.5707963267948966,0.05,1155043.7297997407,ST,0.02692043522533936
orbit_a0.0550.bin,1.0,9.0,0.6,True,0.000954594233969325,1.5707963267948966,0.055,87612.31489858481,CA,
