file,m_A (Msun),m_B (Msun),e,apapse,m_P (Msun),l (rad),a (AU),t_stop (day),stability,delta_r
orbit_p0.0350.bin,1.0,9.0,0.6,False,0.000954594233969325,1.5707963267948966,0.035,1155043.7297997407,ST,0.028890325438665966
orbit_p0.0400.bin,1.0,9.0,0.6,False,0.000954594233969325,1.5707963267948966,0.04,1155043.7297997407,ST,0.037593748383100395
orbit_p0.0450.bin,1.0,9.0,0.6,False,0.000954594233969325,1.5707963267948966,0.045,1155043.7297997407,ST,0.055240260924052174
orbit_p0.0500.bin,1.0,9.0,0.6,False,0.000954594233969325,1.5707963267948966,0.05,1155043.7297997407,ST,0.0724748146996888
orbit_p0.0550.bin,1.0,9.0,0.6,False,0.000954594233969325,1.5707963267948966,0.055,17345.01507126863,CA,
