file,m_A (Msun),m_B (Msun),e,apapse,m_P (Msun),l (rad),a (AU),t_stop (day),stability,delta_r
orbit_a0.0250.bin,1.0,1.4999999999999998,0.8,True,0.028637827019079756,0.0,0.025,2310087.4595994814,ST,0.04481775409051721
orbit_a0.0300.bin,1.0,1.4999999999999998,0.8,True,0.028637827019079756,0.0,0.03,2310087.4595994814,ST,0.04903080385609841
orbit_a0.0350.bin,1.0,1.4999999999999998,0.8,True,0.028637827019079756,0.0,0.035,2310087.4595994814,ST,0.049073194746689426
orbit_a0.0400.bin,1.0,1.4999999999999998,0.8,True,0.028637827019079756,0.0,0.04,2310087.4595994814,ST,0.1459663421757178
orbit_a0.0450.bin,1.0,1.4999999999999998,0.8,True,0.028637827019079756,0.0,0.045000000000000005,194566.0826060085,CA,
