file,m_A (Msun),m_B (Msun),e,apapse,m_P (Msun),l (rad),a (AU),t_stop (day),stability,delta_r
orbit_p0.0250.bin,1.0,1.4999999999999998,0.8,False,0.028637827019079756,0.0,0.025,2310087.4595994814,ST,0.04428385745430587
orbit_p0.0300.bin,1.0,1.4999999999999998,0.8,False,0.028637827019079756,0.0,0.03,2310087.4595994814,ST,0.05377074045015868
orbit_p0.0350.bin,1.0,1.4999999999999998,0.8,False,0.028637827019079756,0.0,0.035,2310087.4595994814,ST,0.06680665213062488
orbit_p0.0400.bin,1.0,1.4999999999999998,0.8,False,0.028637827019079756,0.0,0.04,2310087.4595994814,ST,0.20330159862291247
orbit_p0.0450.bin,1.0,1.4999999999999998,0.8,False,0.028637827019079756,0.0,0.045000000000000005,120931.25512100614,CA,
