file,m_A (Msun),m_B (Msun),e,apapse,m_P (Msun),l (rad),a (AU),t_stop (day),stability,delta_r
orbit_p0.0700.bin,1.0,1.4999999999999998,0.6,False,0.0,0.0,0.07,2310087.4595994814,ST,0.0567157364327166
orbit_p0.0800.bin,1.0,1.4999999999999998,0.6,False,0.0,0.0,0.08,2310087.4595994814,ST,0.06505805014017285
orbit_p0.0900.bin,1.0,1.4999999999999998,0.6,False,0.0,0.0,0.09,2310087.4595994814,ST,0.17466729642459214
orbit_p0.1000.bin,1.0,1.4999999999999998,0.6,False,0.0,0.0,0.1,54973.65654409014,CA,
