file,m_A (Msun),m_B (Msun),e,apapse,m_P (Msun),l (rad),a (AU),t_stop (day),stability,delta_r
orbit_a0.0200.bin,1.0,2.333333333333333,0.8,True,0.000954594233969325,1.5707963267948966,0.02,2000594.4249770087,ST,0.031114213585786987
orbit_a0.0250.bin,1.0,2.333333333333333,0.8,True,0.000954594233969325,1.5707963267948966,0.025,2000594.4249770087,ST,0.04299140547438596
orbit_a0.0300.bin,1.0,2.333333333333333,0.8,True,0.000954594233969325,1.5707963267948966,0.03,2000594.4249770087,ST,0.04557570528217148
orbit_a0.0350.bin,1.0,2.333333333333333,0.8,True,0.000954594233969325,1.5707963267948966,0.035,2000594.4249770087,ST,0.09445992045277746
orbit_a0.0400.bin,1.0,2.333333333333333,0.8,True,0.000954594233969325,1.5707963267948966,0.04,261989.40112532122,CA,
