file,m_A (Msun),m_B (Msun),e,apapse,m_P (Msun),l (rad),a (AU),t_stop (day),stability,delta_r
orbit_a0.0900.bin,1.0,0.4285714285714286,0.6,True,0.000954594233969325,1.5707963267948966,0.09,3055958.462454599,ST,0.0668860574738105
orbit_a0.1000.bin,1.0,0.4285714285714286,0.6,True,0.000954594233969325,1.5707963267948966,0.1,3055958.462454599,ST,0.06665761752237526
orbit_a0.1100.bin,1.0,0.4285714285714286,0.6,True,0.000954594233969325,1.5707963267948966,0.11,3055958.462454599,ST,0.08345191531716235
orbit_a0.1200.bin,1.0,0.4285714285714286,0.6,True,0.000954594233969325,1.5707963267948966,0.12,242662.16216281362,CA,
orbit_a0.1300.bin,1.0,0.4285714285714286,0.6,True,0.000954594233969325,1.5707963267948966,0.13,87269.82482802431,CA,
