file,m_A (Msun),m_B (Msun),e,apapse,m_P (Msun),l (rad),a (AU),t_stop (day),stability,delta_r
orbit_p0.0900.bin,1.0,0.4285714285714286,0.6,False,0.000954594233969325,1.5707963267948966,0.09,3055958.462454599,ST,0.06797492271851653
orbit_p0.1000.bin,1.0,0.4285714285714286,0.6,False,0.000954594233969325,1.5707963267948966,0.1,3055958.462454599,ST,0.08250390701368786
orbit_p0.1100.bin,1.0,0.4285714285714286,0.6,False,0.000954594233969325,1.5707963267948966,0.11,3055958.462454599,ST,0.08090141722211194
orbit_p0.1200.bin,1.0,0.4285714285714286,0.6,False,0.000954594233969325,1.5707963267948966,0.12,349438.17446593783,CA,
orbit_p0.1300.bin,1.0,0.4285714285714286,0.6,False,0.000954594233969325,1.5707963267948966,0.13,70333.84210567999,CA,
