file,m_A (Msun),m_B (Msun),e,apapse,m_P (Msun),l (rad),a (AU),t_stop (day),stability,delta_r
orbit_a0.0150.bin,1.0,4.0,0.8,True,0.000954594233969325,1.5707963267948966,0.015,1633478.507816798,ST,0.028883228805726056
orbit_a0.0200.bin,1.0,4.0,0.8,True,0.000954594233969325,1.5707963267948966,0.02,1633478.507816798,ST,0.03538206704574446
orbit_a0.0250.bin,1.0,4.0,0.8,True,0.000954594233969325,1.5707963267948966,0.025,1633478.507816798,ST,0.037899977619028656
orbit_a0.0300.bin,1.0,4.0,0.8,True,0.000954594233969325,1.5707963267948966,0.03,1633478.507816798,ST,0.12469351754142755
orbit_a0.0350.bin,1.0,4.0,0.8,True,0.000954594233969325,1.5707963267948966,0.035,14948.300086790581,CA,
