file,m_A (Msun),m_B (Msun),e,apapse,m_P (Msun),l (rad),a (AU),t_stop (day),stability,delta_r
orbit_p0.0150.bin,1.0,4.0,0.8,False,0.000954594233969325,1.5707963267948966,0.015,1633478.507816798,ST,0.02927976856131414
orbit_p0.0200.bin,1.0,4.0,0.8,False,0.000954594233969325,1.5707963267948966,0.02,1633478.507816798,ST,0.03661578278707025
orbit_p0.0250.bin,1.0,4.0,0.8,False,0.000954594233969325,1.5707963267948966,0.025,1633478.507816798,ST,0.04757416420027657
orbit_p0.0300.bin,1.0,4.0,0.8,False,0.000954594233969325,1.5707963267948966,0.03,1633478.507816798,ST,0.21408541784119356
orbit_p0.0350.bin,1.0,4.0,0.8,False,0.000954594233969325,1.5707963267948966,0.035,7518.066730859892,CA,
