file,m_A (Msun),m_B (Msun),e,apapse,m_P (Msun),l (rad),a (AU),t_stop (day),stability,delta_r
orbit_p0.040.bin,1.0,9.000000000000002,0.6,False,0.0,0.0,0.04,1155043.7297997407,ST,0.038716375122552174
orbit_p0.045.bin,1.0,9.000000000000002,0.6,False,0.0,0.0,0.045,1155043.7297997407,ST,0.044660434902886126
orbit_p0.050.bin,1.0,9.000000000000002,0.6,False,0.0,0.0,0.05,1155043.7297997407,ST,0.05489028210893877
orbit_p0.055.bin,1.0,9.000000000000002,0.6,False,0.0,0.0,0.055,1155043.7297997407,ST,0.10635175032257399
