file,m_A (Msun),m_B (Msun),e,apapse,m_P (Msun),l (rad),a (AU),t_stop (day),stability,delta_r
orbit_p0.0250.bin,1.0,1.4999999999999998,0.8,False,0.028637827019079756,1.5707963267948966,0.025,2310087.4595994814,ST,0.04373151869458328
orbit_p0.0300.bin,1.0,1.4999999999999998,0.8,False,0.028637827019079756,1.5707963267948966,0.03,2310087.4595994814,ST,0.04942566002842162
orbit_p0.0350.bin,1.0,1.4999999999999998,0.8,False,0.028637827019079756,1.5707963267948966,0.035,2310087.4595994814,ST,0.05674256386884062
orbit_p0.0400.bin,1.0,1.4999999999999998,0.8,False,0.028637827019079756,1.5707963267948966,0.04,433197.12495765404,CA,
orbit_p0.0450.bin,1.0,1.4999999999999998,0.8,False,0.028637827019079756,1.5707963267948966,0.045000000000000005,19546.72788238866,CA,
