file,m_A (Msun),m_B (Msun),e,apapse,m_P (Msun),l (rad),a (AU),t_stop (day),stability,delta_r
orbit_a0.0250.bin,1.0,1.4999999999999998,0.8,True,0.028637827019079756,1.5707963267948966,0.025,2310087.4595994814,ST,0.04477207437755952
orbit_a0.0300.bin,1.0,1.4999999999999998,0.8,True,0.028637827019079756,1.5707963267948966,0.03,2310087.4595994814,ST,0.0484014057222703
orbit_a0.0350.bin,1.0,1.4999999999999998,0.8,True,0.028637827019079756,1.5707963267948966,0.035,2310087.4595994814,ST,0.04939266766906359
orbit_a0.0400.bin,1.0,1.4999999999999998,0.8,True,0.028637827019079756,1.5707963267948966,0.04,886971.3782962874,CA,
orbit_a0.0450.bin,1.0,1.4999999999999998,0.8,True,0.028637827019079756,1.5707963267948966,0.045000000000000005,69351.70830665664,CA,
