file,m_A (Msun),m_B (Msun),e,apapse,m_P (Msun),l (rad),a (AU),t_stop (day),stability,delta_r
orbit_p0.0500.bin,1.0,0.4285714285714286,0.7,False,0.000954594233969325,0.0,0.05,3055958.462454599,ST,0.06393140701446555
orbit_p0.0600.bin,1.0,0.4285714285714286,0.7,False,0.000954594233969325,0.0,0.06000000000000001,3055958.462454599,ST,0.07274062971720072
orbit_p0.0700.bin,1.0,0.4285714285714286,0.7,False,0.000954594233969325,0.0,0.07,3055958.462454599,ST,0.08105523303611989
orbit_p0.0800.bin,1.0,0.4285714285714286,0.7,False,0.000954594233969325,0.0,0.08,3055958.462454599,ST,0.09128467112618224
orbit_p0.0900.bin,1.0,0.4285714285714286,0.7,False,0.000954594233969325,0.0,0.09000000000000001,525638.868716643,CA,
