file,m_A (Msun),m_B (Msun),e,apapse,m_P (Msun),l (rad),a (AU),t_stop (day),stability,delta_r
orbit_a0.0500.bin,1.0,0.4285714285714286,0.7,True,0.000954594233969325,0.0,0.05,3055958.462454599,ST,0.06205689935237168
orbit_a0.0600.bin,1.0,0.4285714285714286,0.7,True,0.000954594233969325,0.0,0.06000000000000001,3055958.462454599,ST,0.07080016396682305
orbit_a0.0700.bin,1.0,0.4285714285714286,0.7,True,0.000954594233969325,0.0,0.07,3055958.462454599,ST,0.06877600980073222
orbit_a0.0800.bin,1.0,0.4285714285714286,0.7,True,0.000954594233969325,0.0,0.08,3055958.462454599,ST,0.09122639669196224
orbit_a0.0900.bin,1.0,0.4285714285714286,0.7,True,0.000954594233969325,0.0,0.09000000000000001,71274.56018743897,CA,
