file,m_A (Msun),m_B (Msun),e,apapse,m_P (Msun),l (rad),a (AU),t_stop (day),stability,delta_r
orbit_p0.3000.bin,1.0,0.25,0.1,False,0.028637827019079756,3.1415926535897927,0.3,3266957.015633596,ST,0.020572990045140366
orbit_p0.3100.bin,1.0,0.25,0.1,False,0.028637827019079756,3.1415926535897927,0.31,3266957.015633596,ST,0.025753525210745122
orbit_p0.3200.bin,1.0,0.25,0.1,False,0.028637827019079756,3.1415926535897927,0.32,3266957.015633596,ST,0.035630124514130786
orbit_p0.3300.bin,1.0,0.25,0.1,False,0.028637827019079756,3.1415926535897927,0.33,3266957.015633596,ST,0.09918165974986061
orbit_p0.3400.bin,1.0,0.25,0.1,False,0.028637827019079756,3.1415926535897927,0.34,3266957.015633596,ST,0.04021207550579107
