file,m_A (Msun),m_B (Msun),e,apapse,m_P (Msun),l (rad),a (AU),t_stop (day),stability,delta_r
orbit_p0.1900.bin,1.0,0.25,0.4,False,0.0,3.1415926535897927,0.19,3266957.015633596,ST,0.06467325380898865
orbit_p0.2000.bin,1.0,0.25,0.4,False,0.0,3.1415926535897927,0.2,3266957.015633596,ST,0.03644581075889401
orbit_p0.2100.bin,1.0,0.25,0.4,False,0.0,3.1415926535897927,0.21,3266957.015633596,ST,0.03849233403207071
orbit_p0.2200.bin,1.0,0.25,0.4,False,0.0,3.1415926535897927,0.22,429386.9187595022,CA,
