file,m_A (Msun),m_B (Msun),e,apapse,m_P (Msun),l (rad),a (AU),t_stop (day),stability,delta_r
orbit_a0.1900.bin,1.0,0.25,0.4,True,0.0,3.1415926535897927,0.19,3266957.015633596,ST,0.03438084037848046
orbit_a0.2000.bin,1.0,0.25,0.4,True,0.0,3.1415926535897927,0.2,3266957.015633596,ST,0.0738235456713598
orbit_a0.2100.bin,1.0,0.25,0.4,True,0.0,3.1415926535897927,0.21,3266957.015633596,ST,0.05329805692624311
orbit_a0.2200.bin,1.0,0.25,0.4,True,0.0,3.1415926535897927,0.22,3266957.015633596,ST,0.04012855119677849
