file,m_A (Msun),m_B (Msun),e,apapse,m_P (Msun),l (rad),a (AU),t_stop (day),stability,delta_r
orbit_p0.1100.bin,1.0,4.0,0.2,False,0.000954594233969325,3.1415926535897927,0.11,1633478.507816798,ST,0.018521125187190957
orbit_p0.1200.bin,1.0,4.0,0.2,False,0.000954594233969325,3.1415926535897927,0.12,1633478.507816798,ST,0.02435217923276189
orbit_p0.1300.bin,1.0,4.0,0.2,False,0.000954594233969325,3.1415926535897927,0.13,1633478.507816798,ST,0.03228660543463473
orbit_p0.1400.bin,1.0,4.0,0.2,False,0.000954594233969325,3.1415926535897927,0.14,1633478.507816798,ST,0.0409346898594897
orbit_p0.1500.bin,1.0,4.0,0.2,False,0.000954594233969325,3.1415926535897927,0.15,1633478.507816798,ST,0.052467108584733475
