file,m_A (Msun),m_B (Msun),e,apapse,m_P (Msun),l (rad),a (AU),t_stop (day),stability,delta_r
orbit_a0.0800.bin,1.0,9.0,0.2,True,0.028637827019079756,1.5707963267948966,0.08,1155043.7297997407,ST,0.019014390005335818
orbit_a0.0900.bin,1.0,9.0,0.2,True,0.028637827019079756,1.5707963267948966,0.09000000000000001,1155043.7297997407,ST,0.02352776099795565
orbit_a0.1000.bin,1.0,9.0,0.2,True,0.028637827019079756,1.5707963267948966,0.1,1155043.7297997407,ST,0.0306645048745551
orbit_a0.1100.bin,1.0,9.0,0.2,True,0.028637827019079756,1.5707963267948966,0.11,1155043.7297997407,ST,0.04870174801644978
orbit_a0.1200.bin,1.0,9.0,0.2,True,0.028637827019079756,1.5707963267948966,0.12,4264.114649321865,CA,
