file,m_A (Msun),m_B (Msun),e,apapse,m_P (Msun),l (rad),a (AU),t_stop (day),stability,delta_r
orbit_a0.19.bin,1.0,2.333333333333333,0.0,True,0.0,0.0,0.19,2000594.4249770087,ST,0.05092121556384254
orbit_a0.20.bin,1.0,2.333333333333333,0.0,True,0.0,0.0,0.2,2000594.4249770087,ST,0.055817409287273835
orbit_a0.21.bin,1.0,2.333333333333333,0.0,True,0.0,0.0,0.21,2000594.4249770087,ST,0.0857683103799068
orbit_a0.22.bin,1.0,2.333333333333333,0.0,True,0.0,0.0,0.22,296.01487017754397,CA,
