file,m_A (Msun),m_B (Msun),e,apapse,m_P (Msun),l (rad),a (AU),t_stop (day),stability,delta_r
orbit_p0.19.bin,1.0,2.333333333333333,0.0,False,0.0,0.0,0.19,2000594.4249770087,ST,0.03310274944278805
orbit_p0.20.bin,1.0,2.333333333333333,0.0,False,0.0,0.0,0.2,2000594.4249770087,ST,0.03962996541928939
orbit_p0.21.bin,1.0,2.333333333333333,0.0,False,0.0,0.0,0.21,2000594.4249770087,ST,0.0475549293556197
orbit_p0.22.bin,1.0,2.333333333333333,0.0,False,0.0,0.0,0.22,2000594.4249770087,ST,0.056656572727532425
