file,m_A (Msun),m_B (Msun),e,apapse,m_P (Msun),l (rad),a (AU),t_stop (day),stability,delta_r
orbit_a0.3600.bin,1.0,0.25,0.0,True,0.000954594233969325,4.712388980384691,0.36,3266957.015633596,ST,0.05919311844971936
orbit_a0.3700.bin,1.0,0.25,0.0,True,0.000954594233969325,4.712388980384691,0.37,3266957.015633596,ST,0.06558982305304366
orbit_a0.3800.bin,1.0,0.25,0.0,True,0.000954594233969325,4.712388980384691,0.38,311500.3036280043,CB,
orbit_a0.3900.bin,1.0,0.25,0.0,True,0.000954594233969325,4.712388980384691,0.39,4023.962241933711,CA,
orbit_a0.4000.bin,1.0,0.25,0.0,True,0.000954594233969325,4.712388980384691,0.4,1571.9973625187076,CA,
