file,m_A (Msun),m_B (Msun),e,apapse,m_P (Msun),l (rad),a (AU),t_stop (day),stability,delta_r
orbit_a0.0200.bin,1.0,1.0,0.8,True,0.000954594233969325,4.712388980384691,0.02,2582756.29681712,ST,0.04124676062990228
orbit_a0.0300.bin,1.0,1.0,0.8,True,0.000954594233969325,4.712388980384691,0.03,2582756.29681712,ST,0.05536059567659839
orbit_a0.0400.bin,1.0,1.0,0.8,True,0.000954594233969325,4.712388980384691,0.04,2582756.29681712,ST,0.06507632339938049
orbit_a0.0500.bin,1.0,1.0,0.8,True,0.000954594233969325,4.712388980384691,0.05,25236.75856090902,EJ,
orbit_a0.0600.bin,1.0,1.0,0.8,True,0.000954594233969325,4.712388980384691,0.06,21703.184750795746,CA,
