file,m_A (Msun),m_B (Msun),e,apapse,m_P (Msun),l (rad),a (AU),t_stop (day),stability,delta_r
orbit_a0.0700.bin,1.0,1.0,0.6,True,0.000954594233969325,3.1415926535897927,0.06999999999999999,2582756.29681712,ST,0.05190808770466627
orbit_a0.0800.bin,1.0,1.0,0.6,True,0.000954594233969325,3.1415926535897927,0.08,2582756.29681712,ST,0.05482717652021251
orbit_a0.0900.bin,1.0,1.0,0.6,True,0.000954594233969325,3.1415926535897927,0.09,2582756.29681712,ST,0.04401142986872461
orbit_a0.1000.bin,1.0,1.0,0.6,True,0.000954594233969325,3.1415926535897927,0.1,2519584.9921450745,CA,
orbit_a0.1100.bin,1.0,1.0,0.6,True,0.000954594233969325,3.1415926535897927,0.11,60119.12747063935,CA,
