file,m_A (Msun),m_B (Msun),e,apapse,m_P (Msun),l (rad),a (AU),t_stop (day),stability,delta_r
orbit_p0.2600.bin,1.0,0.11111111111111112,0.3,False,0.000954594233969325,3.1415926535897927,0.26,3465131.189399222,ST,0.03761995873548134
orbit_p0.2700.bin,1.0,0.11111111111111112,0.3,False,0.000954594233969325,3.1415926535897927,0.27,3465131.189399222,ST,0.10650738811321012
orbit_p0.2800.bin,1.0,0.11111111111111112,0.3,False,0.000954594233969325,3.1415926535897927,0.28,3465131.189399222,ST,0.04120985447457694
orbit_p0.2900.bin,1.0,0.11111111111111112,0.3,False,0.000954594233969325,3.1415926535897927,0.29000000000000004,3465131.189399222,ST,0.03455584189863034
orbit_p0.3000.bin,1.0,0.11111111111111112,0.3,False,0.000954594233969325,3.1415926535897927,0.30000000000000004,378019.2936844472,CA,
