file,m_A (Msun),m_B (Msun),e,apapse,m_P (Msun),l (rad),a (AU),t_stop (day),stability,delta_r
orbit_a0.2600.bin,1.0,0.11111111111111112,0.3,True,0.000954594233969325,3.1415926535897927,0.26,3465131.189399222,ST,0.053556193196832955
orbit_a0.2700.bin,1.0,0.11111111111111112,0.3,True,0.000954594233969325,3.1415926535897927,0.27,3465131.189399222,ST,0.05100914497697666
orbit_a0.2800.bin,1.0,0.11111111111111112,0.3,True,0.000954594233969325,3.1415926535897927,0.28,3465131.189399222,ST,0.037252062918501264
orbit_a0.2900.bin,1.0,0.11111111111111112,0.3,True,0.000954594233969325,3.1415926535897927,0.29000000000000004,3465131.189399222,ST,0.03790355412960996
orbit_a0.3000.bin,1.0,0.11111111111111112,0.3,True,0.000954594233969325,3.1415926535897927,0.30000000000000004,91460.10458642103,CA,
