file,m_A (Msun),m_B (Msun),e,apapse,m_P (Msun),l (rad),a (AU),t_stop (day),stability,delta_r
orbit_p0.0400.bin,1.0,1.0,0.7,False,0.028637827019079756,3.1415926535897927,0.04,2582756.29681712,ST,0.03848287268289385
orbit_p0.0500.bin,1.0,1.0,0.7,False,0.028637827019079756,3.1415926535897927,0.05,2582756.29681712,ST,0.045981435288763826
orbit_p0.0600.bin,1.0,1.0,0.7,False,0.028637827019079756,3.1415926535897927,0.06,2582756.29681712,ST,0.044432141433364845
orbit_p0.0700.bin,1.0,1.0,0.7,False,0.028637827019079756,3.1415926535897927,0.06999999999999999,2582756.29681712,ST,0.03767168827259652
orbit_p0.0800.bin,1.0,1.0,0.7,False,0.028637827019079756,3.1415926535897927,0.08,51461.06552245506,CA,
