file,m_A (Msun),m_B (Msun),e,apapse,m_P (Msun),l (rad),a (AU),t_stop (day),stability,delta_r
orbit_a0.0400.bin,1.0,1.0,0.7,True,0.028637827019079756,3.1415926535897927,0.04,2582756.29681712,ST,0.046298151966521366
orbit_a0.0500.bin,1.0,1.0,0.7,True,0.028637827019079756,3.1415926535897927,0.05,2582756.29681712,ST,0.052548733172302124
orbit_a0.0600.bin,1.0,1.0,0.7,True,0.028637827019079756,3.1415926535897927,0.06,2582756.29681712,ST,0.0569563774055636
orbit_a0.0700.bin,1.0,1.0,0.7,True,0.028637827019079756,3.1415926535897927,0.06999999999999999,2582756.29681712,ST,0.1971111841724825
orbit_a0.0800.bin,1.0,1.0,0.7,True,0.028637827019079756,3.1415926535897927,0.08,57002.485022395114,CA,
