file,m_A (Msun),m_B (Msun),e,apapse,m_P (Msun),l (rad),a (AU),t_stop (day),stability,delta_r
orbit_p0.1100.bin,1.0,0.6666666666666667,0.5,False,0.000954594233969325,3.1415926535897927,0.11,2829267.7686104896,ST,0.045205471365921374
orbit_p0.1200.bin,1.0,0.6666666666666667,0.5,False,0.000954594233969325,3.1415926535897927,0.12,2829267.7686104896,ST,0.04862612362440728
orbit_p0.1300.bin,1.0,0.6666666666666667,0.5,False,0.000954594233969325,3.1415926535897927,0.13,2829267.7686104896,ST,0.06069550262594546
orbit_p0.1400.bin,1.0,0.6666666666666667,0.5,False,0.000954594233969325,3.1415926535897927,0.14,2829267.7686104896,ST,0.03560230034644277
orbit_p0.1500.bin,1.0,0.6666666666666667,0.5,False,0.000954594233969325,3.1415926535897927,0.15,75821.23477434884,CA,
