file,m_A (Msun),m_B (Msun),e,apapse,m_P (Msun),l (rad),a (AU),t_stop (day),stability,delta_r
orbit_a0.0500.bin,1.0,0.4285714285714286,0.7,True,0.000954594233969325,3.1415926535897927,0.05,3055958.462454599,ST,0.06162610950901698
orbit_a0.0600.bin,1.0,0.4285714285714286,0.7,True,0.000954594233969325,3.1415926535897927,0.06000000000000001,3055958.462454599,ST,0.07159696718543551
orbit_a0.0700.bin,1.0,0.4285714285714286,0.7,True,0.000954594233969325,3.1415926535897927,0.07,3055958.462454599,ST,0.07338428732146957
orbit_a0.0800.bin,1.0,0.4285714285714286,0.7,True,0.000954594233969325,3.1415926535897927,0.08,3055958.462454599,ST,0.19856972612948479
orbit_a0.0900.bin,1.0,0.4285714285714286,0.7,True,0.000954594233969325,3.1415926535897927,0.09000000000000001,52350.89347220452,CA,
