file,m_A (Msun),m_B (Msun),e,apapse,m_P (Msun),l (rad),a (AU),t_stop (day),stability,delta_r
orbit_p0.0500.bin,1.0,0.4285714285714286,0.7,False,0.000954594233969325,3.1415926535897927,0.05,3055958.462454599,ST,0.05828893222811404
orbit_p0.0600.bin,1.0,0.4285714285714286,0.7,False,0.000954594233969325,3.1415926535897927,0.06000000000000001,3055958.462454599,ST,0.0649186156564731
orbit_p0.0700.bin,1.0,0.4285714285714286,0.7,False,0.000954594233969325,3.1415926535897927,0.07,3055958.462454599,ST,0.06466554497212434
orbit_p0.0800.bin,1.0,0.4285714285714286,0.7,False,0.000954594233969325,3.1415926535897927,0.08,3055958.462454599,ST,0.06942829960286608
orbit_p0.0900.bin,1.0,0.4285714285714286,0.7,False,0.000954594233969325,3.1415926535897927,0.09000000000000001,39814.881072306736,CB,
