file,m_A (Msun),m_B (Msun),e,apapse,m_P (Msun),l (rad),a (AU),t_stop (day),stability,delta_r
orbit_p0.0800.bin,1.0,0.6666666666666667,0.6,False,0.000954594233969325,4.712388980384691,0.08,2829267.7686104896,ST,0.05972826711038299
orbit_p0.0900.bin,1.0,0.6666666666666667,0.6,False,0.000954594233969325,4.712388980384691,0.09000000000000001,2829267.7686104896,ST,0.06230962572296811
orbit_p0.1000.bin,1.0,0.6666666666666667,0.6,False,0.000954594233969325,4.712388980384691,0.1,2829267.7686104896,ST,0.08951561047861076
orbit_p0.1100.bin,1.0,0.6666666666666667,0.6,False,0.000954594233969325,4.712388980384691,0.11,47824.762086243514,CA,
orbit_p0.1200.bin,1.0,0.6666666666666667,0.6,False,0.000954594233969325,4.712388980384691,0.12,41112.10234149746,CA,
