file,m_A (Msun),m_B (Msun),e,apapse,m_P (Msun),l (rad),a (AU),t_stop (day),stability,delta_r
orbit_a0.1100.bin,1.0,0.11111111111111112,0.6,True,0.000954594233969325,3.1415926535897927,0.11,3465131.189399222,ST,0.082353381991138
orbit_a0.1200.bin,1.0,0.11111111111111112,0.6,True,0.000954594233969325,3.1415926535897927,0.12,3465131.189399222,ST,0.09231540047887096
orbit_a0.1300.bin,1.0,0.11111111111111112,0.6,True,0.000954594233969325,3.1415926535897927,0.13,3465131.189399222,ST,0.08017412653895674
orbit_a0.1400.bin,1.0,0.11111111111111112,0.6,True,0.000954594233969325,3.1415926535897927,0.14,3465131.189399222,ST,0.02818550551267761
orbit_a0.1500.bin,1.0,0.11111111111111112,0.6,True,0.000954594233969325,3.1415926535897927,0.15,3150164.487522529,CA,
