file,m_A (Msun),m_B (Msun),e,apapse,m_P (Msun),l (rad),a (AU),t_stop (day),stability,delta_r
orbit_p0.1100.bin,1.0,0.11111111111111112,0.6,False,0.000954594233969325,3.1415926535897927,0.11,3465131.189399222,ST,0.08369339520396905
orbit_p0.1200.bin,1.0,0.11111111111111112,0.6,False,0.000954594233969325,3.1415926535897927,0.12,3465131.189399222,ST,0.09460368175635067
orbit_p0.1300.bin,1.0,0.11111111111111112,0.6,False,0.000954594233969325,3.1415926535897927,0.13,3465131.189399222,ST,0.08272502013328555
orbit_p0.1400.bin,1.0,0.11111111111111112,0.6,False,0.000954594233969325,3.1415926535897927,0.14,3465131.189399222,ST,0.06430025423501311
orbit_p0.1500.bin,1.0,0.11111111111111112,0.6,False,0.000954594233969325,3.1415926535897927,0.15,1283057.35430518,CA,
