file,m_A (Msun),m_B (Msun),e,apapse,m_P (Msun),l (rad),a (AU),t_stop (day),stability,delta_r
orbit_p0.05.bin,1.0,9.000000000000002,0.5,False,0.0,3.1415926535897927,0.05,1155043.7297997407,ST,0.01961284304304527
orbit_p0.06.bin,1.0,9.000000000000002,0.5,False,0.0,3.1415926535897927,0.06,1155043.7297997407,ST,0.026996110611792773
orbit_p0.07.bin,1.0,9.000000000000002,0.5,False,0.0,3.1415926535897927,0.07,1155043.7297997407,ST,0.04429899388232146
orbit_p0.08.bin,1.0,9.000000000000002,0.5,False,0.0,3.1415926535897927,0.08,13412.471125535045,EJ,
