file,m_A (Msun),m_B (Msun),e,apapse,m_P (Msun),l (rad),a (AU),t_stop (day),stability,delta_r
orbit_p0.1100.bin,1.0,0.6666666666666667,0.5,False,0.000954594233969325,0.0,0.11,2829267.7686104896,ST,0.06216092328484186
orbit_p0.1200.bin,1.0,0.6666666666666667,0.5,False,0.000954594233969325,0.0,0.12,2829267.7686104896,ST,0.0681967595156592
orbit_p0.1300.bin,1.0,0.6666666666666667,0.5,False,0.000954594233969325,0.0,0.13,2829267.7686104896,ST,0.07231427440460278
orbit_p0.1400.bin,1.0,0.6666666666666667,0.5,False,0.000954594233969325,0.0,0.14,2829267.7686104896,ST,0.10477666039033987
orbit_p0.1500.bin,1.0,0.6666666666666667,0.5,False,0.000954594233969325,0.0,0.15,66245.93556137616,CA,
