file,m_A (Msun),m_B (Msun),e,apapse,m_P (Msun),l (rad),a (AU),t_stop (day),stability,delta_r
orbit_a0.10.bin,1.0,0.4285714285714286,0.6,True,0.0,4.712388980384691,0.1,3055958.462454599,ST,0.06867582920919856
orbit_a0.11.bin,1.0,0.4285714285714286,0.6,True,0.0,4.712388980384691,0.11,3055958.462454599,ST,0.09135183830603497
orbit_a0.12.bin,1.0,0.4285714285714286,0.6,True,0.0,4.712388980384691,0.12,207360.0522144039,CA,
orbit_a0.13.bin,1.0,0.4285714285714286,0.6,True,0.0,4.712388980384691,0.13,126958.27335894028,CA,
