file,m_A (Msun),m_B (Msun),e,apapse,m_P (Msun),l (rad),a (AU),t_stop (day),stability,delta_r
orbit_p0.10.bin,1.0,0.4285714285714286,0.6,False,0.0,4.712388980384691,0.1,3055958.462454599,ST,0.07766949809712327
orbit_p0.11.bin,1.0,0.4285714285714286,0.6,False,0.0,4.712388980384691,0.11,3055958.462454599,ST,0.077209335658067
orbit_p0.12.bin,1.0,0.4285714285714286,0.6,False,0.0,4.712388980384691,0.12,242028.632980018,CA,
orbit_p0.13.bin,1.0,0.4285714285714286,0.6,False,0.0,4.712388980384691,0.13,19808.816268472376,CB,
