file,m_A (Msun),m_B (Msun),e,apapse,m_P (Msun),l (rad),a (AU),t_stop (day),stability,delta_r
orbit_p0.08.bin,1.0,0.1111111111111111,0.7,False,0.0,4.712388980384691,0.08,3465131.189399222,ST,0.10026676412560875
orbit_p0.09.bin,1.0,0.1111111111111111,0.7,False,0.0,4.712388980384691,0.09,3465131.189399222,ST,0.11393193619537102
orbit_p0.10.bin,1.0,0.1111111111111111,0.7,False,0.0,4.712388980384691,0.1,1493463.6264701898,CA,
orbit_p0.11.bin,1.0,0.1111111111111111,0.7,False,0.0,4.712388980384691,0.11,722482.5808962348,CA,
