file,m_A (Msun),m_B (Msun),e,apapse,m_P (Msun),l (rad),a (AU),t_stop (day),stability,delta_r
orbit_a0.0900.bin,1.0,9.0,0.1,True,0.000954594233969325,3.1415926535897927,0.09,1155043.7297997407,ST,0.010903634431134148
orbit_a0.1000.bin,1.0,9.0,0.1,True,0.000954594233969325,3.1415926535897927,0.1,1155043.7297997407,ST,0.014021773526359752
orbit_a0.1100.bin,1.0,9.0,0.1,True,0.000954594233969325,3.1415926535897927,0.11,1155043.7297997407,ST,0.018520095279134088
orbit_a0.1200.bin,1.0,9.0,0.1,True,0.000954594233969325,3.1415926535897927,0.12,1155043.7297997407,ST,0.026848052346257843
orbit_a0.1300.bin,1.0,9.0,0.1,True,0.000954594233969325,3.1415926535897927,0.13,6330.290453419018,CB,
