file,m_A (Msun),m_B (Msun),e,apapse,m_P (Msun),l (rad),a (AU),t_stop (day),stability,delta_r
orbit_p0.1200.bin,1.0,0.4285714285714286,0.5,False,0.028637827019079756,4.712388980384691,0.12,3055958.462454599,ST,0.058782435404803164
orbit_p0.1300.bin,1.0,0.4285714285714286,0.5,False,0.028637827019079756,4.712388980384691,0.13,3055958.462454599,ST,0.05184218902804426
orbit_p0.1400.bin,1.0,0.4285714285714286,0.5,False,0.028637827019079756,4.712388980384691,0.14,3055958.462454599,ST,0.063068714897127
orbit_p0.1500.bin,1.0,0.4285714285714286,0.5,False,0.028637827019079756,4.712388980384691,0.15000000000000002,74256.45781328721,CA,
orbit_p0.1600.bin,1.0,0.4285714285714286,0.5,False,0.028637827019079756,4.712388980384691,0.16,77944.05296771429,CA,
