file,m_A (Msun),m_B (Msun),e,apapse,m_P (Msun),l (rad),a (AU),t_stop (day),stability,delta_r
orbit_a0.1200.bin,1.0,0.4285714285714286,0.5,True,0.028637827019079756,4.712388980384691,0.12,3055958.462454599,ST,0.059195823206718026
orbit_a0.1300.bin,1.0,0.4285714285714286,0.5,True,0.028637827019079756,4.712388980384691,0.13,3055958.462454599,ST,0.07673801788806359
orbit_a0.1400.bin,1.0,0.4285714285714286,0.5,True,0.028637827019079756,4.712388980384691,0.14,3055958.462454599,ST,0.06744455885219725
orbit_a0.1500.bin,1.0,0.4285714285714286,0.5,True,0.028637827019079756,4.712388980384691,0.15000000000000002,3055958.462454599,ST,0.05620881652750553
orbit_a0.1600.bin,1.0,0.4285714285714286,0.5,True,0.028637827019079756,4.712388980384691,0.16,103121.96946966431,CA,
