file,m_A (Msun),m_B (Msun),e,apapse,m_P (Msun),l (rad),a (AU),t_stop (day),stability,delta_r
orbit_p0.0300.bin,1.0,0.11111111111111112,0.8,False,0.028637827019079756,3.1415926535897927,0.03,3465131.189399222,ST,0.0666241298323826
orbit_p0.0400.bin,1.0,0.11111111111111112,0.8,False,0.028637827019079756,3.1415926535897927,0.04,3465131.189399222,ST,0.08663964305579727
orbit_p0.0500.bin,1.0,0.11111111111111112,0.8,False,0.028637827019079756,3.1415926535897927,0.05,3465131.189399222,ST,0.0992559492441353
orbit_p0.0600.bin,1.0,0.11111111111111112,0.8,False,0.028637827019079756,3.1415926535897927,0.06,1738750.498007311,CA,
orbit_p0.0700.bin,1.0,0.11111111111111112,0.8,False,0.028637827019079756,3.1415926535897927,0.07,2762107.7598377927,EJ,
