file,m_A (Msun),m_B (Msun),e,apapse,m_P (Msun),l (rad),a (AU),t_stop (day),stability,delta_r
orbit_a0.09.bin,1.0,9.000000000000002,0.2,True,0.0,4.712388980384691,0.09,1155043.7297997407,ST,0.024286675331173523
orbit_a0.10.bin,1.0,9.000000000000002,0.2,True,0.0,4.712388980384691,0.1,1155043.7297997407,ST,0.03443727165512285
orbit_a0.11.bin,1.0,9.000000000000002,0.2,True,0.0,4.712388980384691,0.11,59108.46849922562,CB,
orbit_a0.12.bin,1.0,9.000000000000002,0.2,True,0.0,4.712388980384691,0.12,879.4502883087164,CA,
