file,m_A (Msun),m_B (Msun),e,apapse,m_P (Msun),l (rad),a (AU),t_stop (day),stability,delta_r
orbit_p0.09.bin,1.0,9.000000000000002,0.2,False,0.0,4.712388980384691,0.09,1155043.7297997407,ST,0.053859435821751005
orbit_p0.10.bin,1.0,9.000000000000002,0.2,False,0.0,4.712388980384691,0.1,1155043.7297997407,ST,0.09070012148544668
orbit_p0.11.bin,1.0,9.000000000000002,0.2,False,0.0,4.712388980384691,0.11,3142.4761375957105,CA,
orbit_p0.12.bin,1.0,9.000000000000002,0.2,False,0.0,4.712388980384691,0.12,19069.73257410482,CA,
