file,m_A (Msun),m_B (Msun),e,apapse,m_P (Msun),l (rad),a (AU),t_stop (day),stability,delta_r
orbit_p0.0800.bin,1.0,1.4999999999999998,0.5,False,0.028637827019079756,0.0,0.08,2310087.4595994814,ST,0.04496153341767914
orbit_p0.0900.bin,1.0,1.4999999999999998,0.5,False,0.028637827019079756,0.0,0.09000000000000001,2310087.4595994814,ST,0.050604863254983985
orbit_p0.1000.bin,1.0,1.4999999999999998,0.5,False,0.028637827019079756,0.0,0.1,2310087.4595994814,ST,0.05381990431193291
orbit_p0.1100.bin,1.0,1.4999999999999998,0.5,False,0.028637827019079756,0.0,0.11,2310087.4595994814,ST,0.06509537211007979
orbit_p0.1200.bin,1.0,1.4999999999999998,0.5,False,0.028637827019079756,0.0,0.12,145185.49966823624,CA,
