file,m_A (Msun),m_B (Msun),e,apapse,m_P (Msun),l (rad),a (AU),t_stop (day),stability,delta_r
orbit_a0.3500.bin,1.0,0.4285714285714286,0.0,True,0.028637827019079756,4.712388980384691,0.35,3055958.462454599,ST,0.1068772510304403
orbit_a0.3600.bin,1.0,0.4285714285714286,0.0,True,0.028637827019079756,4.712388980384691,0.36,3055958.462454599,ST,0.13541521952814495
orbit_a0.3700.bin,1.0,0.4285714285714286,0.0,True,0.028637827019079756,4.712388980384691,0.37,3055958.462454599,ST,0.14265966501675087
orbit_a0.3800.bin,1.0,0.4285714285714286,0.0,True,0.028637827019079756,4.712388980384691,0.38,3055958.462454599,ST,0.14150505420097598
orbit_a0.3900.bin,1.0,0.4285714285714286,0.0,True,0.028637827019079756,4.712388980384691,0.39,291848.26799146953,CA,
