file,m_A (Msun),m_B (Msun),e,apapse,m_P (Msun),l (rad),a (AU),t_stop (day),stability,delta_r
orbit_a0.0200.bin,1.0,1.0,0.8,True,0.000954594233969325,3.1415926535897927,0.02,2582756.29681712,ST,0.04066451326263725
orbit_a0.0300.bin,1.0,1.0,0.8,True,0.000954594233969325,3.1415926535897927,0.03,2582756.29681712,ST,0.055695507165774996
orbit_a0.0400.bin,1.0,1.0,0.8,True,0.000954594233969325,3.1415926535897927,0.04,2582756.29681712,ST,0.0529987566159234
orbit_a0.0500.bin,1.0,1.0,0.8,True,0.000954594233969325,3.1415926535897927,0.05,65713.86377958556,CA,
orbit_a0.0600.bin,1.0,1.0,0.8,True,0.000954594233969325,3.1415926535897927,0.06,7643.5301341746335,CA,
