file,m_A (Msun),m_B (Msun),e,apapse,m_P (Msun),l (rad),a (AU),t_stop (day),stability,delta_r
orbit_a0.0700.bin,1.0,1.0,0.6,True,0.028637827019079756,1.5707963267948966,0.06999999999999999,2582756.29681712,ST,0.044693482196537425
orbit_a0.0800.bin,1.0,1.0,0.6,True,0.028637827019079756,1.5707963267948966,0.08,2582756.29681712,ST,0.05167987552315089
orbit_a0.0900.bin,1.0,1.0,0.6,True,0.028637827019079756,1.5707963267948966,0.09,2582756.29681712,ST,0.04946592047504457
orbit_a0.1000.bin,1.0,1.0,0.6,True,0.028637827019079756,1.5707963267948966,0.1,660374.8259355823,CA,
orbit_a0.1100.bin,1.0,1.0,0.6,True,0.028637827019079756,1.5707963267948966,0.11,28358.72278670042,EJ,
