file,m_A (Msun),m_B (Msun),e,apapse,m_P (Msun),l (rad),a (AU),t_stop (day),stability,delta_r
orbit_p0.0700.bin,1.0,1.0,0.6,False,0.028637827019079756,1.5707963267948966,0.06999999999999999,2582756.29681712,ST,0.04968079197832875
orbit_p0.0800.bin,1.0,1.0,0.6,False,0.028637827019079756,1.5707963267948966,0.08,2582756.29681712,ST,0.05698164322153
orbit_p0.0900.bin,1.0,1.0,0.6,False,0.028637827019079756,1.5707963267948966,0.09,2582756.29681712,ST,0.06117286034122994
orbit_p0.1000.bin,1.0,1.0,0.6,False,0.028637827019079756,1.5707963267948966,0.1,130507.9787202727,CA,
orbit_p0.1100.bin,1.0,1.0,0.6,False,0.028637827019079756,1.5707963267948966,0.11,8448.866689911818,CA,
