file,m_A (Msun),m_B (Msun),e,apapse,m_P (Msun),l (rad),a (AU),t_stop (day),stability,delta_r
orbit_p0.0200.bin,1.0,2.333333333333333,0.8,False,0.000954594233969325,3.1415926535897927,0.02,2000594.4249770087,ST,0.03507599598862386
orbit_p0.0250.bin,1.0,2.333333333333333,0.8,False,0.000954594233969325,3.1415926535897927,0.025,2000594.4249770087,ST,0.03700790423266046
orbit_p0.0300.bin,1.0,2.333333333333333,0.8,False,0.000954594233969325,3.1415926535897927,0.03,2000594.4249770087,ST,0.03719213437556748
orbit_p0.0350.bin,1.0,2.333333333333333,0.8,False,0.000954594233969325,3.1415926535897927,0.035,2000594.4249770087,ST,0.03148538210240139
orbit_p0.0400.bin,1.0,2.333333333333333,0.8,False,0.000954594233969325,3.1415926535897927,0.04,518884.9693762313,CA,
