file,m_A (Msun),m_B (Msun),e,apapse,m_P (Msun),l (rad),a (AU),t_stop (day),stability,delta_r
orbit_a0.0400.bin,1.0,4.0,0.6,True,0.028637827019079756,1.5707963267948966,0.04,1633478.507816798,ST,0.028972028701615
orbit_a0.0500.bin,1.0,4.0,0.6,True,0.028637827019079756,1.5707963267948966,0.05,1633478.507816798,ST,0.03362021472122977
orbit_a0.0600.bin,1.0,4.0,0.6,True,0.028637827019079756,1.5707963267948966,0.06,1633478.507816798,ST,0.03332906506340243
orbit_a0.0700.bin,1.0,4.0,0.6,True,0.028637827019079756,1.5707963267948966,0.06999999999999999,154409.4447418665,CA,
orbit_a0.0800.bin,1.0,4.0,0.6,True,0.028637827019079756,1.5707963267948966,0.08,9652.67560152026,EJ,
