file,m_A (Msun),m_B (Msun),e,apapse,m_P (Msun),l (rad),a (AU),t_stop (day),stability,delta_r
orbit_p0.0800.bin,1.0,0.6666666666666667,0.6,False,0.000954594233969325,1.5707963267948966,0.08,2829267.7686104896,ST,0.06001568156007184
orbit_p0.0900.bin,1.0,0.6666666666666667,0.6,False,0.000954594233969325,1.5707963267948966,0.09000000000000001,2829267.7686104896,ST,0.062421099266422815
orbit_p0.1000.bin,1.0,0.6666666666666667,0.6,False,0.000954594233969325,1.5707963267948966,0.1,2829267.7686104896,ST,0.08465855638272307
orbit_p0.1100.bin,1.0,0.6666666666666667,0.6,False,0.000954594233969325,1.5707963267948966,0.11,195139.3814079398,CA,
orbit_p0.1200.bin,1.0,0.6666666666666667,0.6,False,0.000954594233969325,1.5707963267948966,0.12,11018.237178050551,CA,
