file,m_A (Msun),m_B (Msun),e,apapse,m_P (Msun),l (rad),a (AU),t_stop (day),stability,delta_r
orbit_a0.0700.bin,1.0,2.333333333333333,0.5,True,0.028637827019079756,4.712388980384691,0.06999999999999999,2000594.4249770087,ST,0.034329404521864
orbit_a0.0800.bin,1.0,2.333333333333333,0.5,True,0.028637827019079756,4.712388980384691,0.08,2000594.4249770087,ST,0.037319635293006886
orbit_a0.0900.bin,1.0,2.333333333333333,0.5,True,0.028637827019079756,4.712388980384691,0.09,2000594.4249770087,ST,0.03536610375895866
orbit_a0.1000.bin,1.0,2.333333333333333,0.5,True,0.028637827019079756,4.712388980384691,0.1,2000594.4249770087,ST,0.038605533709563815
orbit_a0.1100.bin,1.0,2.333333333333333,0.5,True,0.028637827019079756,4.712388980384691,0.11,217145.00185689668,CA,
