file,m_A (Msun),m_B (Msun),e,apapse,m_P (Msun),l (rad),a (AU),t_stop (day),stability,delta_r
orbit_p0.0700.bin,1.0,2.333333333333333,0.5,False,0.028637827019079756,4.712388980384691,0.06999999999999999,2000594.4249770087,ST,0.03589193386268518
orbit_p0.0800.bin,1.0,2.333333333333333,0.5,False,0.028637827019079756,4.712388980384691,0.08,2000594.4249770087,ST,0.045038555963679
orbit_p0.0900.bin,1.0,2.333333333333333,0.5,False,0.028637827019079756,4.712388980384691,0.09,2000594.4249770087,ST,0.060378962259422214
orbit_p0.1000.bin,1.0,2.333333333333333,0.5,False,0.028637827019079756,4.712388980384691,0.1,1539793.4725630719,CA,
orbit_p0.1100.bin,1.0,2.333333333333333,0.5,False,0.028637827019079756,4.712388980384691,0.11,3762.8438728752117,CA,
