file,m_A (Msun),m_B (Msun),e,apapse,m_P (Msun),l (rad),a (AU),t_stop (day),stability,delta_r
orbit_p0.3500.bin,1.0,0.4285714285714286,0.0,False,0.028637827019079756,1.5707963267948966,0.35,3055958.462454599,ST,0.10703307360251386
orbit_p0.3600.bin,1.0,0.4285714285714286,0.0,False,0.028637827019079756,1.5707963267948966,0.36,3055958.462454599,ST,0.13534362167313127
orbit_p0.3700.bin,1.0,0.4285714285714286,0.0,False,0.028637827019079756,1.5707963267948966,0.37,3055958.462454599,ST,0.14250323730553394
orbit_p0.3800.bin,1.0,0.4285714285714286,0.0,False,0.028637827019079756,1.5707963267948966,0.38,3055958.462454599,ST,0.14123218681982047
orbit_p0.3900.bin,1.0,0.4285714285714286,0.0,False,0.028637827019079756,1.5707963267948966,0.39,293642.40599865763,CA,
