file,m_A (Msun),m_B (Msun),e,apapse,m_P (Msun),l (rad),a (AU),t_stop (day),stability,delta_r
orbit_a0.3500.bin,1.0,0.4285714285714286,0.0,True,0.028637827019079756,1.5707963267948966,0.35,3055958.462454599,ST,0.10595004193534396
orbit_a0.3600.bin,1.0,0.4285714285714286,0.0,True,0.028637827019079756,1.5707963267948966,0.36,3055958.462454599,ST,0.14157033154282508
orbit_a0.3700.bin,1.0,0.4285714285714286,0.0,True,0.028637827019079756,1.5707963267948966,0.37,3055958.462454599,ST,0.14082048959281085
orbit_a0.3800.bin,1.0,0.4285714285714286,0.0,True,0.028637827019079756,1.5707963267948966,0.38,3055958.462454599,ST,0.14373858705357906
orbit_a0.3900.bin,1.0,0.4285714285714286,0.0,True,0.028637827019079756,1.5707963267948966,0.39,2170230.059198391,CA,
