file,m_A (Msun),m_B (Msun),e,apapse,m_P (Msun),l (rad),a (AU),t_stop (day),stability,delta_r
orbit_a0.17.bin,1.0,0.1111111111111111,0.5,True,0.0,4.712388980384691,0.17,3465131.189399222,ST,0.08687738061931384
orbit_a0.18.bin,1.0,0.1111111111111111,0.5,True,0.0,4.712388980384691,0.18,3465131.189399222,ST,0.07871158230684083
orbit_a0.19.bin,1.0,0.1111111111111111,0.5,True,0.0,4.712388980384691,0.19,3465131.189399222,ST,0.07406748021245382
orbit_a0.20.bin,1.0,0.1111111111111111,0.5,True,0.0,4.712388980384691,0.2,951389.6399885176,CA,
