file,m_A (Msun),m_B (Msun),e,apapse,m_P (Msun),l (rad),a (AU),t_stop (day),stability,delta_r
orbit_p0.1400.bin,1.0,4.0,0.0,False,0.000954594233969325,1.5707963267948966,0.14,1633478.507816798,ST,0.04839964971269786
orbit_p0.1500.bin,1.0,4.0,0.0,False,0.000954594233969325,1.5707963267948966,0.15,1633478.507816798,ST,0.06903788720700464
orbit_p0.1600.bin,1.0,4.0,0.0,False,0.000954594233969325,1.5707963267948966,0.16,1633478.507816798,ST,0.10345717916904276
orbit_p0.1700.bin,1.0,4.0,0.0,False,0.000954594233969325,1.5707963267948966,0.17,4161.578867536827,CA,
orbit_p0.1800.bin,1.0,4.0,0.0,False,0.000954594233969325,1.5707963267948966,0.18,718.0859692816919,CA,
