file,m_A (Msun),m_B (Msun),e,apapse,m_P (Msun),l (rad),a (AU),t_stop (day),stability,delta_r
orbit_p0.23.bin,1.0,1.0,0.1,False,0.0,1.5707963267948966,0.23,2582756.29681712,ST,0.09071473985456244
orbit_p0.24.bin,1.0,1.0,0.1,False,0.0,1.5707963267948966,0.24,2582756.29681712,ST,0.11289505648148893
orbit_p0.25.bin,1.0,1.0,0.1,False,0.0,1.5707963267948966,0.25,10341.528657614615,CA,
orbit_p0.26.bin,1.0,1.0,0.1,False,0.0,1.5707963267948966,0.26,293.4858446021215,CA,
