file,m_A (Msun),m_B (Msun),e,apapse,m_P (Msun),l (rad),a (AU),t_stop (day),stability,delta_r
orbit_p0.0600.bin,1.0,0.25,0.7,False,0.028637827019079756,0.0,0.06,3266957.015633596,ST,0.07508378257483063
orbit_p0.0700.bin,1.0,0.25,0.7,False,0.028637827019079756,0.0,0.07,3266957.015633596,ST,0.09259158290388377
orbit_p0.0800.bin,1.0,0.25,0.7,False,0.028637827019079756,0.0,0.08,3266957.015633596,ST,0.09447537173209045
orbit_p0.0900.bin,1.0,0.25,0.7,False,0.028637827019079756,0.0,0.09,567634.9685842473,EJ,
orbit_p0.1000.bin,1.0,0.25,0.7,False,0.028637827019079756,0.0,0.1,62221.3749353575,CA,
