file,m_A (Msun),m_B (Msun),e,apapse,m_P (Msun),l (rad),a (AU),t_stop (day),stability,delta_r
orbit_p0.0300.bin,1.0,1.4999999999999998,0.7,False,0.028637827019079756,4.712388980384691,0.03,2310087.4595994814,ST,0.03444348319642021
orbit_p0.0400.bin,1.0,1.4999999999999998,0.7,False,0.028637827019079756,4.712388980384691,0.04,2310087.4595994814,ST,0.04714132152205133
orbit_p0.0500.bin,1.0,1.4999999999999998,0.7,False,0.028637827019079756,4.712388980384691,0.05,2310087.4595994814,ST,0.051699027147455806
orbit_p0.0600.bin,1.0,1.4999999999999998,0.7,False,0.028637827019079756,4.712388980384691,0.06000000000000001,1746849.5328230115,CA,
orbit_p0.0700.bin,1.0,1.4999999999999998,0.7,False,0.028637827019079756,4.712388980384691,0.07,24490.773886684918,CA,
