file,m_A (Msun),m_B (Msun),e,apapse,m_P (Msun),l (rad),a (AU),t_stop (day),stability,delta_r
orbit_a0.0900.bin,1.0,2.333333333333333,0.4,True,0.000954594233969325,1.5707963267948966,0.09,2000594.4249770087,ST,0.033527744466574264
orbit_a0.1000.bin,1.0,2.333333333333333,0.4,True,0.000954594233969325,1.5707963267948966,0.1,2000594.4249770087,ST,0.03383171215782876
orbit_a0.1100.bin,1.0,2.333333333333333,0.4,True,0.000954594233969325,1.5707963267948966,0.11,2000594.4249770087,ST,0.040519538560281114
orbit_a0.1200.bin,1.0,2.333333333333333,0.4,True,0.000954594233969325,1.5707963267948966,0.12,2000594.4249770087,ST,0.03669119829879214
orbit_a0.1300.bin,1.0,2.333333333333333,0.4,True,0.000954594233969325,1.5707963267948966,0.13,182200.08190550032,CA,
