file,m_A (Msun),m_B (Msun),e,apapse,m_P (Msun),l (rad),a (AU),t_stop (day),stability,delta_r
orbit_p0.0700.bin,1.0,1.0,0.6,False,0.000954594233969325,1.5707963267948966,0.06999999999999999,2582756.29681712,ST,0.052878377944531145
orbit_p0.0800.bin,1.0,1.0,0.6,False,0.000954594233969325,1.5707963267948966,0.08,2582756.29681712,ST,0.05778348261077253
orbit_p0.0900.bin,1.0,1.0,0.6,False,0.000954594233969325,1.5707963267948966,0.09,2582756.29681712,ST,0.07012109905634062
orbit_p0.1000.bin,1.0,1.0,0.6,False,0.000954594233969325,1.5707963267948966,0.1,104606.96187654932,CA,
orbit_p0.1100.bin,1.0,1.0,0.6,False,0.000954594233969325,1.5707963267948966,0.11,13890.719284428502,EJ,
