file,m_A (Msun),m_B (Msun),e,apapse,m_P (Msun),l (rad),a (AU),t_stop (day),stability,delta_r
orbit_p0.1600.bin,1.0,1.4999999999999998,0.2,False,0.028637827019079756,4.712388980384691,0.16,2310087.4595994814,ST,0.04730296390864519
orbit_p0.1700.bin,1.0,1.4999999999999998,0.2,False,0.028637827019079756,4.712388980384691,0.16999999999999998,2310087.4595994814,ST,0.0633244267931091
orbit_p0.1800.bin,1.0,1.4999999999999998,0.2,False,0.028637827019079756,4.712388980384691,0.18,2310087.4595994814,ST,0.08868895772222327
orbit_p0.1900.bin,1.0,1.4999999999999998,0.2,False,0.028637827019079756,4.712388980384691,0.19,2310087.4595994814,ST,0.120746758825908
orbit_p0.2000.bin,1.0,1.4999999999999998,0.2,False,0.028637827019079756,4.712388980384691,0.2,12965.607328767788,CA,
