file,m_A (Msun),m_B (Msun),e,apapse,m_P (Msun),l (rad),a (AU),t_stop (day),stability,delta_r
orbit_p0.19.bin,1.0,2.333333333333333,0.0,False,0.0,3.1415926535897927,0.19,2000594.4249770087,ST,0.05073823545580486
orbit_p0.20.bin,1.0,2.333333333333333,0.0,False,0.0,3.1415926535897927,0.2,2000594.4249770087,ST,0.05594224126512085
orbit_p0.21.bin,1.0,2.333333333333333,0.0,False,0.0,3.1415926535897927,0.21,2000594.4249770087,ST,0.08576350879420586
orbit_p0.22.bin,1.0,2.333333333333333,0.0,False,0.0,3.1415926535897927,0.22,296.01487662673344,CA,
