file,m_A (Msun),m_B (Msun),e,apapse,m_P (Msun),l (rad),a (AU),t_stop (day),stability,delta_r
orbit_p0.2200.bin,1.0,1.0,0.1,False,0.028637827019079756,0.0,0.22,2582756.29681712,ST,0.041520637991019745
orbit_p0.2300.bin,1.0,1.0,0.1,False,0.028637827019079756,0.0,0.23,2582756.29681712,ST,0.03927126024958581
orbit_p0.2400.bin,1.0,1.0,0.1,False,0.028637827019079756,0.0,0.24,2582756.29681712,ST,0.049575345939116396
orbit_p0.2500.bin,1.0,1.0,0.1,False,0.028637827019079756,0.0,0.25,2582756.29681712,ST,0.06066252720705526
orbit_p0.2600.bin,1.0,1.0,0.1,False,0.028637827019079756,0.0,0.26,2582756.29681712,ST,0.07088148109152836
