file,m_A (Msun),m_B (Msun),e,apapse,m_P (Msun),l (rad),a (AU),t_stop (day),stability,delta_r
orbit_a0.0200.bin,1.0,2.333333333333333,0.8,True,0.000954594233969325,0.0,0.02,2000594.4249770087,ST,0.038150696591831915
orbit_a0.0250.bin,1.0,2.333333333333333,0.8,True,0.000954594233969325,0.0,0.025,2000594.4249770087,ST,0.043379966082548065
orbit_a0.0300.bin,1.0,2.333333333333333,0.8,True,0.000954594233969325,0.0,0.03,2000594.4249770087,ST,0.04704838445492447
orbit_a0.0350.bin,1.0,2.333333333333333,0.8,True,0.000954594233969325,0.0,0.035,642327.1036964908,CA,
orbit_a0.0400.bin,1.0,2.333333333333333,0.8,True,0.000954594233969325,0.0,0.04,15320.549081800604,EJ,
