file,m_A (Msun),m_B (Msun),e,apapse,m_P (Msun),l (rad),a (AU),t_stop (day),stability,delta_r
orbit_p0.0200.bin,1.0,2.333333333333333,0.8,False,0.000954594233969325,0.0,0.02,2000594.4249770087,ST,0.03898019913024139
orbit_p0.0250.bin,1.0,2.333333333333333,0.8,False,0.000954594233969325,0.0,0.025,2000594.4249770087,ST,0.04881214281749711
orbit_p0.0300.bin,1.0,2.333333333333333,0.8,False,0.000954594233969325,0.0,0.03,2000594.4249770087,ST,0.056629114655272886
orbit_p0.0350.bin,1.0,2.333333333333333,0.8,False,0.000954594233969325,0.0,0.035,2000594.4249770087,ST,0.0918531880346644
orbit_p0.0400.bin,1.0,2.333333333333333,0.8,False,0.000954594233969325,0.0,0.04,568792.6007666639,CA,
