file,m_A (Msun),m_B (Msun),e,apapse,m_P (Msun),l (rad),a (AU),t_stop (day),stability,delta_r
orbit_p0.0220.bin,1.0,9.000000000000002,0.8,False,0.0,2.3561944901923453,0.022000000000000002,1155043.7297997407,ST,0.026353883929878096
orbit_p0.0225.bin,1.0,9.000000000000002,0.8,False,0.0,2.3561944901923453,0.0225,1155043.7297997407,ST,0.03783180093364051
orbit_p0.0230.bin,1.0,9.000000000000002,0.8,False,0.0,2.3561944901923453,0.023,1155043.7297997407,ST,0.03980911300043547
orbit_p0.0235.bin,1.0,9.000000000000002,0.8,False,0.0,2.3561944901923453,0.0235,1155043.7297997407,ST,0.07882964097901798
