file,m_A (Msun),m_B (Msun),e,apapse,m_P (Msun),l (rad),a (AU),t_stop (day),stability,delta_r
orbit_a0.0250.bin,1.0,9.0,0.7,True,0.000954594233969325,0.0,0.025,1155043.7297997407,ST,0.025855838892869198
orbit_a0.0300.bin,1.0,9.0,0.7,True,0.000954594233969325,0.0,0.03,1155043.7297997407,ST,0.028510888464695548
orbit_a0.0350.bin,1.0,9.0,0.7,True,0.000954594233969325,0.0,0.035,1155043.7297997407,ST,0.029058231416351138
orbit_a0.0400.bin,1.0,9.0,0.7,True,0.000954594233969325,0.0,0.04,1155043.7297997407,ST,0.018650280884491048
orbit_a0.0450.bin,1.0,9.0,0.7,True,0.000954594233969325,0.0,0.045000000000000005,94809.67564167624,CA,
