file,m_A (Msun),m_B (Msun),e,apapse,m_P (Msun),l (rad),a (AU),t_stop (day),stability,delta_r
orbit_p0.12.bin,1.0,9.000000000000002,0.0,False,0.0,0.0,0.12,1155043.7297997407,ST,0.027938246496324787
orbit_p0.13.bin,1.0,9.000000000000002,0.0,False,0.0,0.0,0.13,1155043.7297997407,ST,0.03711852423643774
orbit_p0.14.bin,1.0,9.000000000000002,0.0,False,0.0,0.0,0.14,1155043.7297997407,ST,0.059252512146258124
orbit_p0.15.bin,1.0,9.000000000000002,0.0,False,0.0,0.0,0.15,9041.000972306905,CA,
