file,m_A (Msun),m_B (Msun),e,apapse,m_P (Msun),l (rad),a (AU),t_stop (day),stability,delta_r
orbit_a0.2600.bin,1.0,0.11111111111111112,0.3,True,0.028637827019079756,0.0,0.26,3465131.189399222,ST,0.03166612485827937
orbit_a0.2700.bin,1.0,0.11111111111111112,0.3,True,0.028637827019079756,0.0,0.27,306931.6926327675,CA,
orbit_a0.2800.bin,1.0,0.11111111111111112,0.3,True,0.028637827019079756,0.0,0.28,3465131.189399222,ST,0.06874970811675297
orbit_a0.2900.bin,1.0,0.11111111111111112,0.3,True,0.028637827019079756,0.0,0.29,578348.1695289417,CA,
orbit_a0.3000.bin,1.0,0.11111111111111112,0.3,True,0.028637827019079756,0.0,0.3,140849.39002378486,CA,
