file,m_A (Msun),m_B (Msun),e,apapse,m_P (Msun),l (rad),a (AU),t_stop (day),stability,delta_r
orbit_p0.2600.bin,1.0,0.11111111111111112,0.3,False,0.028637827019079756,0.0,0.26,3465131.189399222,ST,0.07191615369492059
orbit_p0.2700.bin,1.0,0.11111111111111112,0.3,False,0.028637827019079756,0.0,0.27,3465131.189399222,ST,0.09559589844596456
orbit_p0.2800.bin,1.0,0.11111111111111112,0.3,False,0.028637827019079756,0.0,0.28,3465131.189399222,ST,0.07027233968837009
orbit_p0.2900.bin,1.0,0.11111111111111112,0.3,False,0.028637827019079756,0.0,0.29,3465131.189399222,ST,0.08032312691682163
orbit_p0.3000.bin,1.0,0.11111111111111112,0.3,False,0.028637827019079756,0.0,0.3,579620.9754146789,CA,
