file,m_A (Msun),m_B (Msun),e,apapse,m_P (Msun),l (rad),a (AU),t_stop (day),stability,delta_r
orbit_p0.17.bin,1.0,0.4285714285714286,0.4,False,0.0,0.0,0.17,3055958.462454599,ST,0.06742948632513193
orbit_p0.18.bin,1.0,0.4285714285714286,0.4,False,0.0,0.0,0.18,3055958.462454599,ST,0.0711577136278092
orbit_p0.19.bin,1.0,0.4285714285714286,0.4,False,0.0,0.0,0.19,2009899.852951443,CA,
orbit_p0.20.bin,1.0,0.4285714285714286,0.4,False,0.0,0.0,0.2,500312.6897295898,CA,
