file,m_A (Msun),m_B (Msun),e,apapse,m_P (Msun),l (rad),a (AU),t_stop (day),stability,delta_r
orbit_p0.0700.bin,1.0,9.0,0.3,False,0.028637827019079756,4.712388980384691,0.06999999999999999,1155043.7297997407,ST,0.03210887822394701
orbit_p0.0800.bin,1.0,9.0,0.3,False,0.028637827019079756,4.712388980384691,0.08,1155043.7297997407,ST,0.052326881479686504
orbit_p0.0900.bin,1.0,9.0,0.3,False,0.028637827019079756,4.712388980384691,0.09,1155043.7297997407,ST,0.09657188807625791
orbit_p0.1000.bin,1.0,9.0,0.3,False,0.028637827019079756,4.712388980384691,0.1,1050.5446484966208,CA,
orbit_p0.1100.bin,1.0,9.0,0.3,False,0.028637827019079756,4.712388980384691,0.11,840.6967311560121,CA,
