file,m_A (Msun),m_B (Msun),e,apapse,m_P (Msun),l (rad),a (AU),t_stop (day),stability,delta_r
orbit_a0.0700.bin,1.0,9.0,0.3,True,0.028637827019079756,4.712388980384691,0.06999999999999999,1155043.7297997407,ST,0.019340724120826883
orbit_a0.0800.bin,1.0,9.0,0.3,True,0.028637827019079756,4.712388980384691,0.08,1155043.7297997407,ST,0.022417064454043418
orbit_a0.0900.bin,1.0,9.0,0.3,True,0.028637827019079756,4.712388980384691,0.09,1155043.7297997407,ST,0.027624976878959807
orbit_a0.1000.bin,1.0,9.0,0.3,True,0.028637827019079756,4.712388980384691,0.1,1155043.7297997407,ST,0.03741153145112649
orbit_a0.1100.bin,1.0,9.0,0.3,True,0.028637827019079756,4.712388980384691,0.11,8312.418652756522,CB,
