file,m_A (Msun),m_B (Msun),e,apapse,m_P (Msun),l (rad),a (AU),t_stop (day),stability,delta_r
orbit_a0.1000.bin,1.0,1.0,0.5,True,0.000954594233969325,4.712388980384691,0.1,2582756.29681712,ST,0.047313170558232566
orbit_a0.1100.bin,1.0,1.0,0.5,True,0.000954594233969325,4.712388980384691,0.11,2582756.29681712,ST,0.049026115665691865
orbit_a0.1200.bin,1.0,1.0,0.5,True,0.000954594233969325,4.712388980384691,0.12,2582756.29681712,ST,0.05266420538611208
orbit_a0.1300.bin,1.0,1.0,0.5,True,0.000954594233969325,4.712388980384691,0.13,2582756.29681712,ST,0.05829322637396545
orbit_a0.1400.bin,1.0,1.0,0.5,True,0.000954594233969325,4.712388980384691,0.14,4804.298940962278,CA,
