file,m_A (Msun),m_B (Msun),e,apapse,m_P (Msun),l (rad),a (AU),t_stop (day),stability,delta_r
orbit_a0.3200.bin,1.0,0.11111111111111112,0.2,True,0.028637827019079756,1.5707963267948966,0.32,3465131.189399222,ST,0.02580576114757353
orbit_a0.3300.bin,1.0,0.11111111111111112,0.2,True,0.028637827019079756,1.5707963267948966,0.33,376162.9628304366,CA,
orbit_a0.3400.bin,1.0,0.11111111111111112,0.2,True,0.028637827019079756,1.5707963267948966,0.34,238649.0249032939,CA,
orbit_a0.3500.bin,1.0,0.11111111111111112,0.2,True,0.028637827019079756,1.5707963267948966,0.35,271177.74857330124,CA,
orbit_a0.3600.bin,1.0,0.11111111111111112,0.2,True,0.028637827019079756,1.5707963267948966,0.36,395696.56886653963,CA,
