file,m_A (Msun),m_B (Msun),e,apapse,m_P (Msun),l (rad),a (AU),t_stop (day),stability,delta_r
orbit_p0.3200.bin,1.0,0.11111111111111112,0.2,False,0.028637827019079756,1.5707963267948966,0.32,3465131.189399222,ST,0.056762577971583725
orbit_p0.3300.bin,1.0,0.11111111111111112,0.2,False,0.028637827019079756,1.5707963267948966,0.33,182141.83157187208,CA,
orbit_p0.3400.bin,1.0,0.11111111111111112,0.2,False,0.028637827019079756,1.5707963267948966,0.34,3465131.189399222,ST,0.045414598206314015
orbit_p0.3500.bin,1.0,0.11111111111111112,0.2,False,0.028637827019079756,1.5707963267948966,0.35,256870.9995811766,CA,
orbit_p0.3600.bin,1.0,0.11111111111111112,0.2,False,0.028637827019079756,1.5707963267948966,0.36,116678.13489096386,CA,
