file,m_A (Msun),m_B (Msun),e,apapse,m_P (Msun),l (rad),a (AU),t_stop (day),stability,delta_r
orbit_p0.2200.bin,1.0,1.4999999999999998,0.0,False,0.0,4.712388980384691,0.22,2310087.4595994814,ST,0.09704598054727437
orbit_p0.2300.bin,1.0,1.4999999999999998,0.0,False,0.0,4.712388980384691,0.23,2310087.4595994814,ST,0.1528787410476355
orbit_p0.2400.bin,1.0,1.4999999999999998,0.0,False,0.0,4.712388980384691,0.24,378.99747732964806,CB,
orbit_p0.2500.bin,1.0,1.4999999999999998,0.0,False,0.0,4.712388980384691,0.25,650.567725664363,CA,
