file,m_A (Msun),m_B (Msun),e,apapse,m_P (Msun),l (rad),a (AU),t_stop (day),stability,delta_r
orbit_p0.0400.bin,1.0,4.0,0.7,False,0.0,0.0,0.04,1633478.507816798,ST,0.04896996934892462
orbit_p0.0450.bin,1.0,4.0,0.7,False,0.0,0.0,0.045,1633478.507816798,ST,0.06001885197156227
orbit_p0.0500.bin,1.0,4.0,0.7,False,0.0,0.0,0.05,1226577.7268263742,CA,
orbit_p0.0550.bin,1.0,4.0,0.7,False,0.0,0.0,0.055,153379.07187427493,CA,
