file,m_A (Msun),m_B (Msun),e,apapse,m_P (Msun),l (rad),a (AU),t_stop (day),stability,delta_r
orbit_p0.0500.bin,1.0,2.333333333333333,0.6,False,0.028637827019079756,3.1415926535897927,0.05,2000594.4249770087,ST,0.0306655050095009
orbit_p0.0600.bin,1.0,2.333333333333333,0.6,False,0.028637827019079756,3.1415926535897927,0.06000000000000001,2000594.4249770087,ST,0.03110787709339668
orbit_p0.0700.bin,1.0,2.333333333333333,0.6,False,0.028637827019079756,3.1415926535897927,0.07,2000594.4249770087,ST,0.030437494424873368
orbit_p0.0800.bin,1.0,2.333333333333333,0.6,False,0.028637827019079756,3.1415926535897927,0.08,2000594.4249770087,ST,0.03334160941191826
orbit_p0.0900.bin,1.0,2.333333333333333,0.6,False,0.028637827019079756,3.1415926535897927,0.09000000000000001,48629.763537891835,CA,
