file,m_A (Msun),m_B (Msun),e,apapse,m_P (Msun),l (rad),a (AU),t_stop (day),stability,delta_r
orbit_a0.09.bin,1.0,9.000000000000002,0.2,True,0.0,0.0,0.09,1155043.7297997407,ST,0.024108881055714362
orbit_a0.10.bin,1.0,9.000000000000002,0.2,True,0.0,0.0,0.1,1155043.7297997407,ST,0.032521607293075495
orbit_a0.11.bin,1.0,9.000000000000002,0.2,True,0.0,0.0,0.11,1155043.7297997407,ST,0.03696540027966861
orbit_a0.12.bin,1.0,9.000000000000002,0.2,True,0.0,0.0,0.12,25661.749382433536,EJ,
