file,m_A (Msun),m_B (Msun),e,apapse,m_P (Msun),l (rad),a (AU),t_stop (day),stability,delta_r
orbit_p0.1600.bin,1.0,2.333333333333333,0.1,False,0.028637827019079756,3.1415926535897927,0.16,2000594.4249770087,ST,0.025544454848276638
orbit_p0.1700.bin,1.0,2.333333333333333,0.1,False,0.028637827019079756,3.1415926535897927,0.16999999999999998,2000594.4249770087,ST,0.03397963086709372
orbit_p0.1800.bin,1.0,2.333333333333333,0.1,False,0.028637827019079756,3.1415926535897927,0.18,2000594.4249770087,ST,0.04089683050451692
orbit_p0.1900.bin,1.0,2.333333333333333,0.1,False,0.028637827019079756,3.1415926535897927,0.19,2000594.4249770087,ST,0.047358645634188214
orbit_p0.2000.bin,1.0,2.333333333333333,0.1,False,0.028637827019079756,3.1415926535897927,0.2,2000594.4249770087,ST,0.059606651212238446
