file,m_A (Msun),m_B (Msun),e,apapse,m_P (Msun),l (rad),a (AU),t_stop (day),stability,delta_r
orbit_a0.09.bin,1.0,9.000000000000002,0.2,True,0.0,1.5707963267948966,0.09,1155043.7297997407,ST,0.023869547398438367
orbit_a0.10.bin,1.0,9.000000000000002,0.2,True,0.0,1.5707963267948966,0.1,1155043.7297997407,ST,0.033414978285970405
orbit_a0.11.bin,1.0,9.000000000000002,0.2,True,0.0,1.5707963267948966,0.11,28938.36778269118,EJ,
orbit_a0.12.bin,1.0,9.000000000000002,0.2,True,0.0,1.5707963267948966,0.12,655.042560115763,CA,
