file,m_A (Msun),m_B (Msun),e,apapse,m_P (Msun),l (rad),a (AU),t_stop (day),stability,delta_r
orbit_p0.09.bin,1.0,9.000000000000002,0.2,False,0.0,1.5707963267948966,0.09,1155043.7297997407,ST,0.0530268904645327
orbit_p0.10.bin,1.0,9.000000000000002,0.2,False,0.0,1.5707963267948966,0.1,1155043.7297997407,ST,0.09288286870576827
orbit_p0.11.bin,1.0,9.000000000000002,0.2,False,0.0,1.5707963267948966,0.11,2233.0660834534287,CA,
orbit_p0.12.bin,1.0,9.000000000000002,0.2,False,0.0,1.5707963267948966,0.12,20323.839834569964,CA,
