file,m_A (Msun),m_B (Msun),e,apapse,m_P (Msun),l (rad),a (AU),t_stop (day),stability,delta_r
orbit_a0.1200.bin,1.0,0.4285714285714286,0.5,True,0.028637827019079756,1.5707963267948966,0.12,3055958.462454599,ST,0.058627323180735595
orbit_a0.1300.bin,1.0,0.4285714285714286,0.5,True,0.028637827019079756,1.5707963267948966,0.13,3055958.462454599,ST,0.06770779285997397
orbit_a0.1400.bin,1.0,0.4285714285714286,0.5,True,0.028637827019079756,1.5707963267948966,0.14,3055958.462454599,ST,0.06122358068224301
orbit_a0.1500.bin,1.0,0.4285714285714286,0.5,True,0.028637827019079756,1.5707963267948966,0.15000000000000002,3055958.462454599,ST,0.05872232831130097
orbit_a0.1600.bin,1.0,0.4285714285714286,0.5,True,0.028637827019079756,1.5707963267948966,0.16,247003.25101757923,CA,
