file,m_A (Msun),m_B (Msun),e,apapse,m_P (Msun),l (rad),a (AU),t_stop (day),stability,delta_r
orbit_p0.1200.bin,1.0,0.4285714285714286,0.5,False,0.028637827019079756,1.5707963267948966,0.12,3055958.462454599,ST,0.06348517548400824
orbit_p0.1300.bin,1.0,0.4285714285714286,0.5,False,0.028637827019079756,1.5707963267948966,0.13,3055958.462454599,ST,0.06930591656035956
orbit_p0.1400.bin,1.0,0.4285714285714286,0.5,False,0.028637827019079756,1.5707963267948966,0.14,3055958.462454599,ST,0.06348505027563449
orbit_p0.1500.bin,1.0,0.4285714285714286,0.5,False,0.028637827019079756,1.5707963267948966,0.15000000000000002,286960.36281423026,CA,
orbit_p0.1600.bin,1.0,0.4285714285714286,0.5,False,0.028637827019079756,1.5707963267948966,0.16,97585.09697201986,CA,
