file,m_A (Msun),m_B (Msun),e,apapse,m_P (Msun),l (rad),a (AU),t_stop (day),stability,delta_r
orbit_p0.08.bin,1.0,1.0,0.6,False,0.0,0.0,0.08,2582756.29681712,ST,0.06403347781373951
orbit_p0.09.bin,1.0,1.0,0.6,False,0.0,0.0,0.09,2582756.29681712,ST,0.07153678619050359
orbit_p0.10.bin,1.0,1.0,0.6,False,0.0,0.0,0.1,1283108.5541783841,CA,
orbit_p0.11.bin,1.0,1.0,0.6,False,0.0,0.0,0.11,223174.1782678017,CA,
