file,m_A (Msun),m_B (Msun),e,apapse,m_P (Msun),l (rad),a (AU),t_stop (day),stability,delta_r
orbit_a0.3200.bin,1.0,0.11111111111111112,0.2,True,0.000954594233969325,4.712388980384691,0.32,3465131.189399222,ST,0.027021672405635088
orbit_a0.3300.bin,1.0,0.11111111111111112,0.2,True,0.000954594233969325,4.712388980384691,0.33,202358.95544681378,CA,
orbit_a0.3400.bin,1.0,0.11111111111111112,0.2,True,0.000954594233969325,4.712388980384691,0.34,265775.72126777226,CA,
orbit_a0.3500.bin,1.0,0.11111111111111112,0.2,True,0.000954594233969325,4.712388980384691,0.35000000000000003,3465131.189399222,ST,0.05207700903056055
orbit_a0.3600.bin,1.0,0.11111111111111112,0.2,True,0.000954594233969325,4.712388980384691,0.36000000000000004,3465131.189399222,ST,0.04535418716609365
