file,m_A (Msun),m_B (Msun),e,apapse,m_P (Msun),l (rad),a (AU),t_stop (day),stability,delta_r
orbit_p0.3200.bin,1.0,0.11111111111111112,0.2,False,0.000954594233969325,4.712388980384691,0.32,3465131.189399222,ST,0.056157779153787925
orbit_p0.3300.bin,1.0,0.11111111111111112,0.2,False,0.000954594233969325,4.712388980384691,0.33,79639.79791768857,CA,
orbit_p0.3400.bin,1.0,0.11111111111111112,0.2,False,0.000954594233969325,4.712388980384691,0.34,3465131.189399222,ST,0.04817397403781282
orbit_p0.3500.bin,1.0,0.11111111111111112,0.2,False,0.000954594233969325,4.712388980384691,0.35000000000000003,3465131.189399222,ST,0.06360950799665023
orbit_p0.3600.bin,1.0,0.11111111111111112,0.2,False,0.000954594233969325,4.712388980384691,0.36000000000000004,1345324.262117053,CA,
