file,m_A (Msun),m_B (Msun),e,apapse,m_P (Msun),l (rad),a (AU),t_stop (day),stability,delta_r
orbit_a0.0500.bin,1.0,9.0,0.4,True,0.000954594233969325,0.0,0.05,1155043.7297997407,ST,0.0189471964962852
orbit_a0.0600.bin,1.0,9.0,0.4,True,0.000954594233969325,0.0,0.06000000000000001,1155043.7297997407,ST,0.023039237967419295
orbit_a0.0700.bin,1.0,9.0,0.4,True,0.000954594233969325,0.0,0.07,1155043.7297997407,ST,0.024413640408652165
orbit_a0.0800.bin,1.0,9.0,0.4,True,0.000954594233969325,0.0,0.08,1155043.7297997407,ST,0.0397134976487012
orbit_a0.0900.bin,1.0,9.0,0.4,True,0.000954594233969325,0.0,0.09000000000000001,36922.868753400304,CA,
