file,m_A (Msun),m_B (Msun),e,apapse,m_P (Msun),l (rad),a (AU),t_stop (day),stability,delta_r
orbit_a0.2200.bin,1.0,0.25,0.3,True,0.000954594233969325,0.0,0.22,3266957.015633596,ST,0.05485786632115269
orbit_a0.2300.bin,1.0,0.25,0.3,True,0.000954594233969325,0.0,0.23,3266957.015633596,ST,0.051160620178182424
orbit_a0.2400.bin,1.0,0.25,0.3,True,0.000954594233969325,0.0,0.24,3266957.015633596,ST,0.03923122329491875
orbit_a0.2500.bin,1.0,0.25,0.3,True,0.000954594233969325,0.0,0.25,3266957.015633596,ST,0.024589938342381885
orbit_a0.2600.bin,1.0,0.25,0.3,True,0.000954594233969325,0.0,0.26,297894.9785397205,CA,
